0	00:04:09.239	Expert MT4PredictServer AUDCAD,H1: loaded successfully
0	00:04:09.239	MT4PredictServer AUDCAD,H1 inputs: RiskPerTrade=2.0; ATRMultiplier=2.5; ATRPeriod=14; MaxDailyLossPct=5.0; MaxEquityDrawdown=20.0; MinFreeMarginPct=100.0; MaxOpenTrades=10; MinLot=0.01; MaxLot=5.0; side=2; market_types=2; 
0	00:04:10.238	Expert MT4PredictServer AUDCAD,H1: loaded successfully
0	00:04:11.762	MT4PredictServer AUDCAD,H1: ?? RiskManager reset — new day started (Balance: 0.32)
0	00:04:11.762	MT4PredictServer AUDCAD,H1: ?? Multi-Symbol Predict EA starting...
0	00:04:12.741	Expert MT4PredictServer AUDCAD,H1: removed
0	00:04:13.789	MT4PredictServer AUDCAD,H1: ?? Handshake reply: {"status":"error","reason":"Connection failed (10061)"}
0	00:04:13.789	MT4PredictServer AUDCAD,H1: ?? Server handshake failed.
0	00:04:13.799	MT4PredictServer AUDCAD,H1: initialized
0	00:04:21.045	MT4PredictServer AUDCAD,H1: ?? Handshake reply: {"status":"error","reason":"Connection failed (10061)"}
0	00:04:21.045	MT4PredictServer AUDCAD,H1: ?? Server handshake failed.
0	00:04:25.835	MT4PredictServer AUDCAD,H1: ?? Handshake reply: {"status":"error","reason":"Connection failed (10061)"}
0	00:04:25.835	MT4PredictServer AUDCAD,H1: ?? Server handshake failed.
0	00:04:30.835	MT4PredictServer AUDCAD,H1: ?? Handshake reply: {"status":"error","reason":"Connection failed (10061)"}
0	00:04:30.835	MT4PredictServer AUDCAD,H1: ?? Server handshake failed.
0	00:04:35.837	MT4PredictServer AUDCAD,H1: ?? Handshake reply: {"status":"error","reason":"Connection failed (10061)"}
0	00:04:35.837	MT4PredictServer AUDCAD,H1: ?? Server handshake failed.
0	00:04:40.827	MT4PredictServer AUDCAD,H1: ?? Handshake reply: {"status":"error","reason":"Connection failed (10061)"}
0	00:04:40.827	MT4PredictServer AUDCAD,H1: ?? Server handshake failed.
0	00:04:45.836	MT4PredictServer AUDCAD,H1: ?? Handshake reply: {"status":"error","reason":"Connection failed (10061)"}
0	00:04:45.836	MT4PredictServer AUDCAD,H1: ?? Server handshake failed.
0	00:04:50.843	MT4PredictServer AUDCAD,H1: ?? Handshake reply: {"status":"error","reason":"Connection failed (10061)"}
0	00:04:50.843	MT4PredictServer AUDCAD,H1: ?? Server handshake failed.
0	00:04:53.654	MT4PredictServer AUDCAD,H1: uninit reason 1
0	00:04:53.654	MT4PredictServer AUDCAD,H1: ?? EA stopped.
0	00:04:53.715	Expert MT4PredictServer AUDCAD,H1: removed
0	00:05:07.200	Expert MT4PredictServer AUDCAD,H1: loaded successfully
0	00:05:09.396	MT4PredictServer AUDCAD,H1 inputs: RiskPerTrade=2.0; ATRMultiplier=2.5; ATRPeriod=14; MaxDailyLossPct=5.0; MaxEquityDrawdown=20.0; MinFreeMarginPct=100.0; MaxOpenTrades=10; MinLot=0.01; MaxLot=5.0; side=2; market_types=2; 
0	00:05:09.433	MT4PredictServer AUDCAD,H1: ?? RiskManager reset — new day started (Balance: 0.32)
0	00:05:09.433	MT4PredictServer AUDCAD,H1: ?? Multi-Symbol Predict EA starting...
0	00:05:11.468	MT4PredictServer AUDCAD,H1: ?? Handshake reply: {"status":"error","reason":"Connection failed (10061)"}
0	00:05:11.468	MT4PredictServer AUDCAD,H1: ?? Server handshake failed.
0	00:05:11.468	MT4PredictServer AUDCAD,H1: initialized
0	00:05:18.501	MT4PredictServer AUDCAD,H1: ?? Handshake reply: {"status":"error","reason":"Connection failed (10061)"}
0	00:05:18.501	MT4PredictServer AUDCAD,H1: ?? Server handshake failed.
0	00:05:23.546	MT4PredictServer AUDCAD,H1: ?? Handshake reply: {"status":"error","reason":"Connection failed (10061)"}
0	00:05:23.546	MT4PredictServer AUDCAD,H1: ?? Server handshake failed.
0	00:05:28.496	MT4PredictServer AUDCAD,H1: ?? Handshake reply: {"status":"error","reason":"Connection failed (10061)"}
0	00:05:28.496	MT4PredictServer AUDCAD,H1: ?? Server handshake failed.
0	00:05:33.567	MT4PredictServer AUDCAD,H1: ?? Handshake reply: {"status":"error","reason":"Connection failed (10061)"}
0	00:05:33.567	MT4PredictServer AUDCAD,H1: ?? Server handshake failed.
0	00:05:38.532	MT4PredictServer AUDCAD,H1: ?? Handshake reply: {"status":"error","reason":"Connection failed (10061)"}
0	00:05:38.532	MT4PredictServer AUDCAD,H1: ?? Server handshake failed.
0	00:05:43.529	MT4PredictServer AUDCAD,H1: ?? Handshake reply: {"status":"error","reason":"Connection failed (10061)"}
0	00:05:43.529	MT4PredictServer AUDCAD,H1: ?? Server handshake failed.
0	00:05:48.544	MT4PredictServer AUDCAD,H1: ?? Handshake reply: {"status":"error","reason":"Connection failed (10061)"}
0	00:05:48.544	MT4PredictServer AUDCAD,H1: ?? Server handshake failed.
0	00:05:53.525	MT4PredictServer AUDCAD,H1: ?? Handshake reply: {"status":"error","reason":"Connection failed (10061)"}
0	00:05:53.525	MT4PredictServer AUDCAD,H1: ?? Server handshake failed.
0	00:05:58.537	MT4PredictServer AUDCAD,H1: ?? Handshake reply: {"status":"error","reason":"Connection failed (10061)"}
0	00:05:58.537	MT4PredictServer AUDCAD,H1: ?? Server handshake failed.
0	00:06:03.558	MT4PredictServer AUDCAD,H1: ?? Handshake reply: {"status":"error","reason":"Connection failed (10061)"}
0	00:06:03.558	MT4PredictServer AUDCAD,H1: ?? Server handshake failed.
0	00:06:06.521	MT4PredictServer AUDCAD,H1: ?? Handshake reply: {"type": "pong", "status": "ready", "timestamp": 1760414766.5218089}

0	00:06:06.521	MT4PredictServer AUDCAD,H1: ? Server handshake successful!
0	00:35:21.411	MT4PredictServer AUDCAD,H1: uninit reason 1
0	00:35:21.411	MT4PredictServer AUDCAD,H1: ?? EA stopped.
0	00:35:21.427	Expert MT4PredictServer AUDCAD,H1: removed
0	00:35:23.284	Expert MT4PredictServer AUDCAD,H1: loaded successfully
0	00:35:24.863	MT4PredictServer AUDCAD,H1 inputs: RiskPerTrade=2.0; ATRMultiplier=2.5; ATRPeriod=14; MaxDailyLossPct=5.0; MaxEquityDrawdown=20.0; MinFreeMarginPct=100.0; MaxOpenTrades=10; MinLot=0.01; MaxLot=5.0; side=2; market_types=2; 
0	00:35:24.896	MT4PredictServer AUDCAD,H1: ?? RiskManager reset — new day started (Balance: 0.32)
0	00:35:24.896	MT4PredictServer AUDCAD,H1: ?? Multi-Symbol Predict EA starting...
0	00:35:24.908	MT4PredictServer AUDCAD,H1: ?? Handshake reply: {"type": "pong", "status": "ready", "timestamp": 1760416524.9157386}

0	00:35:24.908	MT4PredictServer AUDCAD,H1: ? Server handshake successful!
0	00:35:24.908	MT4PredictServer AUDCAD,H1: initialized
0	01:10:40.013	MT4PredictServer AUDCAD,H1: uninit reason 1
0	01:10:40.013	MT4PredictServer AUDCAD,H1: ?? EA stopped.
0	01:10:40.020	Expert MT4PredictServer AUDCAD,H1: removed
0	01:10:42.165	Expert MT4PredictServer AUDCAD,H1: loaded successfully
0	01:10:43.817	MT4PredictServer AUDCAD,H1 inputs: RiskPerTrade=2.0; ATRMultiplier=2.5; ATRPeriod=14; MaxDailyLossPct=5.0; MaxEquityDrawdown=20.0; MinFreeMarginPct=100.0; MaxOpenTrades=10; MinLot=0.01; MaxLot=5.0; side=2; market_types=2; 
0	01:10:43.853	MT4PredictServer AUDCAD,H1: ?? RiskManager reset — new day started (Balance: 0.32)
0	01:10:43.853	MT4PredictServer AUDCAD,H1: ?? Multi-Symbol Predict EA starting...
0	01:10:43.864	MT4PredictServer AUDCAD,H1: ?? Handshake reply: {"type": "pong", "status": "ready", "timestamp": 1760418643.8646748}

0	01:10:43.864	MT4PredictServer AUDCAD,H1: ? Server handshake successful!
0	01:10:43.864	MT4PredictServer AUDCAD,H1: initialized
0	01:18:01.805	MT4PredictServer AUDCAD,H1: uninit reason 1
0	01:18:01.805	MT4PredictServer AUDCAD,H1: ?? EA stopped.
0	01:18:01.818	Expert MT4PredictServer AUDCAD,H1: removed
0	01:18:04.108	Expert MT4PredictServer AUDCAD,H1: loaded successfully
0	01:18:05.880	MT4PredictServer AUDCAD,H1 inputs: RiskPerTrade=2.0; ATRMultiplier=2.5; ATRPeriod=14; MaxDailyLossPct=5.0; MaxEquityDrawdown=20.0; MinFreeMarginPct=100.0; MaxOpenTrades=10; MinLot=0.01; MaxLot=5.0; side=2; market_types=2; 
0	01:18:05.913	MT4PredictServer AUDCAD,H1: ?? RiskManager reset — new day started (Balance: 0.32)
0	01:18:05.913	MT4PredictServer AUDCAD,H1: ?? Multi-Symbol Predict EA starting...
0	01:18:05.924	MT4PredictServer AUDCAD,H1: ?? Handshake reply: {"type": "pong", "status": "ready", "timestamp": 1760419085.9265234}

0	01:18:05.924	MT4PredictServer AUDCAD,H1: ? Server handshake successful!
0	01:18:05.924	MT4PredictServer AUDCAD,H1: initialized
2	01:50:50.192	MT4PredictServer AUDCAD,H1: open #163514729 sell stop 0.01 EURUSD at 1.15813 sl: 1.16082 tp: 1.15411 ok
0	01:50:50.192	MT4PredictServer AUDCAD,H1: ? ORDER_TYPE_SELL EURUSD SELL executed @ 1.15858 | SL 1.16082 | TP 1.15411
2	01:50:50.396	MT4PredictServer AUDCAD,H1: open #163514730 sell stop 0.01 GBPUSD at 1.33403 sl: 1.33685 tp: 1.32981 ok
0	01:50:50.396	MT4PredictServer AUDCAD,H1: ? ORDER_TYPE_SELL GBPUSD SELL executed @ 1.33450 | SL 1.33685 | TP 1.32981
2	01:50:50.984	MT4PredictServer AUDCAD,H1: open #163514731 buy stop 0.01 USDJPY at 151.852 sl: 151.337 tp: 152.624 ok
0	01:50:50.984	MT4PredictServer AUDCAD,H1: ? ORDER_TYPE_BUY USDJPY BUY executed @ 151.76600 | SL 151.33707 | TP 152.62386
2	01:50:51.279	MT4PredictServer AUDCAD,H1: open #163514732 sell stop 0.01 AUDCAD at 0.90769 sl: 0.91153 tp: 0.90194 ok
0	01:50:51.279	MT4PredictServer AUDCAD,H1: ? ORDER_TYPE_SELL AUDCAD SELL executed @ 0.90833 | SL 0.91153 | TP 0.90194
2	01:50:52.779	MT4PredictServer AUDCAD,H1: open #163514734 sell stop 0.01 EURUSD at 1.15806 sl: 1.16075 tp: 1.15404 ok
0	01:50:52.779	MT4PredictServer AUDCAD,H1: ? ORDER_TYPE_SELL EURUSD SELL executed @ 1.15851 | SL 1.16075 | TP 1.15404
2	01:50:53.046	MT4PredictServer AUDCAD,H1: open #163514735 sell stop 0.01 GBPUSD at 1.33396 sl: 1.33678 tp: 1.32974 ok
0	01:50:53.046	MT4PredictServer AUDCAD,H1: ? ORDER_TYPE_SELL GBPUSD SELL executed @ 1.33443 | SL 1.33678 | TP 1.32974
2	01:50:53.519	MT4PredictServer AUDCAD,H1: open #163514736 buy stop 0.01 USDJPY at 151.856 sl: 151.341 tp: 152.628 ok
0	01:50:53.519	MT4PredictServer AUDCAD,H1: ? ORDER_TYPE_BUY USDJPY BUY executed @ 151.77000 | SL 151.34107 | TP 152.62786
2	01:50:53.919	MT4PredictServer AUDCAD,H1: open #163514737 sell stop 0.01 AUDCAD at 0.90765 sl: 0.91149 tp: 0.90190 ok
0	01:50:53.919	MT4PredictServer AUDCAD,H1: ? ORDER_TYPE_SELL AUDCAD SELL executed @ 0.90829 | SL 0.91149 | TP 0.90190
2	01:50:57.735	MT4PredictServer AUDCAD,H1: open #163514738 sell stop 0.01 EURUSD at 1.15798 sl: 1.16067 tp: 1.15396 ok
0	01:50:57.735	MT4PredictServer AUDCAD,H1: ? ORDER_TYPE_SELL EURUSD SELL executed @ 1.15843 | SL 1.16067 | TP 1.15396
2	01:50:57.983	MT4PredictServer AUDCAD,H1: open #163514739 sell stop 0.01 GBPUSD at 1.33385 sl: 1.33667 tp: 1.32963 ok
0	01:50:57.983	MT4PredictServer AUDCAD,H1: ? ORDER_TYPE_SELL GBPUSD SELL executed @ 1.33432 | SL 1.33667 | TP 1.32963
0	01:50:58.144	MT4PredictServer AUDCAD,H1: ?? Max open trades reached (10 = 10)
0	01:50:58.319	MT4PredictServer AUDCAD,H1: ?? Max open trades reached (10 = 10)
0	01:51:02.724	MT4PredictServer AUDCAD,H1: ?? Max open trades reached (10 = 10)
0	01:51:02.926	MT4PredictServer AUDCAD,H1: ?? Max open trades reached (10 = 10)
0	01:51:03.112	MT4PredictServer AUDCAD,H1: ?? Max open trades reached (10 = 10)
0	01:51:03.312	MT4PredictServer AUDCAD,H1: ?? Max open trades reached (10 = 10)
0	01:51:07.714	MT4PredictServer AUDCAD,H1: ?? Max open trades reached (10 = 10)
0	01:51:07.927	MT4PredictServer AUDCAD,H1: ?? Max open trades reached (10 = 10)
0	01:51:08.115	MT4PredictServer AUDCAD,H1: ?? Max open trades reached (10 = 10)
0	01:51:08.345	MT4PredictServer AUDCAD,H1: ?? Max open trades reached (10 = 10)
0	01:51:12.795	MT4PredictServer AUDCAD,H1: ?? Max open trades reached (10 = 10)
0	01:51:13.020	MT4PredictServer AUDCAD,H1: ?? Max open trades reached (10 = 10)
0	01:51:13.259	MT4PredictServer AUDCAD,H1: ?? Max open trades reached (10 = 10)
0	01:51:13.502	MT4PredictServer AUDCAD,H1: ?? Max open trades reached (10 = 10)
0	01:51:17.767	MT4PredictServer AUDCAD,H1: ?? Max open trades reached (10 = 10)
0	01:51:18.002	MT4PredictServer AUDCAD,H1: ?? Max open trades reached (10 = 10)
0	01:51:18.533	MT4PredictServer AUDCAD,H1: ?? Max open trades reached (10 = 10)
0	01:51:19.189	MT4PredictServer AUDCAD,H1: ?? Max open trades reached (10 = 10)
0	01:51:24.056	MT4PredictServer AUDCAD,H1: ?? Max open trades reached (10 = 10)
2	01:51:24.780	MT4PredictServer AUDCAD,H1: open #163514744 sell stop 0.01 GBPUSD at 1.33382 sl: 1.33664 tp: 1.32960 ok
0	01:51:24.780	MT4PredictServer AUDCAD,H1: ? ORDER_TYPE_SELL GBPUSD SELL executed @ 1.33429 | SL 1.33664 | TP 1.32960
0	01:51:25.208	MT4PredictServer AUDCAD,H1: ?? Max open trades reached (10 = 10)
0	01:51:25.476	MT4PredictServer AUDCAD,H1: ?? Max open trades reached (10 = 10)
0	01:51:27.802	MT4PredictServer AUDCAD,H1: ?? Max open trades reached (10 = 10)
0	01:51:28.016	MT4PredictServer AUDCAD,H1: ?? Max open trades reached (10 = 10)
2	01:51:28.375	MT4PredictServer AUDCAD,H1: open #163514745 buy stop 0.01 USDJPY at 151.855 sl: 151.340 tp: 152.627 ok
0	01:51:28.375	MT4PredictServer AUDCAD,H1: ? ORDER_TYPE_BUY USDJPY BUY executed @ 151.76900 | SL 151.34007 | TP 152.62686
2	01:51:28.796	MT4PredictServer AUDCAD,H1: open #163514746 sell stop 0.01 AUDCAD at 0.90776 sl: 0.91160 tp: 0.90201 ok
0	01:51:28.796	MT4PredictServer AUDCAD,H1: ? ORDER_TYPE_SELL AUDCAD SELL executed @ 0.90840 | SL 0.91160 | TP 0.90201
2	01:51:32.819	MT4PredictServer AUDCAD,H1: open #163514748 sell stop 0.01 EURUSD at 1.15807 sl: 1.16076 tp: 1.15405 ok
0	01:51:32.819	MT4PredictServer AUDCAD,H1: ? ORDER_TYPE_SELL EURUSD SELL executed @ 1.15852 | SL 1.16076 | TP 1.15405
0	01:51:33.102	MT4PredictServer AUDCAD,H1: ?? Max open trades reached (10 = 10)
0	01:51:33.585	MT4PredictServer AUDCAD,H1: ?? Max open trades reached (10 = 10)
0	01:51:33.881	MT4PredictServer AUDCAD,H1: ?? Max open trades reached (10 = 10)
2	01:51:37.870	MT4PredictServer AUDCAD,H1: open #163514750 sell stop 0.01 EURUSD at 1.15806 sl: 1.16075 tp: 1.15404 ok
0	01:51:37.870	MT4PredictServer AUDCAD,H1: ? ORDER_TYPE_SELL EURUSD SELL executed @ 1.15851 | SL 1.16075 | TP 1.15404
0	01:51:38.112	MT4PredictServer AUDCAD,H1: ?? Max open trades reached (10 = 10)
0	01:51:38.342	MT4PredictServer AUDCAD,H1: ?? Max open trades reached (10 = 10)
2	01:51:38.952	MT4PredictServer AUDCAD,H1: open #163514751 sell stop 0.01 AUDCAD at 0.90780 sl: 0.91164 tp: 0.90205 ok
0	01:51:38.952	MT4PredictServer AUDCAD,H1: ? ORDER_TYPE_SELL AUDCAD SELL executed @ 0.90844 | SL 0.91164 | TP 0.90205
2	01:51:42.900	MT4PredictServer AUDCAD,H1: open #163514752 sell stop 0.01 EURUSD at 1.15808 sl: 1.16077 tp: 1.15406 ok
0	01:51:42.900	MT4PredictServer AUDCAD,H1: ? ORDER_TYPE_SELL EURUSD SELL executed @ 1.15853 | SL 1.16077 | TP 1.15406
0	01:51:43.195	MT4PredictServer AUDCAD,H1: ?? Max open trades reached (10 = 10)
0	01:51:43.447	MT4PredictServer AUDCAD,H1: ?? Max open trades reached (10 = 10)
0	01:51:43.723	MT4PredictServer AUDCAD,H1: ?? Max open trades reached (10 = 10)
2	01:51:47.895	MT4PredictServer AUDCAD,H1: open #163514753 sell stop 0.01 EURUSD at 1.15808 sl: 1.16077 tp: 1.15406 ok
0	01:51:47.895	MT4PredictServer AUDCAD,H1: ? ORDER_TYPE_SELL EURUSD SELL executed @ 1.15853 | SL 1.16077 | TP 1.15406
2	01:51:48.256	MT4PredictServer AUDCAD,H1: open #163514754 sell stop 0.01 GBPUSD at 1.33391 sl: 1.33673 tp: 1.32969 ok
0	01:51:48.256	MT4PredictServer AUDCAD,H1: ? ORDER_TYPE_SELL GBPUSD SELL executed @ 1.33438 | SL 1.33673 | TP 1.32969
2	01:51:48.570	MT4PredictServer AUDCAD,H1: open #163514755 buy stop 0.01 USDJPY at 151.857 sl: 151.342 tp: 152.629 ok
0	01:51:48.570	MT4PredictServer AUDCAD,H1: ? ORDER_TYPE_BUY USDJPY BUY executed @ 151.77100 | SL 151.34207 | TP 152.62886
0	01:51:48.810	MT4PredictServer AUDCAD,H1: ?? Max open trades reached (10 = 10)
2	01:51:52.907	MT4PredictServer AUDCAD,H1: open #163514759 sell stop 0.01 EURUSD at 1.15799 sl: 1.16068 tp: 1.15397 ok
0	01:51:52.907	MT4PredictServer AUDCAD,H1: ? ORDER_TYPE_SELL EURUSD SELL executed @ 1.15844 | SL 1.16068 | TP 1.15397
0	01:51:53.171	MT4PredictServer AUDCAD,H1: ?? Max open trades reached (10 = 10)
0	01:51:53.512	MT4PredictServer AUDCAD,H1: ?? Max open trades reached (10 = 10)
0	01:51:55.316	MT4PredictServer AUDCAD,H1: ?? Max open trades reached (10 = 10)
0	01:51:57.782	MT4PredictServer AUDCAD,H1: ?? Max open trades reached (10 = 10)
0	01:51:58.046	MT4PredictServer AUDCAD,H1: ?? Max open trades reached (10 = 10)
0	01:51:58.304	MT4PredictServer AUDCAD,H1: ?? Max open trades reached (10 = 10)
0	01:51:58.635	MT4PredictServer AUDCAD,H1: ?? Max open trades reached (10 = 10)
0	01:52:02.864	MT4PredictServer AUDCAD,H1: ?? Max open trades reached (10 = 10)
0	01:52:03.130	MT4PredictServer AUDCAD,H1: ?? Max open trades reached (10 = 10)
0	01:52:03.398	MT4PredictServer AUDCAD,H1: ?? Max open trades reached (10 = 10)
2	01:52:03.716	MT4PredictServer AUDCAD,H1: open #163514760 sell stop 0.01 AUDCAD at 0.90782 sl: 0.91166 tp: 0.90207 ok
0	01:52:03.716	MT4PredictServer AUDCAD,H1: ? ORDER_TYPE_SELL AUDCAD SELL executed @ 0.90846 | SL 0.91166 | TP 0.90207
2	01:52:08.023	MT4PredictServer AUDCAD,H1: open #163514761 sell stop 0.01 EURUSD at 1.15799 sl: 1.16068 tp: 1.15397 ok
0	01:52:08.023	MT4PredictServer AUDCAD,H1: ? ORDER_TYPE_SELL EURUSD SELL executed @ 1.15844 | SL 1.16068 | TP 1.15397
0	01:52:08.395	MT4PredictServer AUDCAD,H1: ?? Max open trades reached (10 = 10)
0	01:52:08.710	MT4PredictServer AUDCAD,H1: ?? Max open trades reached (10 = 10)
0	01:52:09.141	MT4PredictServer AUDCAD,H1: ?? Max open trades reached (10 = 10)
2	01:52:12.949	MT4PredictServer AUDCAD,H1: open #163514764 sell stop 0.01 EURUSD at 1.15799 sl: 1.16068 tp: 1.15397 ok
0	01:52:12.949	MT4PredictServer AUDCAD,H1: ? ORDER_TYPE_SELL EURUSD SELL executed @ 1.15844 | SL 1.16068 | TP 1.15397
2	01:52:13.391	MT4PredictServer AUDCAD,H1: open #163514765 sell stop 0.01 GBPUSD at 1.33375 sl: 1.33658 tp: 1.32951 ok
0	01:52:13.391	MT4PredictServer AUDCAD,H1: ? ORDER_TYPE_SELL GBPUSD SELL executed @ 1.33422 | SL 1.33658 | TP 1.32951
2	01:52:14.093	MT4PredictServer AUDCAD,H1: open #163514766 buy stop 0.01 USDJPY at 151.863 sl: 151.348 tp: 152.635 ok
0	01:52:14.093	MT4PredictServer AUDCAD,H1: ? ORDER_TYPE_BUY USDJPY BUY executed @ 151.77700 | SL 151.34807 | TP 152.63486
2	01:52:14.705	MT4PredictServer AUDCAD,H1: open #163514767 sell stop 0.01 AUDCAD at 0.90796 sl: 0.91180 tp: 0.90221 ok
0	01:52:14.705	MT4PredictServer AUDCAD,H1: ? ORDER_TYPE_SELL AUDCAD SELL executed @ 0.90860 | SL 0.91180 | TP 0.90221
2	01:52:18.080	MT4PredictServer AUDCAD,H1: open #163514768 sell stop 0.01 EURUSD at 1.15799 sl: 1.16068 tp: 1.15397 ok
0	01:52:18.080	MT4PredictServer AUDCAD,H1: ? ORDER_TYPE_SELL EURUSD SELL executed @ 1.15844 | SL 1.16068 | TP 1.15397
2	01:52:18.439	MT4PredictServer AUDCAD,H1: open #163514769 sell stop 0.01 GBPUSD at 1.33379 sl: 1.33662 tp: 1.32955 ok
0	01:52:18.439	MT4PredictServer AUDCAD,H1: ? ORDER_TYPE_SELL GBPUSD SELL executed @ 1.33426 | SL 1.33662 | TP 1.32955
2	01:52:18.768	MT4PredictServer AUDCAD,H1: open #163514770 buy stop 0.01 USDJPY at 151.863 sl: 151.348 tp: 152.635 ok
0	01:52:18.768	MT4PredictServer AUDCAD,H1: ? ORDER_TYPE_BUY USDJPY BUY executed @ 151.77700 | SL 151.34807 | TP 152.63486
2	01:52:19.125	MT4PredictServer AUDCAD,H1: open #163514771 sell stop 0.01 AUDCAD at 0.90801 sl: 0.91185 tp: 0.90226 ok
0	01:52:19.125	MT4PredictServer AUDCAD,H1: ? ORDER_TYPE_SELL AUDCAD SELL executed @ 0.90865 | SL 0.91185 | TP 0.90226
2	01:52:22.963	MT4PredictServer AUDCAD,H1: open #163514777 sell stop 0.01 EURUSD at 1.15797 sl: 1.16066 tp: 1.15395 ok
0	01:52:22.963	MT4PredictServer AUDCAD,H1: ? ORDER_TYPE_SELL EURUSD SELL executed @ 1.15842 | SL 1.16066 | TP 1.15395
2	01:52:23.380	MT4PredictServer AUDCAD,H1: open #163514778 sell stop 0.01 GBPUSD at 1.33378 sl: 1.33661 tp: 1.32954 ok
0	01:52:23.380	MT4PredictServer AUDCAD,H1: ? ORDER_TYPE_SELL GBPUSD SELL executed @ 1.33425 | SL 1.33661 | TP 1.32954
2	01:52:23.835	MT4PredictServer AUDCAD,H1: open #163514779 buy stop 0.01 USDJPY at 151.865 sl: 151.350 tp: 152.637 ok
0	01:52:23.835	MT4PredictServer AUDCAD,H1: ? ORDER_TYPE_BUY USDJPY BUY executed @ 151.77900 | SL 151.35007 | TP 152.63686
2	01:52:24.352	MT4PredictServer AUDCAD,H1: open #163514780 sell stop 0.01 AUDCAD at 0.90804 sl: 0.91188 tp: 0.90229 ok
0	01:52:24.352	MT4PredictServer AUDCAD,H1: ? ORDER_TYPE_SELL AUDCAD SELL executed @ 0.90868 | SL 0.91188 | TP 0.90229
2	01:52:27.935	MT4PredictServer AUDCAD,H1: open #163514782 sell stop 0.01 EURUSD at 1.15796 sl: 1.16065 tp: 1.15394 ok
0	01:52:27.935	MT4PredictServer AUDCAD,H1: ? ORDER_TYPE_SELL EURUSD SELL executed @ 1.15841 | SL 1.16065 | TP 1.15394
2	01:52:28.263	MT4PredictServer AUDCAD,H1: open #163514783 sell stop 0.01 GBPUSD at 1.33376 sl: 1.33659 tp: 1.32952 ok
0	01:52:28.263	MT4PredictServer AUDCAD,H1: ? ORDER_TYPE_SELL GBPUSD SELL executed @ 1.33423 | SL 1.33659 | TP 1.32952
2	01:52:28.637	MT4PredictServer AUDCAD,H1: open #163514784 buy stop 0.01 USDJPY at 151.864 sl: 151.349 tp: 152.636 ok
0	01:52:28.637	MT4PredictServer AUDCAD,H1: ? ORDER_TYPE_BUY USDJPY BUY executed @ 151.77800 | SL 151.34907 | TP 152.63586
2	01:52:28.967	MT4PredictServer AUDCAD,H1: open #163514785 sell stop 0.01 AUDCAD at 0.90804 sl: 0.91188 tp: 0.90229 ok
0	01:52:28.967	MT4PredictServer AUDCAD,H1: ? ORDER_TYPE_SELL AUDCAD SELL executed @ 0.90868 | SL 0.91188 | TP 0.90229
2	01:52:32.916	MT4PredictServer AUDCAD,H1: open #163514786 sell stop 0.01 EURUSD at 1.15793 sl: 1.16062 tp: 1.15391 ok
0	01:52:32.916	MT4PredictServer AUDCAD,H1: ? ORDER_TYPE_SELL EURUSD SELL executed @ 1.15838 | SL 1.16062 | TP 1.15391
2	01:52:33.246	MT4PredictServer AUDCAD,H1: open #163514787 sell stop 0.01 GBPUSD at 1.33376 sl: 1.33659 tp: 1.32952 ok
0	01:52:33.246	MT4PredictServer AUDCAD,H1: ? ORDER_TYPE_SELL GBPUSD SELL executed @ 1.33423 | SL 1.33659 | TP 1.32952
0	01:52:33.493	MT4PredictServer AUDCAD,H1: ?? Max open trades reached (10 = 10)
0	01:52:33.713	MT4PredictServer AUDCAD,H1: ?? Max open trades reached (10 = 10)
0	01:52:37.811	MT4PredictServer AUDCAD,H1: ?? Max open trades reached (10 = 10)
0	01:52:38.031	MT4PredictServer AUDCAD,H1: ?? Max open trades reached (10 = 10)
0	01:52:38.272	MT4PredictServer AUDCAD,H1: ?? Max open trades reached (10 = 10)
0	01:52:38.587	MT4PredictServer AUDCAD,H1: ?? Max open trades reached (10 = 10)
0	01:52:42.873	MT4PredictServer AUDCAD,H1: ?? Max open trades reached (10 = 10)
0	01:52:43.199	MT4PredictServer AUDCAD,H1: ?? Max open trades reached (10 = 10)
0	01:52:43.606	MT4PredictServer AUDCAD,H1: ?? Max open trades reached (10 = 10)
0	01:52:43.933	MT4PredictServer AUDCAD,H1: ?? Max open trades reached (10 = 10)
0	01:52:47.917	MT4PredictServer AUDCAD,H1: ?? Max open trades reached (10 = 10)
0	01:52:48.226	MT4PredictServer AUDCAD,H1: ?? Max open trades reached (10 = 10)
0	01:52:48.549	MT4PredictServer AUDCAD,H1: ?? Max open trades reached (10 = 10)
0	01:52:48.896	MT4PredictServer AUDCAD,H1: ?? Max open trades reached (10 = 10)
0	01:52:52.909	MT4PredictServer AUDCAD,H1: ?? Max open trades reached (10 = 10)
0	01:52:53.227	MT4PredictServer AUDCAD,H1: ?? Max open trades reached (10 = 10)
0	01:52:53.628	MT4PredictServer AUDCAD,H1: ?? Max open trades reached (10 = 10)
0	01:52:53.915	MT4PredictServer AUDCAD,H1: ?? Max open trades reached (10 = 10)
0	01:52:57.850	MT4PredictServer AUDCAD,H1: ?? Max open trades reached (10 = 10)
0	01:52:58.083	MT4PredictServer AUDCAD,H1: ?? Max open trades reached (10 = 10)
0	01:52:58.345	MT4PredictServer AUDCAD,H1: ?? Max open trades reached (10 = 10)
0	01:52:58.737	MT4PredictServer AUDCAD,H1: ?? Max open trades reached (10 = 10)
0	01:53:02.915	MT4PredictServer AUDCAD,H1: ?? Max open trades reached (10 = 10)
0	01:53:03.236	MT4PredictServer AUDCAD,H1: ?? Max open trades reached (10 = 10)
0	01:53:03.582	MT4PredictServer AUDCAD,H1: ?? Max open trades reached (10 = 10)
0	01:53:03.999	MT4PredictServer AUDCAD,H1: ?? Max open trades reached (10 = 10)
0	01:53:07.953	MT4PredictServer AUDCAD,H1: ?? Max open trades reached (10 = 10)
0	01:53:08.281	MT4PredictServer AUDCAD,H1: ?? Max open trades reached (10 = 10)
0	01:53:08.606	MT4PredictServer AUDCAD,H1: ?? Max open trades reached (10 = 10)
0	01:53:09.002	MT4PredictServer AUDCAD,H1: ?? Max open trades reached (10 = 10)
0	01:53:12.925	MT4PredictServer AUDCAD,H1: ?? Max open trades reached (10 = 10)
0	01:53:13.262	MT4PredictServer AUDCAD,H1: ?? Max open trades reached (10 = 10)
0	01:53:13.614	MT4PredictServer AUDCAD,H1: ?? Max open trades reached (10 = 10)
0	01:53:13.917	MT4PredictServer AUDCAD,H1: ?? Max open trades reached (10 = 10)
0	01:53:17.911	MT4PredictServer AUDCAD,H1: ?? Max open trades reached (10 = 10)
0	01:53:18.281	MT4PredictServer AUDCAD,H1: ?? Max open trades reached (10 = 10)
0	01:53:18.637	MT4PredictServer AUDCAD,H1: ?? Max open trades reached (10 = 10)
0	01:53:19.028	MT4PredictServer AUDCAD,H1: ?? Max open trades reached (10 = 10)
0	01:53:22.856	MT4PredictServer AUDCAD,H1: ?? Max open trades reached (10 = 10)
0	01:53:23.178	MT4PredictServer AUDCAD,H1: ?? Max open trades reached (10 = 10)
0	01:53:23.496	MT4PredictServer AUDCAD,H1: ?? Max open trades reached (10 = 10)
0	01:53:23.826	MT4PredictServer AUDCAD,H1: ?? Max open trades reached (10 = 10)
0	01:53:27.879	MT4PredictServer AUDCAD,H1: ?? Max open trades reached (10 = 10)
0	01:53:28.254	MT4PredictServer AUDCAD,H1: ?? Max open trades reached (10 = 10)
0	01:53:28.635	MT4PredictServer AUDCAD,H1: ?? Max open trades reached (10 = 10)
0	01:53:28.955	MT4PredictServer AUDCAD,H1: ?? Max open trades reached (10 = 10)
0	01:53:32.934	MT4PredictServer AUDCAD,H1: ?? Max open trades reached (10 = 10)
0	01:53:33.281	MT4PredictServer AUDCAD,H1: ?? Max open trades reached (10 = 10)
0	01:53:33.698	MT4PredictServer AUDCAD,H1: ?? Max open trades reached (10 = 10)
0	01:53:34.036	MT4PredictServer AUDCAD,H1: ?? Max open trades reached (10 = 10)
0	01:53:37.936	MT4PredictServer AUDCAD,H1: ?? Max open trades reached (10 = 10)
0	01:53:38.271	MT4PredictServer AUDCAD,H1: ?? Max open trades reached (10 = 10)
0	01:53:38.611	MT4PredictServer AUDCAD,H1: ?? Max open trades reached (10 = 10)
0	01:53:38.953	MT4PredictServer AUDCAD,H1: ?? Max open trades reached (10 = 10)
0	01:53:42.958	MT4PredictServer AUDCAD,H1: ?? Max open trades reached (10 = 10)
0	01:53:43.421	MT4PredictServer AUDCAD,H1: ?? Max open trades reached (10 = 10)
0	01:53:43.850	MT4PredictServer AUDCAD,H1: ?? Max open trades reached (10 = 10)
0	01:53:44.308	MT4PredictServer AUDCAD,H1: ?? Max open trades reached (10 = 10)
0	01:53:47.921	MT4PredictServer AUDCAD,H1: ?? Max open trades reached (10 = 10)
0	01:53:48.323	MT4PredictServer AUDCAD,H1: ?? Max open trades reached (10 = 10)
0	01:53:48.752	MT4PredictServer AUDCAD,H1: ?? Max open trades reached (10 = 10)
0	01:53:49.103	MT4PredictServer AUDCAD,H1: ?? Max open trades reached (10 = 10)
0	01:53:53.110	MT4PredictServer AUDCAD,H1: ?? Max open trades reached (10 = 10)
0	01:53:53.543	MT4PredictServer AUDCAD,H1: ?? Max open trades reached (10 = 10)
0	01:53:53.925	MT4PredictServer AUDCAD,H1: ?? Max open trades reached (10 = 10)
0	01:53:54.462	MT4PredictServer AUDCAD,H1: ?? Max open trades reached (10 = 10)
0	01:53:57.972	MT4PredictServer AUDCAD,H1: ?? Max open trades reached (10 = 10)
0	01:53:58.343	MT4PredictServer AUDCAD,H1: ?? Max open trades reached (10 = 10)
0	01:53:58.721	MT4PredictServer AUDCAD,H1: ?? Max open trades reached (10 = 10)
0	01:53:59.094	MT4PredictServer AUDCAD,H1: ?? Max open trades reached (10 = 10)
0	01:54:02.917	MT4PredictServer AUDCAD,H1: ?? Max open trades reached (10 = 10)
0	01:54:03.285	MT4PredictServer AUDCAD,H1: ?? Max open trades reached (10 = 10)
0	01:54:03.884	MT4PredictServer AUDCAD,H1: ?? Max open trades reached (10 = 10)
0	01:54:04.241	MT4PredictServer AUDCAD,H1: ?? Max open trades reached (10 = 10)
0	01:54:04.258	MT4PredictServer AUDCAD,H1: uninit reason 2
0	01:54:04.258	MT4PredictServer AUDCAD,H1: ?? EA stopped.
0	01:54:04.261	Expert MT4PredictServer AUDCAD,H1: removed
0	01:54:04.281	Expert MT4PredictServer AUDCAD,H1: loaded successfully
0	01:54:04.428	MT4PredictServer AUDCAD,H1: ?? RiskManager reset — new day started (Balance: 0.32)
0	01:54:04.428	MT4PredictServer AUDCAD,H1: ?? Multi-Symbol Predict EA starting...
0	01:54:04.466	MT4PredictServer AUDCAD,H1: ?? Handshake reply: {"type": "pong", "status": "ready", "timestamp": 1760421244.4671357}

0	01:54:04.466	MT4PredictServer AUDCAD,H1: ? Server handshake successful!
0	01:54:04.474	MT4PredictServer AUDCAD,H1: initialized
0	01:54:10.102	MT4PredictServer AUDCAD,H1: ?? Max open trades reached (10 = 10)
0	01:54:10.594	MT4PredictServer AUDCAD,H1: ?? Max open trades reached (10 = 10)
0	01:54:10.977	MT4PredictServer AUDCAD,H1: ?? Max open trades reached (10 = 10)
0	01:54:11.406	MT4PredictServer AUDCAD,H1: ?? Max open trades reached (10 = 10)
0	01:54:14.845	MT4PredictServer AUDCAD,H1: ?? Max open trades reached (10 = 10)
0	01:54:15.196	MT4PredictServer AUDCAD,H1: ?? Max open trades reached (10 = 10)
0	01:54:15.620	MT4PredictServer AUDCAD,H1: ?? Max open trades reached (10 = 10)
0	01:54:16.171	MT4PredictServer AUDCAD,H1: ?? Max open trades reached (10 = 10)
0	01:54:19.868	MT4PredictServer AUDCAD,H1: ?? Max open trades reached (10 = 10)
0	01:54:20.343	MT4PredictServer AUDCAD,H1: ?? Max open trades reached (10 = 10)
0	01:54:20.875	MT4PredictServer AUDCAD,H1: ?? Max open trades reached (10 = 10)
0	01:54:21.337	MT4PredictServer AUDCAD,H1: ?? Max open trades reached (10 = 10)
2	01:54:25.281	MT4PredictServer AUDCAD,H1: open #163514813 sell stop 0.01 EURUSD at 1.15815 sl: 1.16084 tp: 1.15413 ok
0	01:54:25.281	MT4PredictServer AUDCAD,H1: ? ORDER_TYPE_SELL EURUSD SELL executed @ 1.15860 | SL 1.16084 | TP 1.15413
0	01:54:25.686	MT4PredictServer AUDCAD,H1: ?? Max open trades reached (10 = 10)
0	01:54:26.146	MT4PredictServer AUDCAD,H1: ?? Max open trades reached (10 = 10)
0	01:54:26.528	MT4PredictServer AUDCAD,H1: ?? Max open trades reached (10 = 10)
2	01:54:30.047	MT4PredictServer AUDCAD,H1: open #163514814 sell stop 0.01 EURUSD at 1.15813 sl: 1.16082 tp: 1.15411 ok
0	01:54:30.047	MT4PredictServer AUDCAD,H1: ? ORDER_TYPE_SELL EURUSD SELL executed @ 1.15858 | SL 1.16082 | TP 1.15411
2	01:54:30.563	MT4PredictServer AUDCAD,H1: open #163514815 sell stop 0.01 GBPUSD at 1.33383 sl: 1.33669 tp: 1.32956 ok
0	01:54:30.563	MT4PredictServer AUDCAD,H1: ? ORDER_TYPE_SELL GBPUSD SELL executed @ 1.33431 | SL 1.33669 | TP 1.32956
2	01:54:31.093	MT4PredictServer AUDCAD,H1: open #163514816 buy stop 0.01 USDJPY at 151.842 sl: 151.327 tp: 152.614 ok
0	01:54:31.093	MT4PredictServer AUDCAD,H1: ? ORDER_TYPE_BUY USDJPY BUY executed @ 151.75600 | SL 151.32707 | TP 152.61386
2	01:54:31.514	MT4PredictServer AUDCAD,H1: open #163514817 sell stop 0.01 AUDCAD at 0.90794 sl: 0.91178 tp: 0.90219 ok
0	01:54:31.514	MT4PredictServer AUDCAD,H1: ? ORDER_TYPE_SELL AUDCAD SELL executed @ 0.90858 | SL 0.91178 | TP 0.90219
2	01:54:35.078	MT4PredictServer AUDCAD,H1: open #163514819 sell stop 0.01 EURUSD at 1.15804 sl: 1.16073 tp: 1.15402 ok
0	01:54:35.078	MT4PredictServer AUDCAD,H1: ? ORDER_TYPE_SELL EURUSD SELL executed @ 1.15849 | SL 1.16073 | TP 1.15402
2	01:54:35.501	MT4PredictServer AUDCAD,H1: open #163514820 sell stop 0.01 GBPUSD at 1.33375 sl: 1.33661 tp: 1.32948 ok
0	01:54:35.501	MT4PredictServer AUDCAD,H1: ? ORDER_TYPE_SELL GBPUSD SELL executed @ 1.33423 | SL 1.33661 | TP 1.32948
2	01:54:36.016	MT4PredictServer AUDCAD,H1: open #163514822 buy stop 0.01 USDJPY at 151.851 sl: 151.336 tp: 152.623 ok
0	01:54:36.016	MT4PredictServer AUDCAD,H1: ? ORDER_TYPE_BUY USDJPY BUY executed @ 151.76500 | SL 151.33607 | TP 152.62286
2	01:54:36.593	MT4PredictServer AUDCAD,H1: open #163514823 sell stop 0.01 AUDCAD at 0.90789 sl: 0.91173 tp: 0.90214 ok
0	01:54:36.593	MT4PredictServer AUDCAD,H1: ? ORDER_TYPE_SELL AUDCAD SELL executed @ 0.90853 | SL 0.91173 | TP 0.90214
2	01:54:39.966	MT4PredictServer AUDCAD,H1: open #163514824 sell stop 0.01 EURUSD at 1.15806 sl: 1.16075 tp: 1.15404 ok
0	01:54:39.966	MT4PredictServer AUDCAD,H1: ? ORDER_TYPE_SELL EURUSD SELL executed @ 1.15851 | SL 1.16075 | TP 1.15404
2	01:54:40.465	MT4PredictServer AUDCAD,H1: open #163514825 sell stop 0.01 GBPUSD at 1.33378 sl: 1.33664 tp: 1.32951 ok
0	01:54:40.465	MT4PredictServer AUDCAD,H1: ? ORDER_TYPE_SELL GBPUSD SELL executed @ 1.33426 | SL 1.33664 | TP 1.32951
2	01:54:41.215	MT4PredictServer AUDCAD,H1: open #163514826 buy stop 0.01 USDJPY at 151.852 sl: 151.337 tp: 152.624 ok
0	01:54:41.215	MT4PredictServer AUDCAD,H1: ? ORDER_TYPE_BUY USDJPY BUY executed @ 151.76600 | SL 151.33707 | TP 152.62386
2	01:54:41.746	MT4PredictServer AUDCAD,H1: open #163514827 sell stop 0.01 AUDCAD at 0.90804 sl: 0.91188 tp: 0.90229 ok
0	01:54:41.746	MT4PredictServer AUDCAD,H1: ? ORDER_TYPE_SELL AUDCAD SELL executed @ 0.90868 | SL 0.91188 | TP 0.90229
2	01:54:45.207	MT4PredictServer AUDCAD,H1: open #163514828 sell stop 0.01 EURUSD at 1.15806 sl: 1.16075 tp: 1.15404 ok
0	01:54:45.207	MT4PredictServer AUDCAD,H1: ? ORDER_TYPE_SELL EURUSD SELL executed @ 1.15851 | SL 1.16075 | TP 1.15404
2	01:54:45.798	MT4PredictServer AUDCAD,H1: open #163514829 sell stop 0.01 GBPUSD at 1.33382 sl: 1.33668 tp: 1.32955 ok
0	01:54:45.798	MT4PredictServer AUDCAD,H1: ? ORDER_TYPE_SELL GBPUSD SELL executed @ 1.33430 | SL 1.33668 | TP 1.32955
2	01:54:46.330	MT4PredictServer AUDCAD,H1: open #163514830 buy stop 0.01 USDJPY at 151.851 sl: 151.336 tp: 152.623 ok
0	01:54:46.330	MT4PredictServer AUDCAD,H1: ? ORDER_TYPE_BUY USDJPY BUY executed @ 151.76500 | SL 151.33607 | TP 152.62286
2	01:54:46.969	MT4PredictServer AUDCAD,H1: open #163514832 sell stop 0.01 AUDCAD at 0.90811 sl: 0.91195 tp: 0.90236 ok
0	01:54:46.969	MT4PredictServer AUDCAD,H1: ? ORDER_TYPE_SELL AUDCAD SELL executed @ 0.90875 | SL 0.91195 | TP 0.90236
2	01:54:50.051	MT4PredictServer AUDCAD,H1: open #163514833 sell stop 0.01 EURUSD at 1.15807 sl: 1.16076 tp: 1.15405 ok
0	01:54:50.051	MT4PredictServer AUDCAD,H1: ? ORDER_TYPE_SELL EURUSD SELL executed @ 1.15852 | SL 1.16076 | TP 1.15405
2	01:54:50.677	MT4PredictServer AUDCAD,H1: open #163514834 sell stop 0.01 GBPUSD at 1.33381 sl: 1.33667 tp: 1.32954 ok
0	01:54:50.677	MT4PredictServer AUDCAD,H1: ? ORDER_TYPE_SELL GBPUSD SELL executed @ 1.33429 | SL 1.33667 | TP 1.32954
0	01:54:51.237	MT4PredictServer AUDCAD,H1: ?? Max open trades reached (10 = 10)
0	01:54:51.647	MT4PredictServer AUDCAD,H1: ?? Max open trades reached (10 = 10)
0	01:54:55.228	MT4PredictServer AUDCAD,H1: ?? Max open trades reached (10 = 10)
0	01:54:55.660	MT4PredictServer AUDCAD,H1: ?? Max open trades reached (10 = 10)
0	01:54:56.262	MT4PredictServer AUDCAD,H1: ?? Max open trades reached (10 = 10)
0	01:54:56.794	MT4PredictServer AUDCAD,H1: ?? Max open trades reached (10 = 10)
0	01:54:59.933	MT4PredictServer AUDCAD,H1: ?? Max open trades reached (10 = 10)
0	01:55:00.416	MT4PredictServer AUDCAD,H1: ?? Max open trades reached (10 = 10)
0	01:55:01.093	MT4PredictServer AUDCAD,H1: ?? Max open trades reached (10 = 10)
0	01:55:01.871	MT4PredictServer AUDCAD,H1: ?? Max open trades reached (10 = 10)
0	01:55:05.318	MT4PredictServer AUDCAD,H1: ?? Max open trades reached (10 = 10)
0	01:55:05.838	MT4PredictServer AUDCAD,H1: ?? Max open trades reached (10 = 10)
0	01:55:06.381	MT4PredictServer AUDCAD,H1: ?? Max open trades reached (10 = 10)
0	01:55:06.919	MT4PredictServer AUDCAD,H1: ?? Max open trades reached (10 = 10)
0	01:55:10.432	MT4PredictServer AUDCAD,H1: ?? Max open trades reached (10 = 10)
0	01:55:11.084	MT4PredictServer AUDCAD,H1: ?? Max open trades reached (10 = 10)
0	01:55:11.731	MT4PredictServer AUDCAD,H1: ?? Max open trades reached (10 = 10)
0	01:55:12.376	MT4PredictServer AUDCAD,H1: ?? Max open trades reached (10 = 10)
0	01:55:15.061	MT4PredictServer AUDCAD,H1: ?? Max open trades reached (10 = 10)
0	01:55:15.695	MT4PredictServer AUDCAD,H1: ?? Max open trades reached (10 = 10)
0	01:55:16.391	MT4PredictServer AUDCAD,H1: ?? Max open trades reached (10 = 10)
0	01:55:17.119	MT4PredictServer AUDCAD,H1: ?? Max open trades reached (10 = 10)
0	01:55:20.154	MT4PredictServer AUDCAD,H1: ?? Max open trades reached (10 = 10)
0	01:55:20.783	MT4PredictServer AUDCAD,H1: ?? Max open trades reached (10 = 10)
0	01:55:21.481	MT4PredictServer AUDCAD,H1: ?? Max open trades reached (10 = 10)
0	01:55:22.109	MT4PredictServer AUDCAD,H1: ?? Max open trades reached (10 = 10)
0	01:55:25.489	MT4PredictServer AUDCAD,H1: ?? Max open trades reached (10 = 10)
0	01:55:26.055	MT4PredictServer AUDCAD,H1: ?? Max open trades reached (10 = 10)
0	01:55:26.767	MT4PredictServer AUDCAD,H1: ?? Max open trades reached (10 = 10)
0	01:55:27.317	MT4PredictServer AUDCAD,H1: ?? Max open trades reached (10 = 10)
0	01:55:30.157	MT4PredictServer AUDCAD,H1: ?? Max open trades reached (10 = 10)
0	01:55:30.776	MT4PredictServer AUDCAD,H1: ?? Max open trades reached (10 = 10)
0	01:55:31.446	MT4PredictServer AUDCAD,H1: ?? Max open trades reached (10 = 10)
0	01:55:32.128	MT4PredictServer AUDCAD,H1: ?? Max open trades reached (10 = 10)
0	01:55:35.344	MT4PredictServer AUDCAD,H1: ?? Max open trades reached (10 = 10)
0	01:55:36.002	MT4PredictServer AUDCAD,H1: ?? Max open trades reached (10 = 10)
0	01:55:36.934	MT4PredictServer AUDCAD,H1: ?? Max open trades reached (10 = 10)
0	01:55:37.685	MT4PredictServer AUDCAD,H1: ?? Max open trades reached (10 = 10)
0	01:55:40.414	MT4PredictServer AUDCAD,H1: ?? Max open trades reached (10 = 10)
0	01:55:41.335	MT4PredictServer AUDCAD,H1: ?? Max open trades reached (10 = 10)
0	01:55:42.263	MT4PredictServer AUDCAD,H1: ?? Max open trades reached (10 = 10)
0	01:55:43.172	MT4PredictServer AUDCAD,H1: ?? Max open trades reached (10 = 10)
0	01:55:45.436	MT4PredictServer AUDCAD,H1: ?? Max open trades reached (10 = 10)
0	01:55:46.142	MT4PredictServer AUDCAD,H1: ?? Max open trades reached (10 = 10)
0	01:55:46.928	MT4PredictServer AUDCAD,H1: ?? Max open trades reached (10 = 10)
0	01:55:47.595	MT4PredictServer AUDCAD,H1: ?? Max open trades reached (10 = 10)
0	01:55:50.334	MT4PredictServer AUDCAD,H1: ?? Max open trades reached (10 = 10)
0	01:55:51.290	MT4PredictServer AUDCAD,H1: ?? Max open trades reached (10 = 10)
0	01:55:51.930	MT4PredictServer AUDCAD,H1: ?? Max open trades reached (10 = 10)
0	01:55:52.609	MT4PredictServer AUDCAD,H1: ?? Max open trades reached (10 = 10)
0	01:55:55.385	MT4PredictServer AUDCAD,H1: ?? Max open trades reached (10 = 10)
0	01:55:56.466	MT4PredictServer AUDCAD,H1: ?? Max open trades reached (10 = 10)
0	01:55:57.506	MT4PredictServer AUDCAD,H1: ?? Max open trades reached (10 = 10)
0	01:55:58.746	MT4PredictServer AUDCAD,H1: ?? Max open trades reached (10 = 10)
0	01:56:00.519	MT4PredictServer AUDCAD,H1: ?? Max open trades reached (10 = 10)
0	01:56:01.332	MT4PredictServer AUDCAD,H1: ?? Max open trades reached (10 = 10)
0	01:56:02.152	MT4PredictServer AUDCAD,H1: ?? Max open trades reached (10 = 10)
0	01:56:03.058	MT4PredictServer AUDCAD,H1: ?? Max open trades reached (10 = 10)
0	01:56:05.483	MT4PredictServer AUDCAD,H1: ?? Max open trades reached (10 = 10)
0	01:56:06.558	MT4PredictServer AUDCAD,H1: ?? Max open trades reached (10 = 10)
0	01:56:07.706	MT4PredictServer AUDCAD,H1: ?? Max open trades reached (10 = 10)
0	01:56:08.791	MT4PredictServer AUDCAD,H1: ?? Max open trades reached (10 = 10)
0	01:56:10.762	MT4PredictServer AUDCAD,H1: ?? Max open trades reached (10 = 10)
0	01:56:12.108	MT4PredictServer AUDCAD,H1: ?? Max open trades reached (10 = 10)
0	01:56:13.197	MT4PredictServer AUDCAD,H1: ?? Max open trades reached (10 = 10)
0	01:56:14.413	MT4PredictServer AUDCAD,H1: ?? Max open trades reached (10 = 10)
0	01:56:15.573	MT4PredictServer AUDCAD,H1: ?? Max open trades reached (10 = 10)
0	01:56:16.432	MT4PredictServer AUDCAD,H1: ?? Max open trades reached (10 = 10)
0	01:56:17.428	MT4PredictServer AUDCAD,H1: ?? Max open trades reached (10 = 10)
0	01:56:18.510	MT4PredictServer AUDCAD,H1: ?? Max open trades reached (10 = 10)
0	01:56:20.521	MT4PredictServer AUDCAD,H1: ?? Max open trades reached (10 = 10)
0	01:56:21.625	MT4PredictServer AUDCAD,H1: ?? Max open trades reached (10 = 10)
0	01:56:22.710	MT4PredictServer AUDCAD,H1: ?? Max open trades reached (10 = 10)
0	01:56:23.744	MT4PredictServer AUDCAD,H1: ?? Max open trades reached (10 = 10)
0	01:56:25.526	MT4PredictServer AUDCAD,H1: ?? Max open trades reached (10 = 10)
0	01:56:26.541	MT4PredictServer AUDCAD,H1: ?? Max open trades reached (10 = 10)
0	01:56:27.643	MT4PredictServer AUDCAD,H1: ?? Max open trades reached (10 = 10)
0	01:56:28.583	MT4PredictServer AUDCAD,H1: ?? Max open trades reached (10 = 10)
0	01:56:30.873	MT4PredictServer AUDCAD,H1: ?? Max open trades reached (10 = 10)
0	01:56:31.920	MT4PredictServer AUDCAD,H1: ?? Max open trades reached (10 = 10)
0	01:56:33.104	MT4PredictServer AUDCAD,H1: ?? Max open trades reached (10 = 10)
0	01:56:34.180	MT4PredictServer AUDCAD,H1: ?? Max open trades reached (10 = 10)
0	01:56:35.808	MT4PredictServer AUDCAD,H1: ?? Max open trades reached (10 = 10)
0	01:56:36.863	MT4PredictServer AUDCAD,H1: ?? Max open trades reached (10 = 10)
0	01:56:38.057	MT4PredictServer AUDCAD,H1: ?? Max open trades reached (10 = 10)
0	01:56:39.013	MT4PredictServer AUDCAD,H1: ?? Max open trades reached (10 = 10)
0	01:56:40.760	MT4PredictServer AUDCAD,H1: ?? Max open trades reached (10 = 10)
0	01:56:41.979	MT4PredictServer AUDCAD,H1: ?? Max open trades reached (10 = 10)
0	01:56:43.027	MT4PredictServer AUDCAD,H1: ?? Max open trades reached (10 = 10)
0	01:56:44.061	MT4PredictServer AUDCAD,H1: ?? Max open trades reached (10 = 10)
0	01:56:45.472	MT4PredictServer AUDCAD,H1: ?? Max open trades reached (10 = 10)
0	01:56:46.825	MT4PredictServer AUDCAD,H1: ?? Max open trades reached (10 = 10)
0	01:56:47.739	MT4PredictServer AUDCAD,H1: ?? Max open trades reached (10 = 10)
0	01:56:48.823	MT4PredictServer AUDCAD,H1: ?? Max open trades reached (10 = 10)
0	01:56:50.622	MT4PredictServer AUDCAD,H1: ?? Max open trades reached (10 = 10)
0	01:56:51.747	MT4PredictServer AUDCAD,H1: ?? Max open trades reached (10 = 10)
0	01:56:52.930	MT4PredictServer AUDCAD,H1: ?? Max open trades reached (10 = 10)
0	01:56:54.185	MT4PredictServer AUDCAD,H1: ?? Max open trades reached (10 = 10)
0	01:56:55.769	MT4PredictServer AUDCAD,H1: ?? Max open trades reached (10 = 10)
0	01:56:56.862	MT4PredictServer AUDCAD,H1: ?? Max open trades reached (10 = 10)
0	01:56:58.133	MT4PredictServer AUDCAD,H1: ?? Max open trades reached (10 = 10)
0	01:56:59.155	MT4PredictServer AUDCAD,H1: ?? Max open trades reached (10 = 10)
0	01:57:00.673	MT4PredictServer AUDCAD,H1: ?? Max open trades reached (10 = 10)
0	01:57:01.632	MT4PredictServer AUDCAD,H1: ?? Max open trades reached (10 = 10)
0	01:57:02.806	MT4PredictServer AUDCAD,H1: ?? Max open trades reached (10 = 10)
0	01:57:03.891	MT4PredictServer AUDCAD,H1: ?? Max open trades reached (10 = 10)
0	01:57:05.556	MT4PredictServer AUDCAD,H1: ?? Max open trades reached (10 = 10)
0	01:57:06.501	MT4PredictServer AUDCAD,H1: ?? Max open trades reached (10 = 10)
0	01:57:07.524	MT4PredictServer AUDCAD,H1: ?? Max open trades reached (10 = 10)
0	01:57:08.619	MT4PredictServer AUDCAD,H1: ?? Max open trades reached (10 = 10)
0	01:57:10.636	MT4PredictServer AUDCAD,H1: ?? Max open trades reached (10 = 10)
0	01:57:11.539	MT4PredictServer AUDCAD,H1: ?? Max open trades reached (10 = 10)
0	01:57:12.510	MT4PredictServer AUDCAD,H1: ?? Max open trades reached (10 = 10)
0	01:57:13.347	MT4PredictServer AUDCAD,H1: ?? Max open trades reached (10 = 10)
0	01:57:15.439	MT4PredictServer AUDCAD,H1: ?? Max open trades reached (10 = 10)
0	01:57:16.251	MT4PredictServer AUDCAD,H1: ?? Max open trades reached (10 = 10)
0	01:57:17.355	MT4PredictServer AUDCAD,H1: ?? Max open trades reached (10 = 10)
0	01:57:18.338	MT4PredictServer AUDCAD,H1: ?? Max open trades reached (10 = 10)
0	01:57:20.527	MT4PredictServer AUDCAD,H1: ?? Max open trades reached (10 = 10)
0	01:57:21.506	MT4PredictServer AUDCAD,H1: ?? Max open trades reached (10 = 10)
0	01:57:22.416	MT4PredictServer AUDCAD,H1: ?? Max open trades reached (10 = 10)
0	01:57:23.441	MT4PredictServer AUDCAD,H1: ?? Max open trades reached (10 = 10)
0	01:57:25.551	MT4PredictServer AUDCAD,H1: ?? Max open trades reached (10 = 10)
0	01:57:26.405	MT4PredictServer AUDCAD,H1: ?? Max open trades reached (10 = 10)
0	01:57:27.285	MT4PredictServer AUDCAD,H1: ?? Max open trades reached (10 = 10)
0	01:57:28.211	MT4PredictServer AUDCAD,H1: ?? Max open trades reached (10 = 10)
0	01:57:30.419	MT4PredictServer AUDCAD,H1: ?? Max open trades reached (10 = 10)
0	01:57:31.393	MT4PredictServer AUDCAD,H1: ?? Max open trades reached (10 = 10)
0	01:57:32.245	MT4PredictServer AUDCAD,H1: ?? Max open trades reached (10 = 10)
0	01:57:33.207	MT4PredictServer AUDCAD,H1: ?? Max open trades reached (10 = 10)
0	01:57:35.526	MT4PredictServer AUDCAD,H1: ?? Max open trades reached (10 = 10)
0	01:57:36.316	MT4PredictServer AUDCAD,H1: ?? Max open trades reached (10 = 10)
0	01:57:37.249	MT4PredictServer AUDCAD,H1: ?? Max open trades reached (10 = 10)
0	01:57:38.123	MT4PredictServer AUDCAD,H1: ?? Max open trades reached (10 = 10)
0	01:57:40.464	MT4PredictServer AUDCAD,H1: ?? Max open trades reached (10 = 10)
0	01:57:41.646	MT4PredictServer AUDCAD,H1: ?? Max open trades reached (10 = 10)
0	01:57:42.531	MT4PredictServer AUDCAD,H1: ?? Max open trades reached (10 = 10)
0	01:57:43.388	MT4PredictServer AUDCAD,H1: ?? Max open trades reached (10 = 10)
0	01:57:45.614	MT4PredictServer AUDCAD,H1: ?? Max open trades reached (10 = 10)
0	01:57:46.643	MT4PredictServer AUDCAD,H1: ?? Max open trades reached (10 = 10)
0	01:57:47.598	MT4PredictServer AUDCAD,H1: ?? Max open trades reached (10 = 10)
0	01:57:48.518	MT4PredictServer AUDCAD,H1: ?? Max open trades reached (10 = 10)
0	01:57:50.609	MT4PredictServer AUDCAD,H1: ?? Max open trades reached (10 = 10)
0	01:57:51.726	MT4PredictServer AUDCAD,H1: ?? Max open trades reached (10 = 10)
0	01:57:52.384	MT4PredictServer AUDCAD,H1: ?? Max open trades reached (10 = 10)
0	01:57:53.472	MT4PredictServer AUDCAD,H1: ?? Max open trades reached (10 = 10)
0	01:57:55.684	MT4PredictServer AUDCAD,H1: ?? Max open trades reached (10 = 10)
0	01:57:56.635	MT4PredictServer AUDCAD,H1: ?? Max open trades reached (10 = 10)
0	01:57:57.686	MT4PredictServer AUDCAD,H1: ?? Max open trades reached (10 = 10)
0	01:57:58.667	MT4PredictServer AUDCAD,H1: ?? Max open trades reached (10 = 10)
0	01:58:00.856	MT4PredictServer AUDCAD,H1: ?? Max open trades reached (10 = 10)
0	01:58:02.215	MT4PredictServer AUDCAD,H1: ?? Max open trades reached (10 = 10)
0	01:58:03.276	MT4PredictServer AUDCAD,H1: ?? Max open trades reached (10 = 10)
0	01:58:03.967	MT4PredictServer AUDCAD,H1: ?? Max open trades reached (10 = 10)
0	01:58:05.369	MT4PredictServer AUDCAD,H1: ?? Max open trades reached (10 = 10)
0	01:58:06.053	MT4PredictServer AUDCAD,H1: ?? Max open trades reached (10 = 10)
0	01:58:06.803	MT4PredictServer AUDCAD,H1: ?? Max open trades reached (10 = 10)
0	01:58:07.367	MT4PredictServer AUDCAD,H1: ?? Max open trades reached (10 = 10)
0	01:58:11.031	MT4PredictServer AUDCAD,H1: ?? Max open trades reached (10 = 10)
0	01:58:11.755	MT4PredictServer AUDCAD,H1: ?? Max open trades reached (10 = 10)
0	01:58:12.520	MT4PredictServer AUDCAD,H1: ?? Max open trades reached (10 = 10)
0	01:58:13.276	MT4PredictServer AUDCAD,H1: ?? Max open trades reached (10 = 10)
0	01:58:15.325	MT4PredictServer AUDCAD,H1: ?? Max open trades reached (10 = 10)
0	01:58:15.937	MT4PredictServer AUDCAD,H1: ?? Max open trades reached (10 = 10)
0	01:58:16.581	MT4PredictServer AUDCAD,H1: ?? Max open trades reached (10 = 10)
0	01:58:17.437	MT4PredictServer AUDCAD,H1: ?? Max open trades reached (10 = 10)
0	01:58:20.419	MT4PredictServer AUDCAD,H1: ?? Max open trades reached (10 = 10)
0	01:58:20.988	MT4PredictServer AUDCAD,H1: ?? Max open trades reached (10 = 10)
0	01:58:21.857	MT4PredictServer AUDCAD,H1: ?? Max open trades reached (10 = 10)
0	01:58:22.628	MT4PredictServer AUDCAD,H1: ?? Max open trades reached (10 = 10)
0	01:58:25.435	MT4PredictServer AUDCAD,H1: ?? Max open trades reached (10 = 10)
0	01:58:26.154	MT4PredictServer AUDCAD,H1: ?? Max open trades reached (10 = 10)
0	01:58:26.889	MT4PredictServer AUDCAD,H1: ?? Max open trades reached (10 = 10)
0	01:58:27.536	MT4PredictServer AUDCAD,H1: ?? Max open trades reached (10 = 10)
0	01:58:30.339	MT4PredictServer AUDCAD,H1: ?? Max open trades reached (10 = 10)
0	01:58:30.870	MT4PredictServer AUDCAD,H1: ?? Max open trades reached (10 = 10)
0	01:58:31.863	MT4PredictServer AUDCAD,H1: ?? Max open trades reached (10 = 10)
0	01:58:32.513	MT4PredictServer AUDCAD,H1: ?? Max open trades reached (10 = 10)
0	01:58:35.336	MT4PredictServer AUDCAD,H1: ?? Max open trades reached (10 = 10)
0	01:58:36.037	MT4PredictServer AUDCAD,H1: ?? Max open trades reached (10 = 10)
0	01:58:36.570	MT4PredictServer AUDCAD,H1: ?? Max open trades reached (10 = 10)
0	01:58:37.241	MT4PredictServer AUDCAD,H1: ?? Max open trades reached (10 = 10)
0	01:58:40.889	MT4PredictServer AUDCAD,H1: ?? Max open trades reached (10 = 10)
0	01:58:41.744	MT4PredictServer AUDCAD,H1: ?? Max open trades reached (10 = 10)
0	01:58:42.521	MT4PredictServer AUDCAD,H1: ?? Max open trades reached (10 = 10)
0	01:58:43.345	MT4PredictServer AUDCAD,H1: ?? Max open trades reached (10 = 10)
0	01:58:45.512	MT4PredictServer AUDCAD,H1: ?? Max open trades reached (10 = 10)
0	01:58:46.309	MT4PredictServer AUDCAD,H1: ?? Max open trades reached (10 = 10)
0	01:58:46.992	MT4PredictServer AUDCAD,H1: ?? Max open trades reached (10 = 10)
0	01:58:47.737	MT4PredictServer AUDCAD,H1: ?? Max open trades reached (10 = 10)
0	01:58:50.349	MT4PredictServer AUDCAD,H1: ?? Max open trades reached (10 = 10)
0	01:58:51.230	MT4PredictServer AUDCAD,H1: ?? Max open trades reached (10 = 10)
0	01:58:52.029	MT4PredictServer AUDCAD,H1: ?? Max open trades reached (10 = 10)
0	01:58:52.559	MT4PredictServer AUDCAD,H1: ?? Max open trades reached (10 = 10)
0	01:58:55.520	MT4PredictServer AUDCAD,H1: ?? Max open trades reached (10 = 10)
0	01:58:56.271	MT4PredictServer AUDCAD,H1: ?? Max open trades reached (10 = 10)
0	01:58:57.051	MT4PredictServer AUDCAD,H1: ?? Max open trades reached (10 = 10)
0	01:58:57.710	MT4PredictServer AUDCAD,H1: ?? Max open trades reached (10 = 10)
0	01:59:00.441	MT4PredictServer AUDCAD,H1: ?? Max open trades reached (10 = 10)
0	01:59:01.942	MT4PredictServer AUDCAD,H1: ?? Max open trades reached (10 = 10)
0	01:59:04.956	MT4PredictServer AUDCAD,H1: ?? Max open trades reached (10 = 10)
0	01:59:05.830	MT4PredictServer AUDCAD,H1: ?? Max open trades reached (10 = 10)
0	01:59:06.586	MT4PredictServer AUDCAD,H1: ?? Max open trades reached (10 = 10)
0	01:59:07.351	MT4PredictServer AUDCAD,H1: ?? Max open trades reached (10 = 10)
0	01:59:08.056	MT4PredictServer AUDCAD,H1: ?? Max open trades reached (10 = 10)
0	01:59:08.758	MT4PredictServer AUDCAD,H1: ?? Max open trades reached (10 = 10)
0	01:59:10.455	MT4PredictServer AUDCAD,H1: ?? Max open trades reached (10 = 10)
0	01:59:11.307	MT4PredictServer AUDCAD,H1: ?? Max open trades reached (10 = 10)
0	01:59:12.178	MT4PredictServer AUDCAD,H1: ?? Max open trades reached (10 = 10)
0	01:59:12.901	MT4PredictServer AUDCAD,H1: ?? Max open trades reached (10 = 10)
0	01:59:15.659	MT4PredictServer AUDCAD,H1: ?? Max open trades reached (10 = 10)
0	01:59:16.637	MT4PredictServer AUDCAD,H1: ?? Max open trades reached (10 = 10)
0	01:59:17.530	MT4PredictServer AUDCAD,H1: ?? Max open trades reached (10 = 10)
0	01:59:18.325	MT4PredictServer AUDCAD,H1: ?? Max open trades reached (10 = 10)
0	01:59:20.474	MT4PredictServer AUDCAD,H1: ?? Max open trades reached (10 = 10)
0	01:59:21.183	MT4PredictServer AUDCAD,H1: ?? Max open trades reached (10 = 10)
0	01:59:22.071	MT4PredictServer AUDCAD,H1: ?? Max open trades reached (10 = 10)
0	01:59:22.866	MT4PredictServer AUDCAD,H1: ?? Max open trades reached (10 = 10)
0	01:59:25.472	MT4PredictServer AUDCAD,H1: ?? Max open trades reached (10 = 10)
0	01:59:26.097	MT4PredictServer AUDCAD,H1: ?? Max open trades reached (10 = 10)
0	01:59:26.651	MT4PredictServer AUDCAD,H1: ?? Max open trades reached (10 = 10)
0	01:59:27.309	MT4PredictServer AUDCAD,H1: ?? Max open trades reached (10 = 10)
0	01:59:30.355	MT4PredictServer AUDCAD,H1: ?? Max open trades reached (10 = 10)
0	01:59:31.175	MT4PredictServer AUDCAD,H1: ?? Max open trades reached (10 = 10)
0	01:59:31.920	MT4PredictServer AUDCAD,H1: ?? Max open trades reached (10 = 10)
0	01:59:32.747	MT4PredictServer AUDCAD,H1: ?? Max open trades reached (10 = 10)
0	01:59:35.531	MT4PredictServer AUDCAD,H1: ?? Max open trades reached (10 = 10)
0	01:59:36.227	MT4PredictServer AUDCAD,H1: ?? Max open trades reached (10 = 10)
0	01:59:36.923	MT4PredictServer AUDCAD,H1: ?? Max open trades reached (10 = 10)
0	01:59:37.586	MT4PredictServer AUDCAD,H1: ?? Max open trades reached (10 = 10)
0	01:59:40.607	MT4PredictServer AUDCAD,H1: ?? Max open trades reached (10 = 10)
0	01:59:41.395	MT4PredictServer AUDCAD,H1: ?? Max open trades reached (10 = 10)
0	01:59:43.549	MT4PredictServer AUDCAD,H1: ?? Max open trades reached (10 = 10)
0	01:59:44.993	MT4PredictServer AUDCAD,H1: ?? Max open trades reached (10 = 10)
0	01:59:46.067	MT4PredictServer AUDCAD,H1: ?? Max open trades reached (10 = 10)
0	01:59:47.322	MT4PredictServer AUDCAD,H1: ?? Max open trades reached (10 = 10)
0	01:59:48.210	MT4PredictServer AUDCAD,H1: ?? Max open trades reached (10 = 10)
0	01:59:49.149	MT4PredictServer AUDCAD,H1: ?? Max open trades reached (10 = 10)
0	01:59:50.614	MT4PredictServer AUDCAD,H1: ?? Max open trades reached (10 = 10)
0	01:59:51.800	MT4PredictServer AUDCAD,H1: ?? Max open trades reached (10 = 10)
0	01:59:52.588	MT4PredictServer AUDCAD,H1: ?? Max open trades reached (10 = 10)
0	01:59:53.417	MT4PredictServer AUDCAD,H1: ?? Max open trades reached (10 = 10)
0	01:59:55.515	MT4PredictServer AUDCAD,H1: ?? Max open trades reached (10 = 10)
0	01:59:56.227	MT4PredictServer AUDCAD,H1: ?? Max open trades reached (10 = 10)
0	01:59:57.014	MT4PredictServer AUDCAD,H1: ?? Max open trades reached (10 = 10)
0	01:59:57.834	MT4PredictServer AUDCAD,H1: ?? Max open trades reached (10 = 10)
0	02:00:00.376	MT4PredictServer AUDCAD,H1: ?? Max open trades reached (10 = 10)
0	02:00:01.057	MT4PredictServer AUDCAD,H1: ?? Max open trades reached (10 = 10)
0	02:00:01.819	MT4PredictServer AUDCAD,H1: ?? Max open trades reached (10 = 10)
2	02:00:02.688	MT4PredictServer AUDCAD,H1: open #163514908 sell stop 0.01 AUDCAD at 0.90778 sl: 0.91162 tp: 0.90203 ok
0	02:00:02.688	MT4PredictServer AUDCAD,H1: ? ORDER_TYPE_SELL AUDCAD SELL executed @ 0.90842 | SL 0.91162 | TP 0.90203
2	02:00:05.732	MT4PredictServer AUDCAD,H1: open #163514917 sell stop 0.01 EURUSD at 1.15809 sl: 1.16062 tp: 1.15430 ok
0	02:00:05.732	MT4PredictServer AUDCAD,H1: ? ORDER_TYPE_SELL EURUSD SELL executed @ 1.15851 | SL 1.16062 | TP 1.15430
2	02:00:06.599	MT4PredictServer AUDCAD,H1: open #163514919 sell stop 0.01 GBPUSD at 1.33309 sl: 1.33583 tp: 1.32898 ok
0	02:00:06.600	MT4PredictServer AUDCAD,H1: ? ORDER_TYPE_SELL GBPUSD SELL executed @ 1.33355 | SL 1.33583 | TP 1.32898
0	02:00:07.809	MT4PredictServer AUDCAD,H1: ?? Max open trades reached (10 = 10)
0	02:00:08.866	MT4PredictServer AUDCAD,H1: ?? Max open trades reached (10 = 10)
0	02:00:10.808	MT4PredictServer AUDCAD,H1: ?? Max open trades reached (10 = 10)
0	02:00:13.424	MT4PredictServer AUDCAD,H1: ?? Max open trades reached (10 = 10)
0	02:00:14.219	MT4PredictServer AUDCAD,H1: ?? Max open trades reached (10 = 10)
0	02:00:15.403	MT4PredictServer AUDCAD,H1: ?? Max open trades reached (10 = 10)
0	02:00:16.774	MT4PredictServer AUDCAD,H1: ?? Max open trades reached (10 = 10)
0	02:00:17.597	MT4PredictServer AUDCAD,H1: ?? Max open trades reached (10 = 10)
0	02:00:18.627	MT4PredictServer AUDCAD,H1: ?? Max open trades reached (10 = 10)
0	02:00:19.641	MT4PredictServer AUDCAD,H1: ?? Max open trades reached (10 = 10)
0	02:00:20.719	MT4PredictServer AUDCAD,H1: ?? Max open trades reached (10 = 10)
0	02:00:21.716	MT4PredictServer AUDCAD,H1: ?? Max open trades reached (10 = 10)
0	02:00:22.651	MT4PredictServer AUDCAD,H1: ?? Max open trades reached (10 = 10)
0	02:00:23.810	MT4PredictServer AUDCAD,H1: ?? Max open trades reached (10 = 10)
0	02:00:25.552	MT4PredictServer AUDCAD,H1: ?? Max open trades reached (10 = 10)
0	02:00:26.449	MT4PredictServer AUDCAD,H1: ?? Max open trades reached (10 = 10)
0	02:00:27.398	MT4PredictServer AUDCAD,H1: ?? Max open trades reached (10 = 10)
0	02:00:28.229	MT4PredictServer AUDCAD,H1: ?? Max open trades reached (10 = 10)
0	02:00:30.531	MT4PredictServer AUDCAD,H1: ?? Max open trades reached (10 = 10)
0	02:00:31.398	MT4PredictServer AUDCAD,H1: ?? Max open trades reached (10 = 10)
0	02:00:32.274	MT4PredictServer AUDCAD,H1: ?? Max open trades reached (10 = 10)
0	02:00:32.999	MT4PredictServer AUDCAD,H1: ?? Max open trades reached (10 = 10)
0	02:00:35.523	MT4PredictServer AUDCAD,H1: ?? Max open trades reached (10 = 10)
0	02:00:36.709	MT4PredictServer AUDCAD,H1: ?? Max open trades reached (10 = 10)
0	02:00:37.453	MT4PredictServer AUDCAD,H1: ?? Max open trades reached (10 = 10)
0	02:00:38.309	MT4PredictServer AUDCAD,H1: ?? Max open trades reached (10 = 10)
0	02:00:40.859	MT4PredictServer AUDCAD,H1: ?? Max open trades reached (10 = 10)
0	02:00:41.876	MT4PredictServer AUDCAD,H1: ?? Max open trades reached (10 = 10)
0	02:00:42.771	MT4PredictServer AUDCAD,H1: ?? Max open trades reached (10 = 10)
0	02:00:43.912	MT4PredictServer AUDCAD,H1: ?? Max open trades reached (10 = 10)
0	02:00:45.861	MT4PredictServer AUDCAD,H1: ?? Max open trades reached (10 = 10)
0	02:00:46.631	MT4PredictServer AUDCAD,H1: ?? Max open trades reached (10 = 10)
0	02:00:47.665	MT4PredictServer AUDCAD,H1: ?? Max open trades reached (10 = 10)
0	02:00:49.049	MT4PredictServer AUDCAD,H1: ?? Max open trades reached (10 = 10)
0	02:00:50.809	MT4PredictServer AUDCAD,H1: ?? Max open trades reached (10 = 10)
0	02:00:52.738	MT4PredictServer AUDCAD,H1: ?? Max open trades reached (10 = 10)
0	02:00:53.661	MT4PredictServer AUDCAD,H1: ?? Max open trades reached (10 = 10)
0	02:00:55.697	MT4PredictServer AUDCAD,H1: ?? Max open trades reached (10 = 10)
0	02:00:58.121	MT4PredictServer AUDCAD,H1: ?? Max open trades reached (10 = 10)
0	02:00:59.079	MT4PredictServer AUDCAD,H1: ?? Max open trades reached (10 = 10)
0	02:01:00.156	MT4PredictServer AUDCAD,H1: ?? Max open trades reached (10 = 10)
0	02:01:00.985	MT4PredictServer AUDCAD,H1: ?? Max open trades reached (10 = 10)
0	02:01:02.821	MT4PredictServer AUDCAD,H1: ?? Max open trades reached (10 = 10)
0	02:01:04.013	MT4PredictServer AUDCAD,H1: ?? Max open trades reached (10 = 10)
0	02:01:04.911	MT4PredictServer AUDCAD,H1: ?? Max open trades reached (10 = 10)
0	02:01:05.793	MT4PredictServer AUDCAD,H1: ?? Max open trades reached (10 = 10)
0	02:01:10.432	MT4PredictServer AUDCAD,H1: ?? Max open trades reached (10 = 10)
0	02:01:11.357	MT4PredictServer AUDCAD,H1: ?? Max open trades reached (10 = 10)
0	02:01:13.115	MT4PredictServer AUDCAD,H1: ?? Max open trades reached (10 = 10)
0	02:01:14.281	MT4PredictServer AUDCAD,H1: ?? Max open trades reached (10 = 10)
0	02:01:15.421	MT4PredictServer AUDCAD,H1: ?? Max open trades reached (10 = 10)
0	02:01:16.646	MT4PredictServer AUDCAD,H1: ?? Max open trades reached (10 = 10)
0	02:01:17.669	MT4PredictServer AUDCAD,H1: ?? Max open trades reached (10 = 10)
0	02:01:18.461	MT4PredictServer AUDCAD,H1: ?? Max open trades reached (10 = 10)
0	02:01:19.547	MT4PredictServer AUDCAD,H1: ?? Max open trades reached (10 = 10)
0	02:01:20.639	MT4PredictServer AUDCAD,H1: ?? Max open trades reached (10 = 10)
0	02:01:22.390	MT4PredictServer AUDCAD,H1: ?? Max open trades reached (10 = 10)
0	02:01:23.306	MT4PredictServer AUDCAD,H1: ?? Max open trades reached (10 = 10)
0	02:01:24.583	MT4PredictServer AUDCAD,H1: ?? Max open trades reached (10 = 10)
0	02:01:25.511	MT4PredictServer AUDCAD,H1: ?? Max open trades reached (10 = 10)
0	02:01:26.344	MT4PredictServer AUDCAD,H1: ?? Max open trades reached (10 = 10)
0	02:01:27.212	MT4PredictServer AUDCAD,H1: ?? Max open trades reached (10 = 10)
0	02:01:28.319	MT4PredictServer AUDCAD,H1: ?? Max open trades reached (10 = 10)
0	02:01:29.307	MT4PredictServer AUDCAD,H1: ?? Max open trades reached (10 = 10)
0	02:01:30.236	MT4PredictServer AUDCAD,H1: ?? Max open trades reached (10 = 10)
0	02:01:31.060	MT4PredictServer AUDCAD,H1: ?? Max open trades reached (10 = 10)
0	02:01:32.250	MT4PredictServer AUDCAD,H1: ?? Max open trades reached (10 = 10)
0	02:01:35.054	MT4PredictServer AUDCAD,H1: ?? Max open trades reached (10 = 10)
0	02:01:36.222	MT4PredictServer AUDCAD,H1: ?? Max open trades reached (10 = 10)
0	02:01:37.085	MT4PredictServer AUDCAD,H1: ?? Max open trades reached (10 = 10)
0	02:01:38.221	MT4PredictServer AUDCAD,H1: ?? Max open trades reached (10 = 10)
0	02:01:39.054	MT4PredictServer AUDCAD,H1: ?? Max open trades reached (10 = 10)
0	02:01:40.370	MT4PredictServer AUDCAD,H1: ?? Max open trades reached (10 = 10)
0	02:01:41.348	MT4PredictServer AUDCAD,H1: ?? Max open trades reached (10 = 10)
0	02:01:43.426	MT4PredictServer AUDCAD,H1: ?? Max open trades reached (10 = 10)
0	02:01:44.709	MT4PredictServer AUDCAD,H1: ?? Max open trades reached (10 = 10)
0	02:01:45.778	MT4PredictServer AUDCAD,H1: ?? Max open trades reached (10 = 10)
0	02:01:47.193	MT4PredictServer AUDCAD,H1: ?? Max open trades reached (10 = 10)
0	02:01:48.354	MT4PredictServer AUDCAD,H1: ?? Max open trades reached (10 = 10)
0	02:01:49.470	MT4PredictServer AUDCAD,H1: ?? Max open trades reached (10 = 10)
0	02:01:50.412	MT4PredictServer AUDCAD,H1: ?? Max open trades reached (10 = 10)
0	02:01:51.653	MT4PredictServer AUDCAD,H1: ?? Max open trades reached (10 = 10)
0	02:01:53.159	MT4PredictServer AUDCAD,H1: ?? Max open trades reached (10 = 10)
0	02:01:54.202	MT4PredictServer AUDCAD,H1: ?? Max open trades reached (10 = 10)
0	02:01:55.251	MT4PredictServer AUDCAD,H1: ?? Max open trades reached (10 = 10)
0	02:01:56.127	MT4PredictServer AUDCAD,H1: ?? Max open trades reached (10 = 10)
0	02:01:57.136	MT4PredictServer AUDCAD,H1: ?? Max open trades reached (10 = 10)
0	02:01:57.905	MT4PredictServer AUDCAD,H1: ?? Max open trades reached (10 = 10)
0	02:01:58.745	MT4PredictServer AUDCAD,H1: ?? Max open trades reached (10 = 10)
0	02:01:59.770	MT4PredictServer AUDCAD,H1: ?? Max open trades reached (10 = 10)
0	02:02:00.756	MT4PredictServer AUDCAD,H1: ?? Max open trades reached (10 = 10)
0	02:02:01.859	MT4PredictServer AUDCAD,H1: ?? Max open trades reached (10 = 10)
0	02:02:02.758	MT4PredictServer AUDCAD,H1: ?? Max open trades reached (10 = 10)
0	02:02:03.616	MT4PredictServer AUDCAD,H1: ?? Max open trades reached (10 = 10)
0	02:02:06.065	MT4PredictServer AUDCAD,H1: ?? Max open trades reached (10 = 10)
0	02:02:07.004	MT4PredictServer AUDCAD,H1: ?? Max open trades reached (10 = 10)
0	02:02:07.967	MT4PredictServer AUDCAD,H1: ?? Max open trades reached (10 = 10)
0	02:02:09.031	MT4PredictServer AUDCAD,H1: ?? Max open trades reached (10 = 10)
0	02:02:10.656	MT4PredictServer AUDCAD,H1: ?? Max open trades reached (10 = 10)
0	02:02:11.430	MT4PredictServer AUDCAD,H1: ?? Max open trades reached (10 = 10)
0	02:02:12.685	MT4PredictServer AUDCAD,H1: ?? Max open trades reached (10 = 10)
0	02:02:13.910	MT4PredictServer AUDCAD,H1: ?? Max open trades reached (10 = 10)
0	02:02:16.089	MT4PredictServer AUDCAD,H1: ?? Max open trades reached (10 = 10)
0	02:02:17.130	MT4PredictServer AUDCAD,H1: ?? Max open trades reached (10 = 10)
2	02:02:18.279	MT4PredictServer AUDCAD,H1: open #163514984 buy stop 0.01 USDJPY at 151.803 sl: 151.289 tp: 152.572 ok
0	02:02:18.279	MT4PredictServer AUDCAD,H1: ? ORDER_TYPE_BUY USDJPY BUY executed @ 151.71700 | SL 151.28932 | TP 152.57236
0	02:02:19.421	MT4PredictServer AUDCAD,H1: ?? Max open trades reached (10 = 10)
0	02:02:20.940	MT4PredictServer AUDCAD,H1: ?? Max open trades reached (10 = 10)
0	02:02:22.247	MT4PredictServer AUDCAD,H1: ?? Max open trades reached (10 = 10)
0	02:02:23.361	MT4PredictServer AUDCAD,H1: ?? Max open trades reached (10 = 10)
0	02:02:24.542	MT4PredictServer AUDCAD,H1: ?? Max open trades reached (10 = 10)
0	02:02:26.090	MT4PredictServer AUDCAD,H1: ?? Max open trades reached (10 = 10)
0	02:02:27.008	MT4PredictServer AUDCAD,H1: ?? Max open trades reached (10 = 10)
0	02:02:28.060	MT4PredictServer AUDCAD,H1: ?? Max open trades reached (10 = 10)
0	02:02:29.114	MT4PredictServer AUDCAD,H1: ?? Max open trades reached (10 = 10)
0	02:02:30.943	MT4PredictServer AUDCAD,H1: ?? Max open trades reached (10 = 10)
0	02:02:32.271	MT4PredictServer AUDCAD,H1: ?? Max open trades reached (10 = 10)
0	02:02:37.564	MT4PredictServer AUDCAD,H1: ?? Max open trades reached (10 = 10)
0	02:02:42.648	MT4PredictServer AUDCAD,H1: ?? Max open trades reached (10 = 10)
0	02:02:45.070	MT4PredictServer AUDCAD,H1: ?? Max open trades reached (10 = 10)
0	02:02:46.641	MT4PredictServer AUDCAD,H1: ?? Max open trades reached (10 = 10)
0	02:02:47.657	MT4PredictServer AUDCAD,H1: ?? Max open trades reached (10 = 10)
0	02:02:49.150	MT4PredictServer AUDCAD,H1: ?? Max open trades reached (10 = 10)
0	02:02:50.487	MT4PredictServer AUDCAD,H1: ?? Max open trades reached (10 = 10)
0	02:02:51.931	MT4PredictServer AUDCAD,H1: ?? Max open trades reached (10 = 10)
0	02:02:53.548	MT4PredictServer AUDCAD,H1: ?? Max open trades reached (10 = 10)
0	02:02:55.061	MT4PredictServer AUDCAD,H1: ?? Max open trades reached (10 = 10)
0	02:02:56.748	MT4PredictServer AUDCAD,H1: ?? Max open trades reached (10 = 10)
0	02:02:58.315	MT4PredictServer AUDCAD,H1: ?? Max open trades reached (10 = 10)
0	02:02:59.438	MT4PredictServer AUDCAD,H1: ?? Max open trades reached (10 = 10)
0	02:03:00.775	MT4PredictServer AUDCAD,H1: ?? Max open trades reached (10 = 10)
0	02:03:02.191	MT4PredictServer AUDCAD,H1: ?? Max open trades reached (10 = 10)
0	02:03:03.174	MT4PredictServer AUDCAD,H1: ?? Max open trades reached (10 = 10)
0	02:03:04.858	MT4PredictServer AUDCAD,H1: ?? Max open trades reached (10 = 10)
0	02:03:06.267	MT4PredictServer AUDCAD,H1: ?? Max open trades reached (10 = 10)
0	02:03:07.815	MT4PredictServer AUDCAD,H1: ?? Max open trades reached (10 = 10)
0	02:03:09.620	MT4PredictServer AUDCAD,H1: ?? Max open trades reached (10 = 10)
0	02:03:14.243	MT4PredictServer AUDCAD,H1: ?? Max open trades reached (10 = 10)
0	02:03:16.436	MT4PredictServer AUDCAD,H1: ?? Max open trades reached (10 = 10)
0	02:03:20.962	MT4PredictServer AUDCAD,H1: ?? Max open trades reached (10 = 10)
0	02:03:22.927	MT4PredictServer AUDCAD,H1: ?? Max open trades reached (10 = 10)
0	02:03:25.352	MT4PredictServer AUDCAD,H1: ?? Max open trades reached (10 = 10)
0	02:03:26.538	MT4PredictServer AUDCAD,H1: ?? Max open trades reached (10 = 10)
0	02:03:30.369	MT4PredictServer AUDCAD,H1: ?? Max open trades reached (10 = 10)
0	02:03:32.376	MT4PredictServer AUDCAD,H1: ?? Max open trades reached (10 = 10)
0	02:03:33.841	MT4PredictServer AUDCAD,H1: ?? Max open trades reached (10 = 10)
0	02:03:35.213	MT4PredictServer AUDCAD,H1: ?? Max open trades reached (10 = 10)
0	02:03:36.682	MT4PredictServer AUDCAD,H1: ?? Max open trades reached (10 = 10)
0	02:03:37.899	MT4PredictServer AUDCAD,H1: ?? Max open trades reached (10 = 10)
0	02:03:39.309	MT4PredictServer AUDCAD,H1: ?? Max open trades reached (10 = 10)
0	02:03:41.193	MT4PredictServer AUDCAD,H1: ?? Max open trades reached (10 = 10)
0	02:03:43.057	MT4PredictServer AUDCAD,H1: ?? Max open trades reached (10 = 10)
0	02:03:44.927	MT4PredictServer AUDCAD,H1: ?? Max open trades reached (10 = 10)
0	02:03:46.403	MT4PredictServer AUDCAD,H1: ?? Max open trades reached (10 = 10)
0	02:03:49.032	MT4PredictServer AUDCAD,H1: ?? Max open trades reached (10 = 10)
0	02:03:51.983	MT4PredictServer AUDCAD,H1: ?? Max open trades reached (10 = 10)
0	02:03:53.218	MT4PredictServer AUDCAD,H1: ?? Max open trades reached (10 = 10)
0	02:03:54.856	MT4PredictServer AUDCAD,H1: ?? Max open trades reached (10 = 10)
0	02:03:59.191	MT4PredictServer AUDCAD,H1: ?? Max open trades reached (10 = 10)
0	02:04:00.810	MT4PredictServer AUDCAD,H1: ?? Max open trades reached (10 = 10)
0	02:04:03.025	MT4PredictServer AUDCAD,H1: ?? Max open trades reached (10 = 10)
0	02:04:04.610	MT4PredictServer AUDCAD,H1: ?? Max open trades reached (10 = 10)
0	02:04:06.346	MT4PredictServer AUDCAD,H1: ?? Max open trades reached (10 = 10)
0	02:04:07.513	MT4PredictServer AUDCAD,H1: ?? Max open trades reached (10 = 10)
0	02:04:09.171	MT4PredictServer AUDCAD,H1: ?? Max open trades reached (10 = 10)
0	02:04:10.802	MT4PredictServer AUDCAD,H1: ?? Max open trades reached (10 = 10)
0	02:04:12.165	MT4PredictServer AUDCAD,H1: ?? Max open trades reached (10 = 10)
0	02:04:14.264	MT4PredictServer AUDCAD,H1: ?? Max open trades reached (10 = 10)
0	02:04:15.828	MT4PredictServer AUDCAD,H1: ?? Max open trades reached (10 = 10)
0	02:04:17.193	MT4PredictServer AUDCAD,H1: ?? Max open trades reached (10 = 10)
0	02:04:18.433	MT4PredictServer AUDCAD,H1: ?? Max open trades reached (10 = 10)
0	02:04:19.822	MT4PredictServer AUDCAD,H1: ?? Max open trades reached (10 = 10)
0	02:04:21.099	MT4PredictServer AUDCAD,H1: ?? Max open trades reached (10 = 10)
0	02:04:23.045	MT4PredictServer AUDCAD,H1: ?? Max open trades reached (10 = 10)
0	02:04:24.549	MT4PredictServer AUDCAD,H1: ?? Max open trades reached (10 = 10)
0	02:04:29.061	MT4PredictServer AUDCAD,H1: ?? Max open trades reached (10 = 10)
0	02:04:30.192	MT4PredictServer AUDCAD,H1: ?? Max open trades reached (10 = 10)
0	02:04:35.462	MT4PredictServer AUDCAD,H1: ?? Max open trades reached (10 = 10)
0	02:04:38.167	MT4PredictServer AUDCAD,H1: ?? Max open trades reached (10 = 10)
0	02:04:39.481	MT4PredictServer AUDCAD,H1: ?? Max open trades reached (10 = 10)
0	02:04:40.964	MT4PredictServer AUDCAD,H1: ?? Max open trades reached (10 = 10)
0	02:04:42.412	MT4PredictServer AUDCAD,H1: ?? Max open trades reached (10 = 10)
0	02:04:43.858	MT4PredictServer AUDCAD,H1: ?? Max open trades reached (10 = 10)
0	02:04:45.424	MT4PredictServer AUDCAD,H1: ?? Max open trades reached (10 = 10)
0	02:04:46.739	MT4PredictServer AUDCAD,H1: ?? Max open trades reached (10 = 10)
0	02:04:48.718	MT4PredictServer AUDCAD,H1: ?? Max open trades reached (10 = 10)
0	02:04:50.090	MT4PredictServer AUDCAD,H1: ?? Max open trades reached (10 = 10)
0	02:04:52.429	MT4PredictServer AUDCAD,H1: ?? Max open trades reached (10 = 10)
0	02:04:55.104	MT4PredictServer AUDCAD,H1: ?? Max open trades reached (10 = 10)
0	02:04:56.590	MT4PredictServer AUDCAD,H1: ?? Max open trades reached (10 = 10)
0	02:04:57.845	MT4PredictServer AUDCAD,H1: ?? Max open trades reached (10 = 10)
0	02:04:59.893	MT4PredictServer AUDCAD,H1: ?? Max open trades reached (10 = 10)
0	02:05:03.758	MT4PredictServer AUDCAD,H1: ?? Max open trades reached (10 = 10)
0	02:05:05.126	MT4PredictServer AUDCAD,H1: ?? Max open trades reached (10 = 10)
0	02:05:06.467	MT4PredictServer AUDCAD,H1: ?? Max open trades reached (10 = 10)
0	02:05:08.105	MT4PredictServer AUDCAD,H1: ?? Max open trades reached (10 = 10)
0	02:05:09.511	MT4PredictServer AUDCAD,H1: ?? Max open trades reached (10 = 10)
0	02:05:11.304	MT4PredictServer AUDCAD,H1: ?? Max open trades reached (10 = 10)
0	02:05:12.725	MT4PredictServer AUDCAD,H1: ?? Max open trades reached (10 = 10)
0	02:05:14.302	MT4PredictServer AUDCAD,H1: ?? Max open trades reached (10 = 10)
0	02:05:15.867	MT4PredictServer AUDCAD,H1: ?? Max open trades reached (10 = 10)
0	02:05:17.353	MT4PredictServer AUDCAD,H1: ?? Max open trades reached (10 = 10)
0	02:05:19.219	MT4PredictServer AUDCAD,H1: ?? Max open trades reached (10 = 10)
0	02:05:21.651	MT4PredictServer AUDCAD,H1: ?? Max open trades reached (10 = 10)
0	02:05:23.577	MT4PredictServer AUDCAD,H1: ?? Max open trades reached (10 = 10)
0	02:05:25.523	MT4PredictServer AUDCAD,H1: ?? Max open trades reached (10 = 10)
0	02:05:27.485	MT4PredictServer AUDCAD,H1: ?? Max open trades reached (10 = 10)
0	02:05:30.296	MT4PredictServer AUDCAD,H1: ?? Max open trades reached (10 = 10)
0	02:05:31.953	MT4PredictServer AUDCAD,H1: ?? Max open trades reached (10 = 10)
0	02:05:33.291	MT4PredictServer AUDCAD,H1: ?? Max open trades reached (10 = 10)
0	02:05:34.975	MT4PredictServer AUDCAD,H1: ?? Max open trades reached (10 = 10)
0	02:05:36.768	MT4PredictServer AUDCAD,H1: ?? Max open trades reached (10 = 10)
0	02:05:38.107	MT4PredictServer AUDCAD,H1: ?? Max open trades reached (10 = 10)
0	02:05:39.415	MT4PredictServer AUDCAD,H1: ?? Max open trades reached (10 = 10)
0	02:05:40.874	MT4PredictServer AUDCAD,H1: ?? Max open trades reached (10 = 10)
0	02:05:42.327	MT4PredictServer AUDCAD,H1: ?? Max open trades reached (10 = 10)
0	02:05:43.975	MT4PredictServer AUDCAD,H1: ?? Max open trades reached (10 = 10)
0	02:05:45.666	MT4PredictServer AUDCAD,H1: ?? Max open trades reached (10 = 10)
0	02:05:47.733	MT4PredictServer AUDCAD,H1: ?? Max open trades reached (10 = 10)
0	02:05:49.436	MT4PredictServer AUDCAD,H1: ?? Max open trades reached (10 = 10)
0	02:05:50.912	MT4PredictServer AUDCAD,H1: ?? Max open trades reached (10 = 10)
0	02:05:52.872	MT4PredictServer AUDCAD,H1: ?? Max open trades reached (10 = 10)
0	02:05:54.421	MT4PredictServer AUDCAD,H1: ?? Max open trades reached (10 = 10)
0	02:05:56.723	MT4PredictServer AUDCAD,H1: ?? Max open trades reached (10 = 10)
0	02:05:58.376	MT4PredictServer AUDCAD,H1: ?? Max open trades reached (10 = 10)
0	02:06:00.144	MT4PredictServer AUDCAD,H1: ?? Max open trades reached (10 = 10)
0	02:06:02.986	MT4PredictServer AUDCAD,H1: ?? Max open trades reached (10 = 10)
0	02:06:04.770	MT4PredictServer AUDCAD,H1: ?? Max open trades reached (10 = 10)
0	02:06:06.470	MT4PredictServer AUDCAD,H1: ?? Max open trades reached (10 = 10)
0	02:06:07.738	MT4PredictServer AUDCAD,H1: ?? Max open trades reached (10 = 10)
0	02:06:09.344	MT4PredictServer AUDCAD,H1: ?? Max open trades reached (10 = 10)
0	02:06:10.984	MT4PredictServer AUDCAD,H1: ?? Max open trades reached (10 = 10)
0	02:06:12.385	MT4PredictServer AUDCAD,H1: ?? Max open trades reached (10 = 10)
0	02:06:13.865	MT4PredictServer AUDCAD,H1: ?? Max open trades reached (10 = 10)
0	02:06:15.331	MT4PredictServer AUDCAD,H1: ?? Max open trades reached (10 = 10)
0	02:06:16.784	MT4PredictServer AUDCAD,H1: ?? Max open trades reached (10 = 10)
0	02:06:18.511	MT4PredictServer AUDCAD,H1: ?? Max open trades reached (10 = 10)
0	02:06:20.110	MT4PredictServer AUDCAD,H1: ?? Max open trades reached (10 = 10)
0	02:06:21.584	MT4PredictServer AUDCAD,H1: ?? Max open trades reached (10 = 10)
0	02:06:23.613	MT4PredictServer AUDCAD,H1: ?? Max open trades reached (10 = 10)
0	02:06:25.433	MT4PredictServer AUDCAD,H1: ?? Max open trades reached (10 = 10)
0	02:06:26.692	MT4PredictServer AUDCAD,H1: ?? Max open trades reached (10 = 10)
0	02:06:28.131	MT4PredictServer AUDCAD,H1: ?? Max open trades reached (10 = 10)
0	02:06:29.543	MT4PredictServer AUDCAD,H1: ?? Max open trades reached (10 = 10)
0	02:06:30.978	MT4PredictServer AUDCAD,H1: ?? Max open trades reached (10 = 10)
0	02:06:32.415	MT4PredictServer AUDCAD,H1: ?? Max open trades reached (10 = 10)
0	02:06:34.040	MT4PredictServer AUDCAD,H1: ?? Max open trades reached (10 = 10)
0	02:06:35.630	MT4PredictServer AUDCAD,H1: ?? Max open trades reached (10 = 10)
0	02:06:37.034	MT4PredictServer AUDCAD,H1: ?? Max open trades reached (10 = 10)
0	02:06:38.452	MT4PredictServer AUDCAD,H1: ?? Max open trades reached (10 = 10)
0	02:06:39.831	MT4PredictServer AUDCAD,H1: ?? Max open trades reached (10 = 10)
0	02:06:41.458	MT4PredictServer AUDCAD,H1: ?? Max open trades reached (10 = 10)
0	02:06:43.664	MT4PredictServer AUDCAD,H1: ?? Max open trades reached (10 = 10)
0	02:06:45.335	MT4PredictServer AUDCAD,H1: ?? Max open trades reached (10 = 10)
0	02:06:47.181	MT4PredictServer AUDCAD,H1: ?? Max open trades reached (10 = 10)
0	02:06:49.335	MT4PredictServer AUDCAD,H1: ?? Max open trades reached (10 = 10)
0	02:06:51.002	MT4PredictServer AUDCAD,H1: ?? Max open trades reached (10 = 10)
0	02:06:52.782	MT4PredictServer AUDCAD,H1: ?? Max open trades reached (10 = 10)
0	02:06:54.389	MT4PredictServer AUDCAD,H1: ?? Max open trades reached (10 = 10)
0	02:06:56.445	MT4PredictServer AUDCAD,H1: ?? Max open trades reached (10 = 10)
0	02:06:57.872	MT4PredictServer AUDCAD,H1: ?? Max open trades reached (10 = 10)
0	02:06:59.592	MT4PredictServer AUDCAD,H1: ?? Max open trades reached (10 = 10)
0	02:07:05.261	MT4PredictServer AUDCAD,H1: ?? Max open trades reached (10 = 10)
0	02:07:09.536	MT4PredictServer AUDCAD,H1: ?? Max open trades reached (10 = 10)
0	02:07:11.711	MT4PredictServer AUDCAD,H1: ?? Max open trades reached (10 = 10)
0	02:07:13.456	MT4PredictServer AUDCAD,H1: ?? Max open trades reached (10 = 10)
0	02:07:14.816	MT4PredictServer AUDCAD,H1: ?? Max open trades reached (10 = 10)
0	02:07:17.180	MT4PredictServer AUDCAD,H1: ?? Max open trades reached (10 = 10)
0	02:07:20.427	MT4PredictServer AUDCAD,H1: ?? Max open trades reached (10 = 10)
0	02:07:23.326	MT4PredictServer AUDCAD,H1: ?? Max open trades reached (10 = 10)
0	02:07:26.493	MT4PredictServer AUDCAD,H1: ?? Max open trades reached (10 = 10)
0	02:07:29.796	MT4PredictServer AUDCAD,H1: ?? Max open trades reached (10 = 10)
0	02:07:33.358	MT4PredictServer AUDCAD,H1: ?? Max open trades reached (10 = 10)
0	02:07:35.927	MT4PredictServer AUDCAD,H1: ?? Max open trades reached (10 = 10)
0	02:07:41.793	MT4PredictServer AUDCAD,H1: ?? Max open trades reached (10 = 10)
0	02:07:44.959	MT4PredictServer AUDCAD,H1: ?? Max open trades reached (10 = 10)
0	02:07:46.996	MT4PredictServer AUDCAD,H1: ?? Max open trades reached (10 = 10)
0	02:07:49.341	MT4PredictServer AUDCAD,H1: ?? Max open trades reached (10 = 10)
0	02:07:51.981	MT4PredictServer AUDCAD,H1: ?? Max open trades reached (10 = 10)
0	02:07:56.920	MT4PredictServer AUDCAD,H1: ?? Max open trades reached (10 = 10)
2	02:08:01.140	MT4PredictServer AUDCAD,H1: open #163515121 sell stop 0.01 GBPUSD at 1.33109 sl: 1.33430 tp: 1.32627 ok
0	02:08:01.140	MT4PredictServer AUDCAD,H1: ? ORDER_TYPE_SELL GBPUSD SELL executed @ 1.33162 | SL 1.33430 | TP 1.32627
0	02:08:02.801	MT4PredictServer AUDCAD,H1: ?? Max open trades reached (10 = 10)
0	02:08:04.414	MT4PredictServer AUDCAD,H1: ?? Max open trades reached (10 = 10)
0	02:08:06.156	MT4PredictServer AUDCAD,H1: ?? Max open trades reached (10 = 10)
0	02:08:07.676	MT4PredictServer AUDCAD,H1: ?? Max open trades reached (10 = 10)
0	02:08:09.101	MT4PredictServer AUDCAD,H1: ?? Max open trades reached (10 = 10)
0	02:08:10.430	MT4PredictServer AUDCAD,H1: ?? Max open trades reached (10 = 10)
0	02:08:12.765	MT4PredictServer AUDCAD,H1: ?? Max open trades reached (10 = 10)
0	02:08:14.630	MT4PredictServer AUDCAD,H1: ?? Max open trades reached (10 = 10)
0	02:08:16.516	MT4PredictServer AUDCAD,H1: ?? Max open trades reached (10 = 10)
0	02:08:19.304	MT4PredictServer AUDCAD,H1: ?? Max open trades reached (10 = 10)
0	02:08:21.817	MT4PredictServer AUDCAD,H1: ?? Max open trades reached (10 = 10)
0	02:08:24.133	MT4PredictServer AUDCAD,H1: ?? Max open trades reached (10 = 10)
0	02:08:26.369	MT4PredictServer AUDCAD,H1: ?? Max open trades reached (10 = 10)
0	02:08:28.250	MT4PredictServer AUDCAD,H1: ?? Max open trades reached (10 = 10)
0	02:08:29.889	MT4PredictServer AUDCAD,H1: ?? Max open trades reached (10 = 10)
0	02:08:31.268	MT4PredictServer AUDCAD,H1: ?? Max open trades reached (10 = 10)
0	02:08:32.875	MT4PredictServer AUDCAD,H1: ?? Max open trades reached (10 = 10)
0	02:08:34.643	MT4PredictServer AUDCAD,H1: ?? Max open trades reached (10 = 10)
0	02:08:36.275	MT4PredictServer AUDCAD,H1: ?? Max open trades reached (10 = 10)
0	02:08:38.132	MT4PredictServer AUDCAD,H1: ?? Max open trades reached (10 = 10)
0	02:08:40.088	MT4PredictServer AUDCAD,H1: ?? Max open trades reached (10 = 10)
0	02:08:41.790	MT4PredictServer AUDCAD,H1: ?? Max open trades reached (10 = 10)
0	02:08:44.181	MT4PredictServer AUDCAD,H1: ?? Max open trades reached (10 = 10)
0	02:08:46.229	MT4PredictServer AUDCAD,H1: ?? Max open trades reached (10 = 10)
0	02:08:48.326	MT4PredictServer AUDCAD,H1: ?? Max open trades reached (10 = 10)
0	02:08:49.885	MT4PredictServer AUDCAD,H1: ?? Max open trades reached (10 = 10)
0	02:08:53.781	MT4PredictServer AUDCAD,H1: ?? Max open trades reached (10 = 10)
0	02:08:55.928	MT4PredictServer AUDCAD,H1: ?? Max open trades reached (10 = 10)
0	02:08:58.190	MT4PredictServer AUDCAD,H1: ?? Max open trades reached (10 = 10)
0	02:08:59.971	MT4PredictServer AUDCAD,H1: ?? Max open trades reached (10 = 10)
0	02:09:01.865	MT4PredictServer AUDCAD,H1: ?? Max open trades reached (10 = 10)
0	02:09:03.817	MT4PredictServer AUDCAD,H1: ?? Max open trades reached (10 = 10)
0	02:09:05.744	MT4PredictServer AUDCAD,H1: ?? Max open trades reached (10 = 10)
0	02:09:07.906	MT4PredictServer AUDCAD,H1: ?? Max open trades reached (10 = 10)
0	02:09:10.055	MT4PredictServer AUDCAD,H1: ?? Max open trades reached (10 = 10)
0	02:09:11.676	MT4PredictServer AUDCAD,H1: ?? Max open trades reached (10 = 10)
0	02:09:13.517	MT4PredictServer AUDCAD,H1: ?? Max open trades reached (10 = 10)
0	02:09:15.488	MT4PredictServer AUDCAD,H1: ?? Max open trades reached (10 = 10)
0	02:09:17.191	MT4PredictServer AUDCAD,H1: ?? Max open trades reached (10 = 10)
0	02:09:18.922	MT4PredictServer AUDCAD,H1: ?? Max open trades reached (10 = 10)
0	02:09:20.616	MT4PredictServer AUDCAD,H1: ?? Max open trades reached (10 = 10)
0	02:09:22.491	MT4PredictServer AUDCAD,H1: ?? Max open trades reached (10 = 10)
0	02:09:24.063	MT4PredictServer AUDCAD,H1: ?? Max open trades reached (10 = 10)
0	02:09:25.988	MT4PredictServer AUDCAD,H1: ?? Max open trades reached (10 = 10)
0	02:09:27.840	MT4PredictServer AUDCAD,H1: ?? Max open trades reached (10 = 10)
0	02:09:29.747	MT4PredictServer AUDCAD,H1: ?? Max open trades reached (10 = 10)
0	02:09:31.270	MT4PredictServer AUDCAD,H1: ?? Max open trades reached (10 = 10)
0	02:09:33.080	MT4PredictServer AUDCAD,H1: ?? Max open trades reached (10 = 10)
0	02:09:34.772	MT4PredictServer AUDCAD,H1: ?? Max open trades reached (10 = 10)
0	02:09:36.288	MT4PredictServer AUDCAD,H1: ?? Max open trades reached (10 = 10)
0	02:09:37.843	MT4PredictServer AUDCAD,H1: ?? Max open trades reached (10 = 10)
0	02:09:39.752	MT4PredictServer AUDCAD,H1: ?? Max open trades reached (10 = 10)
0	02:09:41.409	MT4PredictServer AUDCAD,H1: ?? Max open trades reached (10 = 10)
0	02:09:43.054	MT4PredictServer AUDCAD,H1: ?? Max open trades reached (10 = 10)
0	02:09:45.252	MT4PredictServer AUDCAD,H1: ?? Max open trades reached (10 = 10)
2	02:09:47.031	MT4PredictServer AUDCAD,H1: open #163515143 sell stop 0.01 GBPUSD at 1.33060 sl: 1.33386 tp: 1.32570 ok
0	02:09:47.031	MT4PredictServer AUDCAD,H1: ? ORDER_TYPE_SELL GBPUSD SELL executed @ 1.33114 | SL 1.33386 | TP 1.32570
0	02:09:48.450	MT4PredictServer AUDCAD,H1: ?? Max open trades reached (10 = 10)
0	02:09:50.031	MT4PredictServer AUDCAD,H1: ?? Max open trades reached (10 = 10)
0	02:09:51.517	MT4PredictServer AUDCAD,H1: ?? Max open trades reached (10 = 10)
0	02:09:53.225	MT4PredictServer AUDCAD,H1: ?? Max open trades reached (10 = 10)
0	02:09:54.985	MT4PredictServer AUDCAD,H1: ?? Max open trades reached (10 = 10)
0	02:09:56.950	MT4PredictServer AUDCAD,H1: ?? Max open trades reached (10 = 10)
0	02:09:58.777	MT4PredictServer AUDCAD,H1: ?? Max open trades reached (10 = 10)
0	02:10:00.970	MT4PredictServer AUDCAD,H1: ?? Max open trades reached (10 = 10)
0	02:10:02.688	MT4PredictServer AUDCAD,H1: ?? Max open trades reached (10 = 10)
2	02:10:04.128	MT4PredictServer AUDCAD,H1: open #163515152 sell stop 0.01 AUDCAD at 0.90811 sl: 0.91185 tp: 0.90248 ok
0	02:10:04.129	MT4PredictServer AUDCAD,H1: ? ORDER_TYPE_SELL AUDCAD SELL executed @ 0.90873 | SL 0.91185 | TP 0.90248
2	02:10:06.182	MT4PredictServer AUDCAD,H1: open #163515155 sell stop 0.01 EURUSD at 1.15783 sl: 1.16047 tp: 1.15388 ok
0	02:10:06.182	MT4PredictServer AUDCAD,H1: ? ORDER_TYPE_SELL EURUSD SELL executed @ 1.15827 | SL 1.16047 | TP 1.15388
0	02:10:08.322	MT4PredictServer AUDCAD,H1: ?? Max open trades reached (10 = 10)
0	02:10:10.217	MT4PredictServer AUDCAD,H1: ?? Max open trades reached (10 = 10)
0	02:10:11.978	MT4PredictServer AUDCAD,H1: ?? Max open trades reached (10 = 10)
0	02:10:14.207	MT4PredictServer AUDCAD,H1: ?? Max open trades reached (10 = 10)
0	02:10:15.910	MT4PredictServer AUDCAD,H1: ?? Max open trades reached (10 = 10)
0	02:10:17.513	MT4PredictServer AUDCAD,H1: ?? Max open trades reached (10 = 10)
0	02:10:19.202	MT4PredictServer AUDCAD,H1: ?? Max open trades reached (10 = 10)
0	02:10:21.427	MT4PredictServer AUDCAD,H1: ?? Max open trades reached (10 = 10)
0	02:10:23.075	MT4PredictServer AUDCAD,H1: ?? Max open trades reached (10 = 10)
0	02:10:24.976	MT4PredictServer AUDCAD,H1: ?? Max open trades reached (10 = 10)
0	02:10:26.906	MT4PredictServer AUDCAD,H1: ?? Max open trades reached (10 = 10)
0	02:10:28.856	MT4PredictServer AUDCAD,H1: ?? Max open trades reached (10 = 10)
0	02:10:30.606	MT4PredictServer AUDCAD,H1: ?? Max open trades reached (10 = 10)
2	02:10:32.143	MT4PredictServer AUDCAD,H1: open #163515162 buy stop 0.01 USDJPY at 151.962 sl: 151.417 tp: 152.780 ok
0	02:10:32.143	MT4PredictServer AUDCAD,H1: ? ORDER_TYPE_BUY USDJPY BUY executed @ 151.87100 | SL 151.41654 | TP 152.77993
2	02:10:34.253	MT4PredictServer AUDCAD,H1: open #163515164 sell stop 0.01 AUDCAD at 0.90809 sl: 0.91183 tp: 0.90246 ok
0	02:10:34.254	MT4PredictServer AUDCAD,H1: ? ORDER_TYPE_SELL AUDCAD SELL executed @ 0.90871 | SL 0.91183 | TP 0.90246
0	02:10:36.148	MT4PredictServer AUDCAD,H1: ?? Max open trades reached (10 = 10)
0	02:10:38.183	MT4PredictServer AUDCAD,H1: ?? Max open trades reached (10 = 10)
0	02:10:39.870	MT4PredictServer AUDCAD,H1: ?? Max open trades reached (10 = 10)
0	02:10:41.484	MT4PredictServer AUDCAD,H1: ?? Max open trades reached (10 = 10)
0	02:10:43.425	MT4PredictServer AUDCAD,H1: ?? Max open trades reached (10 = 10)
0	02:10:44.887	MT4PredictServer AUDCAD,H1: ?? Max open trades reached (10 = 10)
0	02:10:47.006	MT4PredictServer AUDCAD,H1: ?? Max open trades reached (10 = 10)
0	02:10:49.034	MT4PredictServer AUDCAD,H1: ?? Max open trades reached (10 = 10)
0	02:10:50.983	MT4PredictServer AUDCAD,H1: ?? Max open trades reached (10 = 10)
2	02:10:53.161	MT4PredictServer AUDCAD,H1: open #163515178 sell stop 0.01 GBPUSD at 1.33014 sl: 1.33350 tp: 1.32510 ok
0	02:10:53.161	MT4PredictServer AUDCAD,H1: ? ORDER_TYPE_SELL GBPUSD SELL executed @ 1.33070 | SL 1.33350 | TP 1.32510
2	02:10:55.490	MT4PredictServer AUDCAD,H1: open #163515180 buy stop 0.01 USDJPY at 151.953 sl: 151.408 tp: 152.771 ok
0	02:10:55.490	MT4PredictServer AUDCAD,H1: ? ORDER_TYPE_BUY USDJPY BUY executed @ 151.86200 | SL 151.40754 | TP 152.77093
0	02:10:57.268	MT4PredictServer AUDCAD,H1: ?? Max open trades reached (10 = 10)
0	02:10:59.260	MT4PredictServer AUDCAD,H1: ?? Max open trades reached (10 = 10)
2	02:11:05.550	MT4PredictServer AUDCAD,H1: open #163515185 sell stop 0.01 GBPUSD at 1.33008 sl: 1.33345 tp: 1.32501 ok
0	02:11:05.550	MT4PredictServer AUDCAD,H1: ? ORDER_TYPE_SELL GBPUSD SELL executed @ 1.33064 | SL 1.33345 | TP 1.32501
0	02:11:07.354	MT4PredictServer AUDCAD,H1: ?? Max open trades reached (10 = 10)
0	02:11:09.206	MT4PredictServer AUDCAD,H1: ?? Max open trades reached (10 = 10)
0	02:11:11.029	MT4PredictServer AUDCAD,H1: ?? Max open trades reached (10 = 10)
0	02:11:12.868	MT4PredictServer AUDCAD,H1: ?? Max open trades reached (10 = 10)
0	02:11:14.828	MT4PredictServer AUDCAD,H1: ?? Max open trades reached (10 = 10)
0	02:11:16.369	MT4PredictServer AUDCAD,H1: ?? Max open trades reached (10 = 10)
0	02:11:18.394	MT4PredictServer AUDCAD,H1: ?? Max open trades reached (10 = 10)
0	02:11:20.479	MT4PredictServer AUDCAD,H1: ?? Max open trades reached (10 = 10)
0	02:11:22.591	MT4PredictServer AUDCAD,H1: ?? Max open trades reached (10 = 10)
0	02:11:24.282	MT4PredictServer AUDCAD,H1: ?? Max open trades reached (10 = 10)
0	02:11:26.174	MT4PredictServer AUDCAD,H1: ?? Max open trades reached (10 = 10)
0	02:11:28.636	MT4PredictServer AUDCAD,H1: ?? Max open trades reached (10 = 10)
0	02:11:30.960	MT4PredictServer AUDCAD,H1: ?? Max open trades reached (10 = 10)
0	02:11:32.850	MT4PredictServer AUDCAD,H1: ?? Max open trades reached (10 = 10)
0	02:11:39.004	MT4PredictServer AUDCAD,H1: ?? Max open trades reached (10 = 10)
0	02:11:40.940	MT4PredictServer AUDCAD,H1: ?? Max open trades reached (10 = 10)
0	02:11:43.259	MT4PredictServer AUDCAD,H1: ?? Max open trades reached (10 = 10)
0	02:11:45.851	MT4PredictServer AUDCAD,H1: ?? Max open trades reached (10 = 10)
0	02:11:49.005	MT4PredictServer AUDCAD,H1: ?? Max open trades reached (10 = 10)
0	02:11:51.060	MT4PredictServer AUDCAD,H1: ?? Max open trades reached (10 = 10)
0	02:11:53.022	MT4PredictServer AUDCAD,H1: ?? Max open trades reached (10 = 10)
0	02:11:54.695	MT4PredictServer AUDCAD,H1: ?? Max open trades reached (10 = 10)
0	02:11:59.972	MT4PredictServer AUDCAD,H1: ?? Max open trades reached (10 = 10)
0	02:12:02.273	MT4PredictServer AUDCAD,H1: ?? Max open trades reached (10 = 10)
0	02:12:03.855	MT4PredictServer AUDCAD,H1: ?? Max open trades reached (10 = 10)
0	02:12:05.354	MT4PredictServer AUDCAD,H1: ?? Max open trades reached (10 = 10)
0	02:12:07.277	MT4PredictServer AUDCAD,H1: ?? Max open trades reached (10 = 10)
0	02:12:09.578	MT4PredictServer AUDCAD,H1: ?? Max open trades reached (10 = 10)
0	02:12:11.937	MT4PredictServer AUDCAD,H1: ?? Max open trades reached (10 = 10)
0	02:12:14.077	MT4PredictServer AUDCAD,H1: ?? Max open trades reached (10 = 10)
0	02:12:17.784	MT4PredictServer AUDCAD,H1: ?? Max open trades reached (10 = 10)
0	02:12:20.606	MT4PredictServer AUDCAD,H1: ?? Max open trades reached (10 = 10)
0	02:12:23.037	MT4PredictServer AUDCAD,H1: ?? Max open trades reached (10 = 10)
0	02:12:25.989	MT4PredictServer AUDCAD,H1: ?? Max open trades reached (10 = 10)
0	02:12:28.186	MT4PredictServer AUDCAD,H1: ?? Max open trades reached (10 = 10)
0	02:12:29.814	MT4PredictServer AUDCAD,H1: ?? Max open trades reached (10 = 10)
0	02:12:31.204	MT4PredictServer AUDCAD,H1: ?? Max open trades reached (10 = 10)
0	02:12:32.837	MT4PredictServer AUDCAD,H1: ?? Max open trades reached (10 = 10)
0	02:12:34.445	MT4PredictServer AUDCAD,H1: ?? Max open trades reached (10 = 10)
0	02:12:35.910	MT4PredictServer AUDCAD,H1: ?? Max open trades reached (10 = 10)
0	02:12:37.587	MT4PredictServer AUDCAD,H1: ?? Max open trades reached (10 = 10)
0	02:12:39.393	MT4PredictServer AUDCAD,H1: ?? Max open trades reached (10 = 10)
0	02:12:42.152	MT4PredictServer AUDCAD,H1: ?? Max open trades reached (10 = 10)
0	02:12:44.006	MT4PredictServer AUDCAD,H1: ?? Max open trades reached (10 = 10)
0	02:12:45.790	MT4PredictServer AUDCAD,H1: ?? Max open trades reached (10 = 10)
0	02:12:47.822	MT4PredictServer AUDCAD,H1: ?? Max open trades reached (10 = 10)
2	02:14:32.042	MT4PredictServer AUDCAD,H1: open #163515242 sell stop 0.01 EURUSD at 1.15750 sl: 1.16021 tp: 1.15342 ok
0	02:14:32.042	MT4PredictServer AUDCAD,H1: ? ORDER_TYPE_SELL EURUSD SELL executed @ 1.15795 | SL 1.16021 | TP 1.15342
2	02:14:35.005	MT4PredictServer AUDCAD,H1: open #163515243 sell stop 0.01 GBPUSD at 1.33010 sl: 1.33353 tp: 1.32494 ok
0	02:14:35.005	MT4PredictServer AUDCAD,H1: ? ORDER_TYPE_SELL GBPUSD SELL executed @ 1.33067 | SL 1.33353 | TP 1.32494
2	02:14:40.865	MT4PredictServer AUDCAD,H1: open #163515245 buy stop 0.01 USDJPY at 151.943 sl: 151.398 tp: 152.761 ok
0	02:14:40.865	MT4PredictServer AUDCAD,H1: ? ORDER_TYPE_BUY USDJPY BUY executed @ 151.85200 | SL 151.39754 | TP 152.76093
2	02:14:47.390	MT4PredictServer AUDCAD,H1: open #163515247 sell stop 0.01 AUDCAD at 0.90852 sl: 0.91235 tp: 0.90278 ok
0	02:14:47.390	MT4PredictServer AUDCAD,H1: ? ORDER_TYPE_SELL AUDCAD SELL executed @ 0.90916 | SL 0.91235 | TP 0.90278
2	02:14:54.705	MT4PredictServer AUDCAD,H1: open #163515249 sell stop 0.01 EURUSD at 1.15762 sl: 1.16033 tp: 1.15354 ok
0	02:14:54.705	MT4PredictServer AUDCAD,H1: ? ORDER_TYPE_SELL EURUSD SELL executed @ 1.15807 | SL 1.16033 | TP 1.15354
2	02:15:02.162	MT4PredictServer AUDCAD,H1: open #163515274 sell stop 0.01 GBPUSD at 1.33005 sl: 1.33348 tp: 1.32489 ok
0	02:15:02.162	MT4PredictServer AUDCAD,H1: ? ORDER_TYPE_SELL GBPUSD SELL executed @ 1.33062 | SL 1.33348 | TP 1.32489
2	02:15:08.525	MT4PredictServer AUDCAD,H1: open #163515277 buy stop 0.01 USDJPY at 151.951 sl: 151.406 tp: 152.769 ok
0	02:15:08.525	MT4PredictServer AUDCAD,H1: ? ORDER_TYPE_BUY USDJPY BUY executed @ 151.86000 | SL 151.40554 | TP 152.76893
2	02:15:12.514	MT4PredictServer AUDCAD,H1: open #163515278 sell stop 0.01 AUDCAD at 0.90861 sl: 0.91244 tp: 0.90287 ok
0	02:15:12.514	MT4PredictServer AUDCAD,H1: ? ORDER_TYPE_SELL AUDCAD SELL executed @ 0.90925 | SL 0.91244 | TP 0.90287
2	02:15:14.831	MT4PredictServer AUDCAD,H1: open #163515280 sell stop 0.01 EURUSD at 1.15769 sl: 1.16040 tp: 1.15361 ok
0	02:15:14.831	MT4PredictServer AUDCAD,H1: ? ORDER_TYPE_SELL EURUSD SELL executed @ 1.15814 | SL 1.16040 | TP 1.15361
2	02:15:16.778	MT4PredictServer AUDCAD,H1: open #163515281 sell stop 0.01 GBPUSD at 1.33005 sl: 1.33348 tp: 1.32489 ok
0	02:15:16.778	MT4PredictServer AUDCAD,H1: ? ORDER_TYPE_SELL GBPUSD SELL executed @ 1.33062 | SL 1.33348 | TP 1.32489
2	02:15:19.210	MT4PredictServer AUDCAD,H1: open #163515283 buy stop 0.01 USDJPY at 151.944 sl: 151.399 tp: 152.762 ok
0	02:15:19.210	MT4PredictServer AUDCAD,H1: ? ORDER_TYPE_BUY USDJPY BUY executed @ 151.85300 | SL 151.39854 | TP 152.76193
2	02:15:20.936	MT4PredictServer AUDCAD,H1: open #163515284 sell stop 0.01 AUDCAD at 0.90875 sl: 0.91258 tp: 0.90301 ok
0	02:15:20.936	MT4PredictServer AUDCAD,H1: ? ORDER_TYPE_SELL AUDCAD SELL executed @ 0.90939 | SL 0.91258 | TP 0.90301
2	02:15:23.135	MT4PredictServer AUDCAD,H1: open #163515286 sell stop 0.01 EURUSD at 1.15771 sl: 1.16042 tp: 1.15363 ok
0	02:15:23.135	MT4PredictServer AUDCAD,H1: ? ORDER_TYPE_SELL EURUSD SELL executed @ 1.15816 | SL 1.16042 | TP 1.15363
0	02:15:25.151	MT4PredictServer AUDCAD,H1: ?? Max open trades reached (10 = 10)
0	02:15:26.805	MT4PredictServer AUDCAD,H1: ?? Max open trades reached (10 = 10)
0	02:15:28.485	MT4PredictServer AUDCAD,H1: ?? Max open trades reached (10 = 10)
0	02:15:30.264	MT4PredictServer AUDCAD,H1: ?? Max open trades reached (10 = 10)
0	02:15:31.799	MT4PredictServer AUDCAD,H1: ?? Max open trades reached (10 = 10)
0	02:15:34.256	MT4PredictServer AUDCAD,H1: ?? Max open trades reached (10 = 10)
0	02:15:35.594	MT4PredictServer AUDCAD,H1: ?? Max open trades reached (10 = 10)
0	02:15:37.467	MT4PredictServer AUDCAD,H1: ?? Max open trades reached (10 = 10)
0	02:15:39.212	MT4PredictServer AUDCAD,H1: ?? Max open trades reached (10 = 10)
0	02:15:40.425	MT4PredictServer AUDCAD,H1: ?? Max open trades reached (10 = 10)
0	02:15:41.985	MT4PredictServer AUDCAD,H1: ?? Max open trades reached (10 = 10)
0	02:15:44.068	MT4PredictServer AUDCAD,H1: ?? Max open trades reached (10 = 10)
0	02:15:46.041	MT4PredictServer AUDCAD,H1: ?? Max open trades reached (10 = 10)
0	02:15:47.752	MT4PredictServer AUDCAD,H1: ?? Max open trades reached (10 = 10)
0	02:15:49.135	MT4PredictServer AUDCAD,H1: ?? Max open trades reached (10 = 10)
0	02:15:50.631	MT4PredictServer AUDCAD,H1: ?? Max open trades reached (10 = 10)
0	02:15:52.037	MT4PredictServer AUDCAD,H1: ?? Max open trades reached (10 = 10)
0	02:15:53.544	MT4PredictServer AUDCAD,H1: ?? Max open trades reached (10 = 10)
0	02:15:55.569	MT4PredictServer AUDCAD,H1: ?? Max open trades reached (10 = 10)
0	02:15:57.487	MT4PredictServer AUDCAD,H1: ?? Max open trades reached (10 = 10)
0	02:15:58.942	MT4PredictServer AUDCAD,H1: ?? Max open trades reached (10 = 10)
0	02:16:00.238	MT4PredictServer AUDCAD,H1: ?? Max open trades reached (10 = 10)
0	02:16:01.967	MT4PredictServer AUDCAD,H1: ?? Max open trades reached (10 = 10)
0	02:16:03.290	MT4PredictServer AUDCAD,H1: ?? Max open trades reached (10 = 10)
0	02:16:05.435	MT4PredictServer AUDCAD,H1: ?? Max open trades reached (10 = 10)
0	02:16:07.257	MT4PredictServer AUDCAD,H1: ?? Max open trades reached (10 = 10)
0	02:16:09.621	MT4PredictServer AUDCAD,H1: ?? Max open trades reached (10 = 10)
0	02:16:13.443	MT4PredictServer AUDCAD,H1: ?? Max open trades reached (10 = 10)
0	02:16:17.615	MT4PredictServer AUDCAD,H1: ?? Max open trades reached (10 = 10)
0	02:16:21.233	MT4PredictServer AUDCAD,H1: ?? Max open trades reached (10 = 10)
0	02:16:26.179	MT4PredictServer AUDCAD,H1: ?? Max open trades reached (10 = 10)
0	02:16:33.963	MT4PredictServer AUDCAD,H1: ?? Max open trades reached (10 = 10)
0	02:16:37.631	MT4PredictServer AUDCAD,H1: ?? Max open trades reached (10 = 10)
0	02:16:52.182	MT4PredictServer AUDCAD,H1: ?? Max open trades reached (10 = 10)
0	02:16:55.241	MT4PredictServer AUDCAD,H1: ?? Max open trades reached (10 = 10)
0	02:16:59.701	MT4PredictServer AUDCAD,H1: ?? Max open trades reached (10 = 10)
0	02:17:03.537	MT4PredictServer AUDCAD,H1: ?? Max open trades reached (10 = 10)
0	02:17:08.060	MT4PredictServer AUDCAD,H1: ?? Max open trades reached (10 = 10)
0	02:17:10.766	MT4PredictServer AUDCAD,H1: ?? Max open trades reached (10 = 10)
0	02:17:13.948	MT4PredictServer AUDCAD,H1: ?? Max open trades reached (10 = 10)
0	02:17:18.262	MT4PredictServer AUDCAD,H1: ?? Max open trades reached (10 = 10)
0	02:17:21.895	MT4PredictServer AUDCAD,H1: ?? Max open trades reached (10 = 10)
0	02:17:25.396	MT4PredictServer AUDCAD,H1: ?? Max open trades reached (10 = 10)
0	02:17:29.373	MT4PredictServer AUDCAD,H1: ?? Max open trades reached (10 = 10)
0	02:17:32.758	MT4PredictServer AUDCAD,H1: ?? Max open trades reached (10 = 10)
0	02:17:37.972	MT4PredictServer AUDCAD,H1: ?? Max open trades reached (10 = 10)
0	02:17:44.624	MT4PredictServer AUDCAD,H1: ?? Max open trades reached (10 = 10)
0	02:17:49.170	MT4PredictServer AUDCAD,H1: ?? Max open trades reached (10 = 10)
0	02:17:55.307	MT4PredictServer AUDCAD,H1: ?? Max open trades reached (10 = 10)
0	02:17:58.591	MT4PredictServer AUDCAD,H1: ?? Max open trades reached (10 = 10)
0	02:18:03.177	MT4PredictServer AUDCAD,H1: ?? Max open trades reached (10 = 10)
0	02:18:06.230	MT4PredictServer AUDCAD,H1: ?? Max open trades reached (10 = 10)
0	02:18:09.897	MT4PredictServer AUDCAD,H1: ?? Max open trades reached (10 = 10)
0	02:18:13.122	MT4PredictServer AUDCAD,H1: ?? Max open trades reached (10 = 10)
0	02:18:16.824	MT4PredictServer AUDCAD,H1: ?? Max open trades reached (10 = 10)
0	02:18:21.149	MT4PredictServer AUDCAD,H1: ?? Max open trades reached (10 = 10)
0	02:18:25.408	MT4PredictServer AUDCAD,H1: ?? Max open trades reached (10 = 10)
2	02:18:30.540	MT4PredictServer AUDCAD,H1: open #163515347 sell stop 0.01 AUDCAD at 0.90856 sl: 0.91244 tp: 0.90276 ok
0	02:18:30.540	MT4PredictServer AUDCAD,H1: ? ORDER_TYPE_SELL AUDCAD SELL executed @ 0.90921 | SL 0.91244 | TP 0.90276
2	02:18:35.700	MT4PredictServer AUDCAD,H1: open #163515349 sell stop 0.01 EURUSD at 1.15753 sl: 1.16024 tp: 1.15345 ok
0	02:18:35.700	MT4PredictServer AUDCAD,H1: ? ORDER_TYPE_SELL EURUSD SELL executed @ 1.15798 | SL 1.16024 | TP 1.15345
0	02:18:42.130	MT4PredictServer AUDCAD,H1: ?? Max open trades reached (10 = 10)
0	02:18:48.081	MT4PredictServer AUDCAD,H1: ?? Max open trades reached (10 = 10)
0	02:18:53.656	MT4PredictServer AUDCAD,H1: ?? Max open trades reached (10 = 10)
0	02:19:00.221	MT4PredictServer AUDCAD,H1: ?? Max open trades reached (10 = 10)
0	02:19:04.972	MT4PredictServer AUDCAD,H1: ?? Max open trades reached (10 = 10)
0	02:19:07.809	MT4PredictServer AUDCAD,H1: ?? Max open trades reached (10 = 10)
0	02:19:11.142	MT4PredictServer AUDCAD,H1: ?? Max open trades reached (10 = 10)
0	02:19:14.323	MT4PredictServer AUDCAD,H1: ?? Max open trades reached (10 = 10)
0	02:19:16.849	MT4PredictServer AUDCAD,H1: ?? Max open trades reached (10 = 10)
0	02:19:19.633	MT4PredictServer AUDCAD,H1: ?? Max open trades reached (10 = 10)
0	02:19:22.205	MT4PredictServer AUDCAD,H1: ?? Max open trades reached (10 = 10)
0	02:19:24.864	MT4PredictServer AUDCAD,H1: ?? Max open trades reached (10 = 10)
0	02:19:27.596	MT4PredictServer AUDCAD,H1: ?? Max open trades reached (10 = 10)
0	02:19:32.430	MT4PredictServer AUDCAD,H1: ?? Max open trades reached (10 = 10)
0	02:19:37.892	MT4PredictServer AUDCAD,H1: ?? Max open trades reached (10 = 10)
0	02:19:43.799	MT4PredictServer AUDCAD,H1: ?? Max open trades reached (10 = 10)
0	02:19:48.408	MT4PredictServer AUDCAD,H1: ?? Max open trades reached (10 = 10)
0	02:19:53.052	MT4PredictServer AUDCAD,H1: ?? Max open trades reached (10 = 10)
0	02:19:55.757	MT4PredictServer AUDCAD,H1: ?? Max open trades reached (10 = 10)
0	02:20:02.204	MT4PredictServer AUDCAD,H1: ?? Max open trades reached (10 = 10)
0	02:20:05.784	MT4PredictServer AUDCAD,H1: ?? Max open trades reached (10 = 10)
0	02:20:10.372	MT4PredictServer AUDCAD,H1: ?? Max open trades reached (10 = 10)
0	02:20:15.991	MT4PredictServer AUDCAD,H1: ?? Max open trades reached (10 = 10)
2	02:20:21.156	MT4PredictServer AUDCAD,H1: open #163515376 sell stop 0.01 EURUSD at 1.15757 sl: 1.16028 tp: 1.15349 ok
0	02:20:21.156	MT4PredictServer AUDCAD,H1: ? ORDER_TYPE_SELL EURUSD SELL executed @ 1.15802 | SL 1.16028 | TP 1.15349
0	02:20:26.518	MT4PredictServer AUDCAD,H1: ?? Max open trades reached (10 = 10)
0	02:20:32.499	MT4PredictServer AUDCAD,H1: ?? Max open trades reached (10 = 10)
0	02:20:37.235	MT4PredictServer AUDCAD,H1: ?? Max open trades reached (10 = 10)
0	02:20:43.155	MT4PredictServer AUDCAD,H1: ?? Max open trades reached (10 = 10)
0	02:20:46.633	MT4PredictServer AUDCAD,H1: ?? Max open trades reached (10 = 10)
0	02:20:51.709	MT4PredictServer AUDCAD,H1: ?? Max open trades reached (10 = 10)
0	02:20:57.309	MT4PredictServer AUDCAD,H1: ?? Max open trades reached (10 = 10)
0	02:21:01.570	MT4PredictServer AUDCAD,H1: ?? Max open trades reached (10 = 10)
0	02:21:05.949	MT4PredictServer AUDCAD,H1: ?? Max open trades reached (10 = 10)
0	02:21:10.617	MT4PredictServer AUDCAD,H1: ?? Max open trades reached (10 = 10)
0	02:21:14.202	MT4PredictServer AUDCAD,H1: ?? Max open trades reached (10 = 10)
0	02:21:19.198	MT4PredictServer AUDCAD,H1: ?? Max open trades reached (10 = 10)
0	02:21:23.953	MT4PredictServer AUDCAD,H1: ?? Max open trades reached (10 = 10)
0	02:21:30.470	MT4PredictServer AUDCAD,H1: ?? Max open trades reached (10 = 10)
0	02:21:40.111	MT4PredictServer AUDCAD,H1: ?? Max open trades reached (10 = 10)
0	02:21:46.223	MT4PredictServer AUDCAD,H1: ?? Max open trades reached (10 = 10)
0	02:21:49.545	MT4PredictServer AUDCAD,H1: ?? Max open trades reached (10 = 10)
0	02:21:54.060	MT4PredictServer AUDCAD,H1: ?? Max open trades reached (10 = 10)
0	02:21:57.439	MT4PredictServer AUDCAD,H1: ?? Max open trades reached (10 = 10)
0	02:22:03.126	MT4PredictServer AUDCAD,H1: ?? Max open trades reached (10 = 10)
0	02:22:07.276	MT4PredictServer AUDCAD,H1: ?? Max open trades reached (10 = 10)
0	02:22:12.959	MT4PredictServer AUDCAD,H1: ?? Max open trades reached (10 = 10)
0	02:22:18.001	MT4PredictServer AUDCAD,H1: ?? Max open trades reached (10 = 10)
0	02:22:23.102	MT4PredictServer AUDCAD,H1: ?? Max open trades reached (10 = 10)
0	02:22:28.353	MT4PredictServer AUDCAD,H1: ?? Max open trades reached (10 = 10)
0	02:22:31.805	MT4PredictServer AUDCAD,H1: ?? Max open trades reached (10 = 10)
0	02:22:34.802	MT4PredictServer AUDCAD,H1: ?? Max open trades reached (10 = 10)
0	02:22:38.798	MT4PredictServer AUDCAD,H1: ?? Max open trades reached (10 = 10)
0	02:22:41.925	MT4PredictServer AUDCAD,H1: ?? Max open trades reached (10 = 10)
0	02:22:45.613	MT4PredictServer AUDCAD,H1: ?? Max open trades reached (10 = 10)
0	02:22:48.848	MT4PredictServer AUDCAD,H1: ?? Max open trades reached (10 = 10)
0	02:22:53.190	MT4PredictServer AUDCAD,H1: ?? Max open trades reached (10 = 10)
0	02:22:57.343	MT4PredictServer AUDCAD,H1: ?? Max open trades reached (10 = 10)
0	02:23:02.871	MT4PredictServer AUDCAD,H1: ?? Max open trades reached (10 = 10)
0	02:23:06.544	MT4PredictServer AUDCAD,H1: ?? Max open trades reached (10 = 10)
0	02:23:12.054	MT4PredictServer AUDCAD,H1: ?? Max open trades reached (10 = 10)
0	02:23:16.128	MT4PredictServer AUDCAD,H1: ?? Max open trades reached (10 = 10)
0	02:23:19.628	MT4PredictServer AUDCAD,H1: ?? Max open trades reached (10 = 10)
0	02:23:24.141	MT4PredictServer AUDCAD,H1: ?? Max open trades reached (10 = 10)
0	02:23:29.964	MT4PredictServer AUDCAD,H1: ?? Max open trades reached (10 = 10)
0	02:23:34.426	MT4PredictServer AUDCAD,H1: ?? Max open trades reached (10 = 10)
0	02:23:37.933	MT4PredictServer AUDCAD,H1: ?? Max open trades reached (10 = 10)
2	02:23:43.727	MT4PredictServer AUDCAD,H1: open #163515443 sell stop 0.01 AUDCAD at 0.90813 sl: 0.91201 tp: 0.90233 ok
0	02:23:43.727	MT4PredictServer AUDCAD,H1: ? ORDER_TYPE_SELL AUDCAD SELL executed @ 0.90878 | SL 0.91201 | TP 0.90233
0	02:23:51.646	MT4PredictServer AUDCAD,H1: ?? Max open trades reached (10 = 10)
0	02:23:55.778	MT4PredictServer AUDCAD,H1: ?? Max open trades reached (10 = 10)
2	02:24:00.632	MT4PredictServer AUDCAD,H1: open #163515452 buy stop 0.01 USDJPY at 151.884 sl: 151.333 tp: 152.711 ok
0	02:24:00.632	MT4PredictServer AUDCAD,H1: ? ORDER_TYPE_BUY USDJPY BUY executed @ 151.79200 | SL 151.33254 | TP 152.71093
2	02:24:07.879	MT4PredictServer AUDCAD,H1: open #163515458 sell stop 0.01 AUDCAD at 0.90815 sl: 0.91203 tp: 0.90235 ok
0	02:24:07.879	MT4PredictServer AUDCAD,H1: ? ORDER_TYPE_SELL AUDCAD SELL executed @ 0.90880 | SL 0.91203 | TP 0.90235
0	02:24:12.925	MT4PredictServer AUDCAD,H1: ?? Max open trades reached (10 = 10)
0	02:24:17.432	MT4PredictServer AUDCAD,H1: ?? Max open trades reached (10 = 10)
0	02:24:23.306	MT4PredictServer AUDCAD,H1: ?? Max open trades reached (10 = 10)
0	02:24:29.604	MT4PredictServer AUDCAD,H1: ?? Max open trades reached (10 = 10)
0	02:24:35.721	MT4PredictServer AUDCAD,H1: ?? Max open trades reached (10 = 10)
0	02:24:41.030	MT4PredictServer AUDCAD,H1: ?? Max open trades reached (10 = 10)
0	02:24:47.197	MT4PredictServer AUDCAD,H1: ?? Max open trades reached (10 = 10)
2	02:24:53.281	MT4PredictServer AUDCAD,H1: open #163515485 sell stop 0.01 AUDCAD at 0.90819 sl: 0.91207 tp: 0.90239 ok
0	02:24:53.287	MT4PredictServer AUDCAD,H1: ? ORDER_TYPE_SELL AUDCAD SELL executed @ 0.90884 | SL 0.91207 | TP 0.90239
2	02:25:28.158	MT4PredictServer AUDCAD,H1: open #163515505 sell stop 0.01 EURUSD at 1.15689 sl: 1.15972 tp: 1.15265 ok
0	02:25:28.158	MT4PredictServer AUDCAD,H1: ? ORDER_TYPE_SELL EURUSD SELL executed @ 1.15736 | SL 1.15972 | TP 1.15265
0	02:25:33.176	MT4PredictServer AUDCAD,H1: ?? Max open trades reached (10 = 10)
0	02:25:37.700	MT4PredictServer AUDCAD,H1: ?? Max open trades reached (10 = 10)
0	02:25:42.610	MT4PredictServer AUDCAD,H1: ?? Max open trades reached (10 = 10)
0	02:25:47.133	MT4PredictServer AUDCAD,H1: ?? Max open trades reached (10 = 10)
2	02:25:53.171	MT4PredictServer AUDCAD,H1: open #163515517 sell stop 0.01 GBPUSD at 1.32880 sl: 1.33243 tp: 1.32335 ok
0	02:25:53.171	MT4PredictServer AUDCAD,H1: ? ORDER_TYPE_SELL GBPUSD SELL executed @ 1.32940 | SL 1.33242 | TP 1.32335
0	02:25:58.477	MT4PredictServer AUDCAD,H1: ?? Max open trades reached (10 = 10)
0	02:26:00.775	MT4PredictServer AUDCAD,H1: ?? Max open trades reached (10 = 10)
0	02:26:02.791	MT4PredictServer AUDCAD,H1: ?? Max open trades reached (10 = 10)
0	02:26:07.047	MT4PredictServer AUDCAD,H1: ?? Max open trades reached (10 = 10)
0	02:26:09.494	MT4PredictServer AUDCAD,H1: ?? Max open trades reached (10 = 10)
0	02:26:11.536	MT4PredictServer AUDCAD,H1: ?? Max open trades reached (10 = 10)
0	02:26:12.877	MT4PredictServer AUDCAD,H1: ?? Max open trades reached (10 = 10)
0	02:26:14.296	MT4PredictServer AUDCAD,H1: ?? Max open trades reached (10 = 10)
0	02:26:15.950	MT4PredictServer AUDCAD,H1: ?? Max open trades reached (10 = 10)
0	02:26:17.366	MT4PredictServer AUDCAD,H1: ?? Max open trades reached (10 = 10)
0	02:26:19.285	MT4PredictServer AUDCAD,H1: ?? Max open trades reached (10 = 10)
0	02:26:22.739	MT4PredictServer AUDCAD,H1: ?? Max open trades reached (10 = 10)
0	02:26:27.497	MT4PredictServer AUDCAD,H1: ?? Max open trades reached (10 = 10)
0	02:26:31.651	MT4PredictServer AUDCAD,H1: ?? Max open trades reached (10 = 10)
0	02:26:37.980	MT4PredictServer AUDCAD,H1: ?? Max open trades reached (10 = 10)
0	02:26:43.585	MT4PredictServer AUDCAD,H1: ?? Max open trades reached (10 = 10)
0	02:26:48.025	MT4PredictServer AUDCAD,H1: ?? Max open trades reached (10 = 10)
2	02:26:54.396	MT4PredictServer AUDCAD,H1: open #163515536 sell stop 0.01 AUDCAD at 0.90788 sl: 0.91176 tp: 0.90208 ok
0	02:26:54.396	MT4PredictServer AUDCAD,H1: ? ORDER_TYPE_SELL AUDCAD SELL executed @ 0.90853 | SL 0.91176 | TP 0.90208
2	02:27:19.254	MT4PredictServer AUDCAD,H1: open #163515543 sell stop 0.01 EURUSD at 1.15653 sl: 1.15942 tp: 1.15219 ok
0	02:27:19.254	MT4PredictServer AUDCAD,H1: ? ORDER_TYPE_SELL EURUSD SELL executed @ 1.15701 | SL 1.15942 | TP 1.15219
0	02:27:24.629	MT4PredictServer AUDCAD,H1: ?? Max open trades reached (10 = 10)
0	02:27:29.293	MT4PredictServer AUDCAD,H1: ?? Max open trades reached (10 = 10)
0	02:27:35.159	MT4PredictServer AUDCAD,H1: ?? Max open trades reached (10 = 10)
0	02:27:42.501	MT4PredictServer AUDCAD,H1: ?? Max open trades reached (10 = 10)
0	02:27:47.652	MT4PredictServer AUDCAD,H1: ?? Max open trades reached (10 = 10)
0	02:27:55.220	MT4PredictServer AUDCAD,H1: ?? Max open trades reached (10 = 10)
0	02:28:00.794	MT4PredictServer AUDCAD,H1: ?? Max open trades reached (10 = 10)
3	02:36:32.145	MT4PredictServer AUDCAD,H1: shutdown by timeout
0	02:36:33.306	MT4PredictServer AUDCAD,H1: uninit reason 2
0	02:36:33.306	MT4PredictServer AUDCAD,H1: ?? EA stopped.
0	02:36:33.310	Expert MT4PredictServer AUDCAD,H1: removed
0	02:36:33.330	Expert MT4PredictServer AUDCAD,H1: loaded successfully
0	02:36:33.381	MT4PredictServer AUDCAD,H1: ?? RiskManager reset — new day started (Balance: 0.32)
0	02:36:33.381	MT4PredictServer AUDCAD,H1: ?? Multi-Symbol Predict EA starting...
0	02:36:35.422	MT4PredictServer AUDCAD,H1: ?? Handshake reply: {"status":"error","reason":"Connection failed (10061)"}
0	02:36:35.422	MT4PredictServer AUDCAD,H1: ?? Server handshake failed.
0	02:36:35.422	MT4PredictServer AUDCAD,H1: initialized
0	02:36:42.458	MT4PredictServer AUDCAD,H1: ?? Handshake reply: {"status":"error","reason":"Connection failed (10061)"}
0	02:36:42.458	MT4PredictServer AUDCAD,H1: ?? Server handshake failed.
0	02:36:47.444	MT4PredictServer AUDCAD,H1: ?? Handshake reply: {"status":"error","reason":"Connection failed (10061)"}
0	02:36:47.444	MT4PredictServer AUDCAD,H1: ?? Server handshake failed.
0	02:36:52.457	MT4PredictServer AUDCAD,H1: ?? Handshake reply: {"status":"error","reason":"Connection failed (10061)"}
0	02:36:52.457	MT4PredictServer AUDCAD,H1: ?? Server handshake failed.
0	02:36:57.484	MT4PredictServer AUDCAD,H1: ?? Handshake reply: {"status":"error","reason":"Connection failed (10061)"}
0	02:36:57.484	MT4PredictServer AUDCAD,H1: ?? Server handshake failed.
0	02:37:02.467	MT4PredictServer AUDCAD,H1: ?? Handshake reply: {"status":"error","reason":"Connection failed (10061)"}
0	02:37:02.467	MT4PredictServer AUDCAD,H1: ?? Server handshake failed.
0	02:37:07.471	MT4PredictServer AUDCAD,H1: ?? Handshake reply: {"status":"error","reason":"Connection failed (10061)"}
0	02:37:07.471	MT4PredictServer AUDCAD,H1: ?? Server handshake failed.
0	02:37:12.485	MT4PredictServer AUDCAD,H1: ?? Handshake reply: {"status":"error","reason":"Connection failed (10061)"}
0	02:37:12.485	MT4PredictServer AUDCAD,H1: ?? Server handshake failed.
0	02:37:17.479	MT4PredictServer AUDCAD,H1: ?? Handshake reply: {"status":"error","reason":"Connection failed (10061)"}
0	02:37:17.479	MT4PredictServer AUDCAD,H1: ?? Server handshake failed.
0	02:37:22.464	MT4PredictServer AUDCAD,H1: ?? Handshake reply: {"status":"error","reason":"Connection failed (10061)"}
0	02:37:22.464	MT4PredictServer AUDCAD,H1: ?? Server handshake failed.
0	02:37:27.502	MT4PredictServer AUDCAD,H1: ?? Handshake reply: {"status":"error","reason":"Connection failed (10061)"}
0	02:37:27.502	MT4PredictServer AUDCAD,H1: ?? Server handshake failed.
0	02:37:32.477	MT4PredictServer AUDCAD,H1: ?? Handshake reply: {"status":"error","reason":"Connection failed (10061)"}
0	02:37:32.477	MT4PredictServer AUDCAD,H1: ?? Server handshake failed.
0	02:37:37.475	MT4PredictServer AUDCAD,H1: ?? Handshake reply: {"status":"error","reason":"Connection failed (10061)"}
0	02:37:37.475	MT4PredictServer AUDCAD,H1: ?? Server handshake failed.
0	02:37:42.482	MT4PredictServer AUDCAD,H1: ?? Handshake reply: {"status":"error","reason":"Connection failed (10061)"}
0	02:37:42.482	MT4PredictServer AUDCAD,H1: ?? Server handshake failed.
0	02:37:47.489	MT4PredictServer AUDCAD,H1: ?? Handshake reply: {"status":"error","reason":"Connection failed (10061)"}
0	02:37:47.489	MT4PredictServer AUDCAD,H1: ?? Server handshake failed.
0	02:37:52.491	MT4PredictServer AUDCAD,H1: ?? Handshake reply: {"status":"error","reason":"Connection failed (10061)"}
0	02:37:52.491	MT4PredictServer AUDCAD,H1: ?? Server handshake failed.
0	02:37:57.490	MT4PredictServer AUDCAD,H1: ?? Handshake reply: {"status":"error","reason":"Connection failed (10061)"}
0	02:37:57.490	MT4PredictServer AUDCAD,H1: ?? Server handshake failed.
0	02:38:02.493	MT4PredictServer AUDCAD,H1: ?? Handshake reply: {"status":"error","reason":"Connection failed (10061)"}
0	02:38:02.493	MT4PredictServer AUDCAD,H1: ?? Server handshake failed.
0	02:38:07.520	MT4PredictServer AUDCAD,H1: ?? Handshake reply: {"status":"error","reason":"Connection failed (10061)"}
0	02:38:07.520	MT4PredictServer AUDCAD,H1: ?? Server handshake failed.
0	02:38:12.498	MT4PredictServer AUDCAD,H1: ?? Handshake reply: {"status":"error","reason":"Connection failed (10061)"}
0	02:38:12.498	MT4PredictServer AUDCAD,H1: ?? Server handshake failed.
0	02:38:17.518	MT4PredictServer AUDCAD,H1: ?? Handshake reply: {"status":"error","reason":"Connection failed (10061)"}
0	02:38:17.518	MT4PredictServer AUDCAD,H1: ?? Server handshake failed.
0	02:38:22.531	MT4PredictServer AUDCAD,H1: ?? Handshake reply: {"status":"error","reason":"Connection failed (10061)"}
0	02:38:22.531	MT4PredictServer AUDCAD,H1: ?? Server handshake failed.
0	02:38:27.510	MT4PredictServer AUDCAD,H1: ?? Handshake reply: {"status":"error","reason":"Connection failed (10061)"}
0	02:38:27.510	MT4PredictServer AUDCAD,H1: ?? Server handshake failed.
0	02:38:32.514	MT4PredictServer AUDCAD,H1: ?? Handshake reply: {"status":"error","reason":"Connection failed (10061)"}
0	02:38:32.514	MT4PredictServer AUDCAD,H1: ?? Server handshake failed.
0	02:38:37.564	MT4PredictServer AUDCAD,H1: ?? Handshake reply: {"status":"error","reason":"Connection failed (10061)"}
0	02:38:37.564	MT4PredictServer AUDCAD,H1: ?? Server handshake failed.
0	02:38:42.530	MT4PredictServer AUDCAD,H1: ?? Handshake reply: {"status":"error","reason":"Connection failed (10061)"}
0	02:38:42.530	MT4PredictServer AUDCAD,H1: ?? Server handshake failed.
0	02:38:47.545	MT4PredictServer AUDCAD,H1: ?? Handshake reply: {"status":"error","reason":"Connection failed (10061)"}
0	02:38:47.545	MT4PredictServer AUDCAD,H1: ?? Server handshake failed.
0	02:38:52.531	MT4PredictServer AUDCAD,H1: ?? Handshake reply: {"status":"error","reason":"Connection failed (10061)"}
0	02:38:52.531	MT4PredictServer AUDCAD,H1: ?? Server handshake failed.
0	02:38:57.568	MT4PredictServer AUDCAD,H1: ?? Handshake reply: {"status":"error","reason":"Connection failed (10061)"}
0	02:38:57.568	MT4PredictServer AUDCAD,H1: ?? Server handshake failed.
0	02:39:02.555	MT4PredictServer AUDCAD,H1: ?? Handshake reply: {"status":"error","reason":"Connection failed (10061)"}
0	02:39:02.555	MT4PredictServer AUDCAD,H1: ?? Server handshake failed.
0	02:39:07.562	MT4PredictServer AUDCAD,H1: ?? Handshake reply: {"status":"error","reason":"Connection failed (10061)"}
0	02:39:07.562	MT4PredictServer AUDCAD,H1: ?? Server handshake failed.
0	02:39:12.558	MT4PredictServer AUDCAD,H1: ?? Handshake reply: {"status":"error","reason":"Connection failed (10061)"}
0	02:39:12.558	MT4PredictServer AUDCAD,H1: ?? Server handshake failed.
0	02:39:17.559	MT4PredictServer AUDCAD,H1: ?? Handshake reply: {"status":"error","reason":"Connection failed (10061)"}
0	02:39:17.559	MT4PredictServer AUDCAD,H1: ?? Server handshake failed.
0	02:39:22.565	MT4PredictServer AUDCAD,H1: ?? Handshake reply: {"status":"error","reason":"Connection failed (10061)"}
0	02:39:22.565	MT4PredictServer AUDCAD,H1: ?? Server handshake failed.
0	02:39:27.615	MT4PredictServer AUDCAD,H1: ?? Handshake reply: {"status":"error","reason":"Connection failed (10061)"}
0	02:39:27.615	MT4PredictServer AUDCAD,H1: ?? Server handshake failed.
0	02:39:32.639	MT4PredictServer AUDCAD,H1: ?? Handshake reply: {"type": "pong", "status": "ready", "timestamp": 1760423972.640037}

0	02:39:32.639	MT4PredictServer AUDCAD,H1: ? Server handshake successful!
2	02:48:36.153	MT4PredictServer AUDCAD,H1: open #163515866 sell stop 0.01 AUDCAD at 0.90753 sl: 0.91144 tp: 0.90167 ok
0	02:48:36.153	MT4PredictServer AUDCAD,H1: ? ORDER_TYPE_SELL AUDCAD SELL executed @ 0.90818 | SL 0.91144 | TP 0.90167
2	02:48:36.326	MT4PredictServer AUDCAD,H1: open #163515867 sell stop 0.01 EURUSD at 1.15644 sl: 1.15949 tp: 1.15187 ok
0	02:48:36.326	MT4PredictServer AUDCAD,H1: ? ORDER_TYPE_SELL EURUSD SELL executed @ 1.15695 | SL 1.15949 | TP 1.15187
2	02:48:36.527	MT4PredictServer AUDCAD,H1: open #163515868 sell stop 0.01 GBPUSD at 1.32751 sl: 1.33154 tp: 1.32146 ok
0	02:48:36.527	MT4PredictServer AUDCAD,H1: ? ORDER_TYPE_SELL GBPUSD SELL executed @ 1.32818 | SL 1.33154 | TP 1.32145
2	02:48:36.935	MT4PredictServer AUDCAD,H1: open #163515869 buy stop 0.01 USDJPY at 152.063 sl: 151.494 tp: 152.916 ok
0	02:48:36.936	MT4PredictServer AUDCAD,H1: ? ORDER_TYPE_BUY USDJPY BUY executed @ 151.96800 | SL 151.49425 | TP 152.91550
2	02:48:37.286	MT4PredictServer AUDCAD,H1: open #163515870 sell stop 0.01 AUDCAD at 0.90753 sl: 0.91144 tp: 0.90167 ok
0	02:48:37.287	MT4PredictServer AUDCAD,H1: ? ORDER_TYPE_SELL AUDCAD SELL executed @ 0.90818 | SL 0.91144 | TP 0.90167
2	02:48:41.249	MT4PredictServer AUDCAD,H1: open #163515871 sell stop 0.01 EURUSD at 1.15641 sl: 1.15946 tp: 1.15184 ok
0	02:48:41.249	MT4PredictServer AUDCAD,H1: ? ORDER_TYPE_SELL EURUSD SELL executed @ 1.15692 | SL 1.15946 | TP 1.15184
2	02:48:41.483	MT4PredictServer AUDCAD,H1: open #163515872 sell stop 0.01 GBPUSD at 1.32749 sl: 1.33152 tp: 1.32144 ok
0	02:48:41.483	MT4PredictServer AUDCAD,H1: ? ORDER_TYPE_SELL GBPUSD SELL executed @ 1.32816 | SL 1.33152 | TP 1.32143
2	02:48:41.721	MT4PredictServer AUDCAD,H1: open #163515873 buy stop 0.01 USDJPY at 152.066 sl: 151.497 tp: 152.919 ok
0	02:48:41.721	MT4PredictServer AUDCAD,H1: ? ORDER_TYPE_BUY USDJPY BUY executed @ 151.97100 | SL 151.49725 | TP 152.91850
0	02:48:42.289	MT4PredictServer AUDCAD,H1: ?? Max open trades reached (10 = 10)
0	02:48:46.173	MT4PredictServer AUDCAD,H1: ?? Max open trades reached (10 = 10)
0	02:48:46.320	MT4PredictServer AUDCAD,H1: ?? Max open trades reached (10 = 10)
0	02:48:46.464	MT4PredictServer AUDCAD,H1: ?? Max open trades reached (10 = 10)
0	02:48:46.617	MT4PredictServer AUDCAD,H1: ?? Max open trades reached (10 = 10)
0	02:48:51.442	MT4PredictServer AUDCAD,H1: ?? Max open trades reached (10 = 10)
0	02:48:51.631	MT4PredictServer AUDCAD,H1: ?? Max open trades reached (10 = 10)
0	02:48:51.908	MT4PredictServer AUDCAD,H1: ?? Max open trades reached (10 = 10)
0	02:48:52.120	MT4PredictServer AUDCAD,H1: ?? Max open trades reached (10 = 10)
0	02:48:56.448	MT4PredictServer AUDCAD,H1: ?? Max open trades reached (10 = 10)
0	02:48:56.806	MT4PredictServer AUDCAD,H1: ?? Max open trades reached (10 = 10)
0	02:48:57.228	MT4PredictServer AUDCAD,H1: ?? Max open trades reached (10 = 10)
0	02:48:57.659	MT4PredictServer AUDCAD,H1: ?? Max open trades reached (10 = 10)
0	02:49:01.462	MT4PredictServer AUDCAD,H1: ?? Max open trades reached (10 = 10)
0	02:49:01.813	MT4PredictServer AUDCAD,H1: ?? Max open trades reached (10 = 10)
0	02:49:02.179	MT4PredictServer AUDCAD,H1: ?? Max open trades reached (10 = 10)
0	02:49:02.564	MT4PredictServer AUDCAD,H1: ?? Max open trades reached (10 = 10)
0	02:49:06.461	MT4PredictServer AUDCAD,H1: ?? Max open trades reached (10 = 10)
0	02:49:06.847	MT4PredictServer AUDCAD,H1: ?? Max open trades reached (10 = 10)
0	02:49:07.188	MT4PredictServer AUDCAD,H1: ?? Max open trades reached (10 = 10)
0	02:49:07.730	MT4PredictServer AUDCAD,H1: ?? Max open trades reached (10 = 10)
0	02:49:11.434	MT4PredictServer AUDCAD,H1: ?? Max open trades reached (10 = 10)
0	02:49:11.808	MT4PredictServer AUDCAD,H1: ?? Max open trades reached (10 = 10)
0	02:49:12.195	MT4PredictServer AUDCAD,H1: ?? Max open trades reached (10 = 10)
0	02:49:12.587	MT4PredictServer AUDCAD,H1: ?? Max open trades reached (10 = 10)
0	02:49:16.482	MT4PredictServer AUDCAD,H1: ?? Max open trades reached (10 = 10)
0	02:49:16.946	MT4PredictServer AUDCAD,H1: ?? Max open trades reached (10 = 10)
0	02:49:17.399	MT4PredictServer AUDCAD,H1: ?? Max open trades reached (10 = 10)
0	02:49:17.962	MT4PredictServer AUDCAD,H1: ?? Max open trades reached (10 = 10)
0	02:49:21.497	MT4PredictServer AUDCAD,H1: ?? Max open trades reached (10 = 10)
0	02:49:21.895	MT4PredictServer AUDCAD,H1: ?? Max open trades reached (10 = 10)
0	02:49:22.327	MT4PredictServer AUDCAD,H1: ?? Max open trades reached (10 = 10)
0	02:49:22.746	MT4PredictServer AUDCAD,H1: ?? Max open trades reached (10 = 10)
0	02:49:26.581	MT4PredictServer AUDCAD,H1: ?? Max open trades reached (10 = 10)
0	02:49:27.046	MT4PredictServer AUDCAD,H1: ?? Max open trades reached (10 = 10)
0	02:49:27.430	MT4PredictServer AUDCAD,H1: ?? Max open trades reached (10 = 10)
0	02:49:27.803	MT4PredictServer AUDCAD,H1: ?? Max open trades reached (10 = 10)
0	02:49:31.469	MT4PredictServer AUDCAD,H1: ?? Max open trades reached (10 = 10)
0	02:49:31.898	MT4PredictServer AUDCAD,H1: ?? Max open trades reached (10 = 10)
0	02:49:32.342	MT4PredictServer AUDCAD,H1: ?? Max open trades reached (10 = 10)
0	02:49:32.782	MT4PredictServer AUDCAD,H1: ?? Max open trades reached (10 = 10)
0	02:49:36.479	MT4PredictServer AUDCAD,H1: ?? Max open trades reached (10 = 10)
0	02:49:36.953	MT4PredictServer AUDCAD,H1: ?? Max open trades reached (10 = 10)
0	02:49:37.428	MT4PredictServer AUDCAD,H1: ?? Max open trades reached (10 = 10)
0	02:49:37.961	MT4PredictServer AUDCAD,H1: ?? Max open trades reached (10 = 10)
0	02:49:41.543	MT4PredictServer AUDCAD,H1: ?? Max open trades reached (10 = 10)
0	02:49:42.072	MT4PredictServer AUDCAD,H1: ?? Max open trades reached (10 = 10)
0	02:49:42.512	MT4PredictServer AUDCAD,H1: ?? Max open trades reached (10 = 10)
0	02:49:42.999	MT4PredictServer AUDCAD,H1: ?? Max open trades reached (10 = 10)
0	02:49:46.369	MT4PredictServer AUDCAD,H1: ?? Max open trades reached (10 = 10)
0	02:49:46.672	MT4PredictServer AUDCAD,H1: ?? Max open trades reached (10 = 10)
0	02:49:46.945	MT4PredictServer AUDCAD,H1: ?? Max open trades reached (10 = 10)
0	02:49:47.255	MT4PredictServer AUDCAD,H1: ?? Max open trades reached (10 = 10)
0	02:49:51.409	MT4PredictServer AUDCAD,H1: ?? Max open trades reached (10 = 10)
0	02:49:51.774	MT4PredictServer AUDCAD,H1: ?? Max open trades reached (10 = 10)
0	02:49:52.126	MT4PredictServer AUDCAD,H1: ?? Max open trades reached (10 = 10)
0	02:49:52.573	MT4PredictServer AUDCAD,H1: ?? Max open trades reached (10 = 10)
0	02:49:56.417	MT4PredictServer AUDCAD,H1: ?? Max open trades reached (10 = 10)
0	02:49:56.724	MT4PredictServer AUDCAD,H1: ?? Max open trades reached (10 = 10)
0	02:49:57.089	MT4PredictServer AUDCAD,H1: ?? Max open trades reached (10 = 10)
0	02:49:57.407	MT4PredictServer AUDCAD,H1: ?? Max open trades reached (10 = 10)
0	02:50:01.448	MT4PredictServer AUDCAD,H1: ?? Max open trades reached (10 = 10)
0	02:50:01.750	MT4PredictServer AUDCAD,H1: ?? Max open trades reached (10 = 10)
0	02:50:02.044	MT4PredictServer AUDCAD,H1: ?? Max open trades reached (10 = 10)
0	02:50:02.359	MT4PredictServer AUDCAD,H1: ?? Max open trades reached (10 = 10)
0	02:50:06.417	MT4PredictServer AUDCAD,H1: ?? Max open trades reached (10 = 10)
0	02:50:06.701	MT4PredictServer AUDCAD,H1: ?? Max open trades reached (10 = 10)
0	02:50:07.051	MT4PredictServer AUDCAD,H1: ?? Max open trades reached (10 = 10)
0	02:50:07.368	MT4PredictServer AUDCAD,H1: ?? Max open trades reached (10 = 10)
0	02:50:11.441	MT4PredictServer AUDCAD,H1: ?? Max open trades reached (10 = 10)
0	02:50:11.735	MT4PredictServer AUDCAD,H1: ?? Max open trades reached (10 = 10)
0	02:50:12.020	MT4PredictServer AUDCAD,H1: ?? Max open trades reached (10 = 10)
0	02:50:12.301	MT4PredictServer AUDCAD,H1: ?? Max open trades reached (10 = 10)
0	02:50:16.458	MT4PredictServer AUDCAD,H1: ?? Max open trades reached (10 = 10)
0	02:50:16.749	MT4PredictServer AUDCAD,H1: ?? Max open trades reached (10 = 10)
0	02:50:17.161	MT4PredictServer AUDCAD,H1: ?? Max open trades reached (10 = 10)
0	02:50:17.739	MT4PredictServer AUDCAD,H1: ?? Max open trades reached (10 = 10)
0	02:50:21.789	MT4PredictServer AUDCAD,H1: ?? Max open trades reached (10 = 10)
0	02:50:22.339	MT4PredictServer AUDCAD,H1: ?? Max open trades reached (10 = 10)
0	02:50:22.943	MT4PredictServer AUDCAD,H1: ?? Max open trades reached (10 = 10)
0	02:50:23.511	MT4PredictServer AUDCAD,H1: ?? Max open trades reached (10 = 10)
0	02:50:26.764	MT4PredictServer AUDCAD,H1: ?? Max open trades reached (10 = 10)
0	02:50:27.308	MT4PredictServer AUDCAD,H1: ?? Max open trades reached (10 = 10)
0	02:50:27.861	MT4PredictServer AUDCAD,H1: ?? Max open trades reached (10 = 10)
0	02:50:28.418	MT4PredictServer AUDCAD,H1: ?? Max open trades reached (10 = 10)
0	02:50:31.767	MT4PredictServer AUDCAD,H1: ?? Max open trades reached (10 = 10)
0	02:50:32.415	MT4PredictServer AUDCAD,H1: ?? Max open trades reached (10 = 10)
0	02:50:33.006	MT4PredictServer AUDCAD,H1: ?? Max open trades reached (10 = 10)
0	02:50:33.621	MT4PredictServer AUDCAD,H1: ?? Max open trades reached (10 = 10)
0	02:50:36.757	MT4PredictServer AUDCAD,H1: ?? Max open trades reached (10 = 10)
0	02:50:37.306	MT4PredictServer AUDCAD,H1: ?? Max open trades reached (10 = 10)
0	02:50:38.050	MT4PredictServer AUDCAD,H1: ?? Max open trades reached (10 = 10)
0	02:50:38.682	MT4PredictServer AUDCAD,H1: ?? Max open trades reached (10 = 10)
0	02:50:41.857	MT4PredictServer AUDCAD,H1: ?? Max open trades reached (10 = 10)
0	02:50:42.524	MT4PredictServer AUDCAD,H1: ?? Max open trades reached (10 = 10)
0	02:50:43.232	MT4PredictServer AUDCAD,H1: ?? Max open trades reached (10 = 10)
0	02:50:44.565	MT4PredictServer AUDCAD,H1: ?? Max open trades reached (10 = 10)
0	02:50:46.824	MT4PredictServer AUDCAD,H1: ?? Max open trades reached (10 = 10)
0	02:50:47.530	MT4PredictServer AUDCAD,H1: ?? Max open trades reached (10 = 10)
0	02:50:48.166	MT4PredictServer AUDCAD,H1: ?? Max open trades reached (10 = 10)
0	02:50:48.946	MT4PredictServer AUDCAD,H1: ?? Max open trades reached (10 = 10)
0	02:50:51.830	MT4PredictServer AUDCAD,H1: ?? Max open trades reached (10 = 10)
0	02:50:52.422	MT4PredictServer AUDCAD,H1: ?? Max open trades reached (10 = 10)
0	02:50:52.803	MT4PredictServer AUDCAD,H1: ?? Max open trades reached (10 = 10)
0	02:50:53.466	MT4PredictServer AUDCAD,H1: ?? Max open trades reached (10 = 10)
0	02:50:56.839	MT4PredictServer AUDCAD,H1: ?? Max open trades reached (10 = 10)
0	02:50:57.575	MT4PredictServer AUDCAD,H1: ?? Max open trades reached (10 = 10)
0	02:50:58.291	MT4PredictServer AUDCAD,H1: ?? Max open trades reached (10 = 10)
0	02:50:58.755	MT4PredictServer AUDCAD,H1: ?? Max open trades reached (10 = 10)
0	02:51:01.763	MT4PredictServer AUDCAD,H1: ?? Max open trades reached (10 = 10)
0	02:51:02.458	MT4PredictServer AUDCAD,H1: ?? Max open trades reached (10 = 10)
0	02:51:03.058	MT4PredictServer AUDCAD,H1: ?? Max open trades reached (10 = 10)
0	02:51:03.726	MT4PredictServer AUDCAD,H1: ?? Max open trades reached (10 = 10)
0	02:51:06.916	MT4PredictServer AUDCAD,H1: ?? Max open trades reached (10 = 10)
0	02:51:07.617	MT4PredictServer AUDCAD,H1: ?? Max open trades reached (10 = 10)
0	02:51:08.252	MT4PredictServer AUDCAD,H1: ?? Max open trades reached (10 = 10)
0	02:51:09.044	MT4PredictServer AUDCAD,H1: ?? Max open trades reached (10 = 10)
0	02:51:11.899	MT4PredictServer AUDCAD,H1: ?? Max open trades reached (10 = 10)
0	02:51:12.493	MT4PredictServer AUDCAD,H1: ?? Max open trades reached (10 = 10)
0	02:51:13.117	MT4PredictServer AUDCAD,H1: ?? Max open trades reached (10 = 10)
0	02:51:13.621	MT4PredictServer AUDCAD,H1: ?? Max open trades reached (10 = 10)
0	02:51:16.812	MT4PredictServer AUDCAD,H1: ?? Max open trades reached (10 = 10)
0	02:51:17.468	MT4PredictServer AUDCAD,H1: ?? Max open trades reached (10 = 10)
0	02:51:18.164	MT4PredictServer AUDCAD,H1: ?? Max open trades reached (10 = 10)
0	02:51:18.853	MT4PredictServer AUDCAD,H1: ?? Max open trades reached (10 = 10)
0	02:51:21.932	MT4PredictServer AUDCAD,H1: ?? Max open trades reached (10 = 10)
0	02:51:22.654	MT4PredictServer AUDCAD,H1: ?? Max open trades reached (10 = 10)
0	02:51:23.405	MT4PredictServer AUDCAD,H1: ?? Max open trades reached (10 = 10)
0	02:51:24.165	MT4PredictServer AUDCAD,H1: ?? Max open trades reached (10 = 10)
0	02:51:27.026	MT4PredictServer AUDCAD,H1: ?? Max open trades reached (10 = 10)
0	02:51:27.688	MT4PredictServer AUDCAD,H1: ?? Max open trades reached (10 = 10)
0	02:51:28.485	MT4PredictServer AUDCAD,H1: ?? Max open trades reached (10 = 10)
0	02:51:29.280	MT4PredictServer AUDCAD,H1: ?? Max open trades reached (10 = 10)
0	02:51:32.007	MT4PredictServer AUDCAD,H1: ?? Max open trades reached (10 = 10)
0	02:51:32.759	MT4PredictServer AUDCAD,H1: ?? Max open trades reached (10 = 10)
0	02:51:33.408	MT4PredictServer AUDCAD,H1: ?? Max open trades reached (10 = 10)
0	02:51:34.117	MT4PredictServer AUDCAD,H1: ?? Max open trades reached (10 = 10)
0	02:51:36.946	MT4PredictServer AUDCAD,H1: ?? Max open trades reached (10 = 10)
0	02:51:37.777	MT4PredictServer AUDCAD,H1: ?? Max open trades reached (10 = 10)
0	02:51:38.607	MT4PredictServer AUDCAD,H1: ?? Max open trades reached (10 = 10)
0	02:51:39.385	MT4PredictServer AUDCAD,H1: ?? Max open trades reached (10 = 10)
0	02:51:41.887	MT4PredictServer AUDCAD,H1: ?? Max open trades reached (10 = 10)
0	02:51:42.491	MT4PredictServer AUDCAD,H1: ?? Max open trades reached (10 = 10)
0	02:51:43.189	MT4PredictServer AUDCAD,H1: ?? Max open trades reached (10 = 10)
0	02:51:43.945	MT4PredictServer AUDCAD,H1: ?? Max open trades reached (10 = 10)
0	02:51:46.904	MT4PredictServer AUDCAD,H1: ?? Max open trades reached (10 = 10)
0	02:51:47.562	MT4PredictServer AUDCAD,H1: ?? Max open trades reached (10 = 10)
0	02:51:48.292	MT4PredictServer AUDCAD,H1: ?? Max open trades reached (10 = 10)
0	02:51:49.093	MT4PredictServer AUDCAD,H1: ?? Max open trades reached (10 = 10)
0	02:51:51.627	MT4PredictServer AUDCAD,H1: ?? Max open trades reached (10 = 10)
0	02:51:51.991	MT4PredictServer AUDCAD,H1: ?? Max open trades reached (10 = 10)
0	02:51:52.392	MT4PredictServer AUDCAD,H1: ?? Max open trades reached (10 = 10)
0	02:51:52.798	MT4PredictServer AUDCAD,H1: ?? Max open trades reached (10 = 10)
0	02:51:56.745	MT4PredictServer AUDCAD,H1: ?? Max open trades reached (10 = 10)
0	02:51:57.448	MT4PredictServer AUDCAD,H1: ?? Max open trades reached (10 = 10)
0	02:51:58.080	MT4PredictServer AUDCAD,H1: ?? Max open trades reached (10 = 10)
0	02:51:58.578	MT4PredictServer AUDCAD,H1: ?? Max open trades reached (10 = 10)
0	02:52:01.751	MT4PredictServer AUDCAD,H1: ?? Max open trades reached (10 = 10)
0	02:52:02.280	MT4PredictServer AUDCAD,H1: ?? Max open trades reached (10 = 10)
0	02:52:02.843	MT4PredictServer AUDCAD,H1: ?? Max open trades reached (10 = 10)
0	02:52:03.338	MT4PredictServer AUDCAD,H1: ?? Max open trades reached (10 = 10)
0	02:52:06.921	MT4PredictServer AUDCAD,H1: ?? Max open trades reached (10 = 10)
0	02:52:07.475	MT4PredictServer AUDCAD,H1: ?? Max open trades reached (10 = 10)
0	02:52:08.064	MT4PredictServer AUDCAD,H1: ?? Max open trades reached (10 = 10)
0	02:52:08.646	MT4PredictServer AUDCAD,H1: ?? Max open trades reached (10 = 10)
0	02:52:11.796	MT4PredictServer AUDCAD,H1: ?? Max open trades reached (10 = 10)
0	02:52:12.405	MT4PredictServer AUDCAD,H1: ?? Max open trades reached (10 = 10)
0	02:52:12.903	MT4PredictServer AUDCAD,H1: ?? Max open trades reached (10 = 10)
0	02:52:13.322	MT4PredictServer AUDCAD,H1: ?? Max open trades reached (10 = 10)
0	02:52:16.880	MT4PredictServer AUDCAD,H1: ?? Max open trades reached (10 = 10)
0	02:52:17.461	MT4PredictServer AUDCAD,H1: ?? Max open trades reached (10 = 10)
0	02:52:18.052	MT4PredictServer AUDCAD,H1: ?? Max open trades reached (10 = 10)
0	02:52:18.768	MT4PredictServer AUDCAD,H1: ?? Max open trades reached (10 = 10)
0	02:52:22.178	MT4PredictServer AUDCAD,H1: ?? Max open trades reached (10 = 10)
0	02:52:22.752	MT4PredictServer AUDCAD,H1: ?? Max open trades reached (10 = 10)
0	02:52:23.254	MT4PredictServer AUDCAD,H1: ?? Max open trades reached (10 = 10)
0	02:52:23.721	MT4PredictServer AUDCAD,H1: ?? Max open trades reached (10 = 10)
0	02:52:26.707	MT4PredictServer AUDCAD,H1: ?? Max open trades reached (10 = 10)
0	02:52:27.432	MT4PredictServer AUDCAD,H1: ?? Max open trades reached (10 = 10)
0	02:52:27.867	MT4PredictServer AUDCAD,H1: ?? Max open trades reached (10 = 10)
0	02:52:28.379	MT4PredictServer AUDCAD,H1: ?? Max open trades reached (10 = 10)
0	02:52:31.702	MT4PredictServer AUDCAD,H1: ?? Max open trades reached (10 = 10)
0	02:52:32.232	MT4PredictServer AUDCAD,H1: ?? Max open trades reached (10 = 10)
0	02:52:32.744	MT4PredictServer AUDCAD,H1: ?? Max open trades reached (10 = 10)
0	02:52:33.398	MT4PredictServer AUDCAD,H1: ?? Max open trades reached (10 = 10)
0	02:52:36.674	MT4PredictServer AUDCAD,H1: ?? Max open trades reached (10 = 10)
0	02:52:37.185	MT4PredictServer AUDCAD,H1: ?? Max open trades reached (10 = 10)
0	02:52:37.642	MT4PredictServer AUDCAD,H1: ?? Max open trades reached (10 = 10)
0	02:52:38.126	MT4PredictServer AUDCAD,H1: ?? Max open trades reached (10 = 10)
0	02:52:41.741	MT4PredictServer AUDCAD,H1: ?? Max open trades reached (10 = 10)
0	02:52:42.160	MT4PredictServer AUDCAD,H1: ?? Max open trades reached (10 = 10)
0	02:52:42.560	MT4PredictServer AUDCAD,H1: ?? Max open trades reached (10 = 10)
0	02:52:43.039	MT4PredictServer AUDCAD,H1: ?? Max open trades reached (10 = 10)
0	02:52:46.747	MT4PredictServer AUDCAD,H1: ?? Max open trades reached (10 = 10)
0	02:52:47.260	MT4PredictServer AUDCAD,H1: ?? Max open trades reached (10 = 10)
0	02:52:47.660	MT4PredictServer AUDCAD,H1: ?? Max open trades reached (10 = 10)
0	02:52:48.165	MT4PredictServer AUDCAD,H1: ?? Max open trades reached (10 = 10)
0	02:52:52.379	MT4PredictServer AUDCAD,H1: ?? Max open trades reached (10 = 10)
0	02:52:53.166	MT4PredictServer AUDCAD,H1: ?? Max open trades reached (10 = 10)
0	02:52:54.141	MT4PredictServer AUDCAD,H1: ?? Max open trades reached (10 = 10)
0	02:52:55.214	MT4PredictServer AUDCAD,H1: ?? Max open trades reached (10 = 10)
0	02:52:57.332	MT4PredictServer AUDCAD,H1: ?? Max open trades reached (10 = 10)
0	02:52:58.481	MT4PredictServer AUDCAD,H1: ?? Max open trades reached (10 = 10)
0	02:52:59.610	MT4PredictServer AUDCAD,H1: ?? Max open trades reached (10 = 10)
0	02:53:00.720	MT4PredictServer AUDCAD,H1: ?? Max open trades reached (10 = 10)
0	02:53:02.434	MT4PredictServer AUDCAD,H1: ?? Max open trades reached (10 = 10)
0	02:53:03.608	MT4PredictServer AUDCAD,H1: ?? Max open trades reached (10 = 10)
0	02:53:04.647	MT4PredictServer AUDCAD,H1: ?? Max open trades reached (10 = 10)
0	02:53:05.608	MT4PredictServer AUDCAD,H1: ?? Max open trades reached (10 = 10)
0	02:53:07.385	MT4PredictServer AUDCAD,H1: ?? Max open trades reached (10 = 10)
0	02:53:08.499	MT4PredictServer AUDCAD,H1: ?? Max open trades reached (10 = 10)
0	02:53:09.561	MT4PredictServer AUDCAD,H1: ?? Max open trades reached (10 = 10)
0	02:53:10.578	MT4PredictServer AUDCAD,H1: ?? Max open trades reached (10 = 10)
0	02:53:12.315	MT4PredictServer AUDCAD,H1: ?? Max open trades reached (10 = 10)
0	02:53:13.371	MT4PredictServer AUDCAD,H1: ?? Max open trades reached (10 = 10)
0	02:53:14.679	MT4PredictServer AUDCAD,H1: ?? Max open trades reached (10 = 10)
0	02:53:15.838	MT4PredictServer AUDCAD,H1: ?? Max open trades reached (10 = 10)
0	02:53:17.106	MT4PredictServer AUDCAD,H1: ?? Max open trades reached (10 = 10)
0	02:53:18.205	MT4PredictServer AUDCAD,H1: ?? Max open trades reached (10 = 10)
0	02:53:19.181	MT4PredictServer AUDCAD,H1: ?? Max open trades reached (10 = 10)
0	02:53:20.237	MT4PredictServer AUDCAD,H1: ?? Max open trades reached (10 = 10)
0	02:53:22.546	MT4PredictServer AUDCAD,H1: ?? Max open trades reached (10 = 10)
0	02:53:23.568	MT4PredictServer AUDCAD,H1: ?? Max open trades reached (10 = 10)
0	02:53:24.853	MT4PredictServer AUDCAD,H1: ?? Max open trades reached (10 = 10)
0	02:53:25.825	MT4PredictServer AUDCAD,H1: ?? Max open trades reached (10 = 10)
0	02:53:27.527	MT4PredictServer AUDCAD,H1: ?? Max open trades reached (10 = 10)
0	02:53:28.588	MT4PredictServer AUDCAD,H1: ?? Max open trades reached (10 = 10)
0	02:53:30.089	MT4PredictServer AUDCAD,H1: ?? Max open trades reached (10 = 10)
0	02:53:31.230	MT4PredictServer AUDCAD,H1: ?? Max open trades reached (10 = 10)
0	02:53:32.399	MT4PredictServer AUDCAD,H1: ?? Max open trades reached (10 = 10)
0	02:53:33.405	MT4PredictServer AUDCAD,H1: ?? Max open trades reached (10 = 10)
0	02:53:34.606	MT4PredictServer AUDCAD,H1: ?? Max open trades reached (10 = 10)
0	02:53:35.756	MT4PredictServer AUDCAD,H1: ?? Max open trades reached (10 = 10)
0	02:53:37.279	MT4PredictServer AUDCAD,H1: ?? Max open trades reached (10 = 10)
0	02:53:38.380	MT4PredictServer AUDCAD,H1: ?? Max open trades reached (10 = 10)
0	02:53:39.414	MT4PredictServer AUDCAD,H1: ?? Max open trades reached (10 = 10)
0	02:53:40.695	MT4PredictServer AUDCAD,H1: ?? Max open trades reached (10 = 10)
0	02:53:42.593	MT4PredictServer AUDCAD,H1: ?? Max open trades reached (10 = 10)
0	02:53:43.857	MT4PredictServer AUDCAD,H1: ?? Max open trades reached (10 = 10)
0	02:53:45.162	MT4PredictServer AUDCAD,H1: ?? Max open trades reached (10 = 10)
0	02:53:46.335	MT4PredictServer AUDCAD,H1: ?? Max open trades reached (10 = 10)
0	02:53:47.663	MT4PredictServer AUDCAD,H1: ?? Max open trades reached (10 = 10)
0	02:53:49.198	MT4PredictServer AUDCAD,H1: ?? Max open trades reached (10 = 10)
0	02:53:50.405	MT4PredictServer AUDCAD,H1: ?? Max open trades reached (10 = 10)
0	02:53:51.380	MT4PredictServer AUDCAD,H1: ?? Max open trades reached (10 = 10)
0	02:53:52.570	MT4PredictServer AUDCAD,H1: ?? Max open trades reached (10 = 10)
0	02:53:53.776	MT4PredictServer AUDCAD,H1: ?? Max open trades reached (10 = 10)
0	02:53:55.043	MT4PredictServer AUDCAD,H1: ?? Max open trades reached (10 = 10)
0	02:53:56.293	MT4PredictServer AUDCAD,H1: ?? Max open trades reached (10 = 10)
0	02:53:57.271	MT4PredictServer AUDCAD,H1: ?? Max open trades reached (10 = 10)
0	02:53:58.605	MT4PredictServer AUDCAD,H1: ?? Max open trades reached (10 = 10)
0	02:53:59.951	MT4PredictServer AUDCAD,H1: ?? Max open trades reached (10 = 10)
0	02:54:01.178	MT4PredictServer AUDCAD,H1: ?? Max open trades reached (10 = 10)
0	02:54:02.505	MT4PredictServer AUDCAD,H1: ?? Max open trades reached (10 = 10)
0	02:54:03.841	MT4PredictServer AUDCAD,H1: ?? Max open trades reached (10 = 10)
0	02:54:04.921	MT4PredictServer AUDCAD,H1: ?? Max open trades reached (10 = 10)
0	02:54:05.986	MT4PredictServer AUDCAD,H1: ?? Max open trades reached (10 = 10)
0	02:54:07.386	MT4PredictServer AUDCAD,H1: ?? Max open trades reached (10 = 10)
0	02:54:08.635	MT4PredictServer AUDCAD,H1: ?? Max open trades reached (10 = 10)
0	02:54:10.004	MT4PredictServer AUDCAD,H1: ?? Max open trades reached (10 = 10)
0	02:54:11.311	MT4PredictServer AUDCAD,H1: ?? Max open trades reached (10 = 10)
0	02:54:12.412	MT4PredictServer AUDCAD,H1: ?? Max open trades reached (10 = 10)
0	02:54:13.574	MT4PredictServer AUDCAD,H1: ?? Max open trades reached (10 = 10)
0	02:54:15.020	MT4PredictServer AUDCAD,H1: ?? Max open trades reached (10 = 10)
0	02:54:16.394	MT4PredictServer AUDCAD,H1: ?? Max open trades reached (10 = 10)
0	02:54:17.731	MT4PredictServer AUDCAD,H1: ?? Max open trades reached (10 = 10)
0	02:54:19.052	MT4PredictServer AUDCAD,H1: ?? Max open trades reached (10 = 10)
0	02:54:20.147	MT4PredictServer AUDCAD,H1: ?? Max open trades reached (10 = 10)
0	02:54:20.926	MT4PredictServer AUDCAD,H1: ?? Max open trades reached (10 = 10)
0	02:54:22.557	MT4PredictServer AUDCAD,H1: ?? Max open trades reached (10 = 10)
0	02:54:24.073	MT4PredictServer AUDCAD,H1: ?? Max open trades reached (10 = 10)
0	02:54:25.520	MT4PredictServer AUDCAD,H1: ?? Max open trades reached (10 = 10)
0	02:54:26.747	MT4PredictServer AUDCAD,H1: ?? Max open trades reached (10 = 10)
0	02:54:28.413	MT4PredictServer AUDCAD,H1: ?? Max open trades reached (10 = 10)
0	02:54:29.728	MT4PredictServer AUDCAD,H1: ?? Max open trades reached (10 = 10)
0	02:54:31.044	MT4PredictServer AUDCAD,H1: ?? Max open trades reached (10 = 10)
0	02:54:32.336	MT4PredictServer AUDCAD,H1: ?? Max open trades reached (10 = 10)
0	02:54:33.472	MT4PredictServer AUDCAD,H1: ?? Max open trades reached (10 = 10)
0	02:54:34.931	MT4PredictServer AUDCAD,H1: ?? Max open trades reached (10 = 10)
0	02:54:36.134	MT4PredictServer AUDCAD,H1: ?? Max open trades reached (10 = 10)
0	02:54:37.207	MT4PredictServer AUDCAD,H1: ?? Max open trades reached (10 = 10)
0	02:54:38.773	MT4PredictServer AUDCAD,H1: ?? Max open trades reached (10 = 10)
0	02:54:40.062	MT4PredictServer AUDCAD,H1: ?? Max open trades reached (10 = 10)
0	02:54:41.326	MT4PredictServer AUDCAD,H1: ?? Max open trades reached (10 = 10)
0	02:54:42.561	MT4PredictServer AUDCAD,H1: ?? Max open trades reached (10 = 10)
0	02:54:43.492	MT4PredictServer AUDCAD,H1: ?? Max open trades reached (10 = 10)
0	02:54:44.829	MT4PredictServer AUDCAD,H1: ?? Max open trades reached (10 = 10)
0	02:54:45.991	MT4PredictServer AUDCAD,H1: ?? Max open trades reached (10 = 10)
0	02:54:47.507	MT4PredictServer AUDCAD,H1: ?? Max open trades reached (10 = 10)
0	02:54:49.418	MT4PredictServer AUDCAD,H1: ?? Max open trades reached (10 = 10)
0	02:54:50.621	MT4PredictServer AUDCAD,H1: ?? Max open trades reached (10 = 10)
0	02:54:51.682	MT4PredictServer AUDCAD,H1: ?? Max open trades reached (10 = 10)
0	02:54:52.880	MT4PredictServer AUDCAD,H1: ?? Max open trades reached (10 = 10)
0	02:54:53.984	MT4PredictServer AUDCAD,H1: ?? Max open trades reached (10 = 10)
0	02:54:55.114	MT4PredictServer AUDCAD,H1: ?? Max open trades reached (10 = 10)
0	02:54:56.052	MT4PredictServer AUDCAD,H1: ?? Max open trades reached (10 = 10)
0	02:54:56.881	MT4PredictServer AUDCAD,H1: ?? Max open trades reached (10 = 10)
0	02:54:57.785	MT4PredictServer AUDCAD,H1: ?? Max open trades reached (10 = 10)
0	02:54:58.677	MT4PredictServer AUDCAD,H1: ?? Max open trades reached (10 = 10)
0	02:54:59.463	MT4PredictServer AUDCAD,H1: ?? Max open trades reached (10 = 10)
0	02:55:00.276	MT4PredictServer AUDCAD,H1: ?? Max open trades reached (10 = 10)
0	02:55:02.182	MT4PredictServer AUDCAD,H1: ?? Max open trades reached (10 = 10)
0	02:55:02.914	MT4PredictServer AUDCAD,H1: ?? Max open trades reached (10 = 10)
0	02:55:03.841	MT4PredictServer AUDCAD,H1: ?? Max open trades reached (10 = 10)
0	02:55:04.823	MT4PredictServer AUDCAD,H1: ?? Max open trades reached (10 = 10)
0	02:55:07.390	MT4PredictServer AUDCAD,H1: ?? Max open trades reached (10 = 10)
0	02:55:08.495	MT4PredictServer AUDCAD,H1: ?? Max open trades reached (10 = 10)
0	02:55:09.828	MT4PredictServer AUDCAD,H1: ?? Max open trades reached (10 = 10)
0	02:55:10.797	MT4PredictServer AUDCAD,H1: ?? Max open trades reached (10 = 10)
0	02:55:12.410	MT4PredictServer AUDCAD,H1: ?? Max open trades reached (10 = 10)
0	02:55:13.647	MT4PredictServer AUDCAD,H1: ?? Max open trades reached (10 = 10)
0	02:55:14.902	MT4PredictServer AUDCAD,H1: ?? Max open trades reached (10 = 10)
0	02:55:15.830	MT4PredictServer AUDCAD,H1: ?? Max open trades reached (10 = 10)
0	02:55:17.594	MT4PredictServer AUDCAD,H1: ?? Max open trades reached (10 = 10)
0	02:55:18.633	MT4PredictServer AUDCAD,H1: ?? Max open trades reached (10 = 10)
0	02:55:19.594	MT4PredictServer AUDCAD,H1: ?? Max open trades reached (10 = 10)
0	02:55:20.668	MT4PredictServer AUDCAD,H1: ?? Max open trades reached (10 = 10)
0	02:55:22.573	MT4PredictServer AUDCAD,H1: ?? Max open trades reached (10 = 10)
0	02:55:23.823	MT4PredictServer AUDCAD,H1: ?? Max open trades reached (10 = 10)
0	02:55:24.982	MT4PredictServer AUDCAD,H1: ?? Max open trades reached (10 = 10)
0	02:55:25.929	MT4PredictServer AUDCAD,H1: ?? Max open trades reached (10 = 10)
0	02:55:27.802	MT4PredictServer AUDCAD,H1: ?? Max open trades reached (10 = 10)
0	02:55:29.389	MT4PredictServer AUDCAD,H1: ?? Max open trades reached (10 = 10)
0	02:55:30.488	MT4PredictServer AUDCAD,H1: ?? Max open trades reached (10 = 10)
0	02:55:31.661	MT4PredictServer AUDCAD,H1: ?? Max open trades reached (10 = 10)
0	02:55:32.896	MT4PredictServer AUDCAD,H1: ?? Max open trades reached (10 = 10)
0	02:55:33.964	MT4PredictServer AUDCAD,H1: ?? Max open trades reached (10 = 10)
0	02:55:34.949	MT4PredictServer AUDCAD,H1: ?? Max open trades reached (10 = 10)
0	02:55:36.007	MT4PredictServer AUDCAD,H1: ?? Max open trades reached (10 = 10)
0	02:55:37.779	MT4PredictServer AUDCAD,H1: ?? Max open trades reached (10 = 10)
0	02:55:38.779	MT4PredictServer AUDCAD,H1: ?? Max open trades reached (10 = 10)
0	02:55:39.689	MT4PredictServer AUDCAD,H1: ?? Max open trades reached (10 = 10)
0	02:55:40.659	MT4PredictServer AUDCAD,H1: ?? Max open trades reached (10 = 10)
0	02:55:42.728	MT4PredictServer AUDCAD,H1: ?? Max open trades reached (10 = 10)
0	02:55:43.419	MT4PredictServer AUDCAD,H1: ?? Max open trades reached (10 = 10)
0	02:55:44.992	MT4PredictServer AUDCAD,H1: ?? Max open trades reached (10 = 10)
0	02:55:46.041	MT4PredictServer AUDCAD,H1: ?? Max open trades reached (10 = 10)
0	02:55:47.341	MT4PredictServer AUDCAD,H1: ?? Max open trades reached (10 = 10)
0	02:55:48.503	MT4PredictServer AUDCAD,H1: ?? Max open trades reached (10 = 10)
0	02:55:49.808	MT4PredictServer AUDCAD,H1: ?? Max open trades reached (10 = 10)
0	02:55:50.843	MT4PredictServer AUDCAD,H1: ?? Max open trades reached (10 = 10)
0	02:55:52.695	MT4PredictServer AUDCAD,H1: ?? Max open trades reached (10 = 10)
0	02:55:53.782	MT4PredictServer AUDCAD,H1: ?? Max open trades reached (10 = 10)
0	02:55:55.105	MT4PredictServer AUDCAD,H1: ?? Max open trades reached (10 = 10)
0	02:55:56.436	MT4PredictServer AUDCAD,H1: ?? Max open trades reached (10 = 10)
0	02:55:58.038	MT4PredictServer AUDCAD,H1: ?? Max open trades reached (10 = 10)
0	02:55:59.487	MT4PredictServer AUDCAD,H1: ?? Max open trades reached (10 = 10)
0	02:56:00.709	MT4PredictServer AUDCAD,H1: ?? Max open trades reached (10 = 10)
0	02:56:01.804	MT4PredictServer AUDCAD,H1: ?? Max open trades reached (10 = 10)
0	02:56:03.202	MT4PredictServer AUDCAD,H1: ?? Max open trades reached (10 = 10)
0	02:56:04.682	MT4PredictServer AUDCAD,H1: ?? Max open trades reached (10 = 10)
0	02:56:06.011	MT4PredictServer AUDCAD,H1: ?? Max open trades reached (10 = 10)
0	02:56:07.258	MT4PredictServer AUDCAD,H1: ?? Max open trades reached (10 = 10)
0	02:56:08.528	MT4PredictServer AUDCAD,H1: ?? Max open trades reached (10 = 10)
0	02:56:10.039	MT4PredictServer AUDCAD,H1: ?? Max open trades reached (10 = 10)
0	02:56:11.298	MT4PredictServer AUDCAD,H1: ?? Max open trades reached (10 = 10)
0	02:56:12.214	MT4PredictServer AUDCAD,H1: ?? Max open trades reached (10 = 10)
0	02:56:13.165	MT4PredictServer AUDCAD,H1: ?? Max open trades reached (10 = 10)
0	02:56:14.512	MT4PredictServer AUDCAD,H1: ?? Max open trades reached (10 = 10)
0	02:56:15.802	MT4PredictServer AUDCAD,H1: ?? Max open trades reached (10 = 10)
0	02:56:16.856	MT4PredictServer AUDCAD,H1: ?? Max open trades reached (10 = 10)
3	03:01:16.288	MT4PredictServer AUDCAD,H1: shutdown by timeout
0	03:01:16.431	MT4PredictServer AUDCAD,H1: uninit reason 2
0	03:01:16.431	MT4PredictServer AUDCAD,H1: ?? EA stopped.
0	03:01:16.431	Expert MT4PredictServer AUDCAD,H1: removed
0	03:01:16.461	Expert MT4PredictServer AUDCAD,H1: loaded successfully
0	03:01:16.521	MT4PredictServer AUDCAD,H1: ?? RiskManager reset — new day started (Balance: 0.32)
0	03:01:16.521	MT4PredictServer AUDCAD,H1: ?? Multi-Symbol Predict EA starting...
0	03:01:18.563	MT4PredictServer AUDCAD,H1: ?? Handshake reply: {"status":"error","reason":"Connection failed (10061)"}
0	03:01:18.563	MT4PredictServer AUDCAD,H1: ?? Server handshake failed.
0	03:01:18.563	MT4PredictServer AUDCAD,H1: initialized
0	03:02:09.950	MT4PredictServer AUDCAD,H1: uninit reason 1
0	03:02:09.950	MT4PredictServer AUDCAD,H1: ?? EA stopped.
0	03:02:09.969	Expert MT4PredictServer AUDCAD,H1: removed
0	03:02:14.037	Expert MT4PredictServer AUDCAD,H1: loaded successfully
0	03:02:15.524	MT4PredictServer AUDCAD,H1 inputs: RiskPerTrade=2.0; ATRMultiplier=2.5; ATRPeriod=14; MaxDailyLossPct=5.0; MaxEquityDrawdown=20.0; MinFreeMarginPct=100.0; MaxOpenTrades=10; MinLot=0.01; MaxLot=5.0; side=2; market_types=2; 
0	03:02:15.560	MT4PredictServer AUDCAD,H1: ?? RiskManager reset — new day started (Balance: 0.32)
0	03:02:15.560	MT4PredictServer AUDCAD,H1: ?? Multi-Symbol Predict EA starting...
0	03:02:15.562	MT4PredictServer AUDCAD,H1: ?? Handshake reply: {"type": "pong", "status": "ready", "timestamp": 1760425335.563164}

0	03:02:15.562	MT4PredictServer AUDCAD,H1: ? Server handshake successful!
0	03:02:15.562	MT4PredictServer AUDCAD,H1: initialized
0	03:06:28.772	MT4PredictServer AUDCAD,H1: uninit reason 1
0	03:06:28.772	MT4PredictServer AUDCAD,H1: ?? EA stopped.
0	03:06:28.781	Expert MT4PredictServer AUDCAD,H1: removed
0	03:06:31.835	Expert MT4PredictServer AUDCAD,H1: loaded successfully
0	03:06:33.462	MT4PredictServer AUDCAD,H1 inputs: RiskPerTrade=2.0; ATRMultiplier=2.5; ATRPeriod=14; MaxDailyLossPct=5.0; MaxEquityDrawdown=20.0; MinFreeMarginPct=100.0; MaxOpenTrades=10; MinLot=0.01; MaxLot=5.0; side=2; market_types=2; 
0	03:06:33.490	MT4PredictServer AUDCAD,H1: ?? RiskManager reset — new day started (Balance: 0.32)
0	03:06:33.490	MT4PredictServer AUDCAD,H1: ?? Multi-Symbol Predict EA starting...
0	03:06:33.497	MT4PredictServer AUDCAD,H1: ?? Handshake reply: {"type": "pong", "status": "ready", "timestamp": 1760425593.4974267}

0	03:06:33.497	MT4PredictServer AUDCAD,H1: ? Server handshake successful!
0	03:06:33.497	MT4PredictServer AUDCAD,H1: initialized
0	03:16:19.771	MT4PredictServer AUDCAD,H1: uninit reason 1
0	03:16:19.771	MT4PredictServer AUDCAD,H1: ?? EA stopped.
0	03:16:19.779	Expert MT4PredictServer AUDCAD,H1: removed
0	03:16:22.512	Expert MT4PredictServer AUDCAD,H1: loaded successfully
0	03:16:23.931	MT4PredictServer AUDCAD,H1 inputs: RiskPerTrade=2.0; ATRMultiplier=2.5; ATRPeriod=14; MaxDailyLossPct=5.0; MaxEquityDrawdown=20.0; MinFreeMarginPct=100.0; MaxOpenTrades=10; MinLot=0.01; MaxLot=5.0; side=2; market_types=2; 
0	03:16:23.963	MT4PredictServer AUDCAD,H1: ?? RiskManager reset — new day started (Balance: 0.32)
0	03:16:23.963	MT4PredictServer AUDCAD,H1: ?? Multi-Symbol Predict EA starting...
0	03:16:23.976	MT4PredictServer AUDCAD,H1: ?? Handshake reply: {"type": "pong", "status": "ready", "timestamp": 1760426183.976967}

0	03:16:23.976	MT4PredictServer AUDCAD,H1: ? Server handshake successful!
0	03:16:23.977	MT4PredictServer AUDCAD,H1: initialized
0	03:18:45.193	MT4PredictServer AUDCAD,H1: uninit reason 2
0	03:18:45.193	MT4PredictServer AUDCAD,H1: ?? EA stopped.
0	03:18:45.196	Expert MT4PredictServer AUDCAD,H1: removed
0	03:18:45.221	Expert MT4PredictServer AUDCAD,H1: loaded successfully
0	03:18:45.274	MT4PredictServer AUDCAD,H1: ?? RiskManager reset — new day started (Balance: 0.32)
0	03:18:45.274	MT4PredictServer AUDCAD,H1: ?? Multi-Symbol Predict EA starting...
0	03:18:47.306	MT4PredictServer AUDCAD,H1: ?? Handshake reply: {"status":"error","reason":"Connection failed (10061)"}
0	03:18:47.306	MT4PredictServer AUDCAD,H1: ?? Server handshake failed.
0	03:18:47.310	MT4PredictServer AUDCAD,H1: initialized
0	03:19:00.518	MT4PredictServer AUDCAD,H1: uninit reason 1
0	03:19:00.518	MT4PredictServer AUDCAD,H1: ?? EA stopped.
0	03:19:00.536	Expert MT4PredictServer AUDCAD,H1: removed
0	03:19:03.241	Expert MT4PredictServer AUDCAD,H1: loaded successfully
0	03:19:04.934	MT4PredictServer AUDCAD,H1 inputs: RiskPerTrade=2.0; ATRMultiplier=2.5; ATRPeriod=14; MaxDailyLossPct=5.0; MaxEquityDrawdown=20.0; MinFreeMarginPct=100.0; MaxOpenTrades=10; MinLot=0.01; MaxLot=5.0; side=2; market_types=2; 
0	03:19:04.957	MT4PredictServer AUDCAD,H1: ?? RiskManager reset — new day started (Balance: 0.32)
0	03:19:04.957	MT4PredictServer AUDCAD,H1: ?? Multi-Symbol Predict EA starting...
0	03:19:06.994	MT4PredictServer AUDCAD,H1: ?? Handshake reply: {"status":"error","reason":"Connection failed (10061)"}
0	03:19:06.994	MT4PredictServer AUDCAD,H1: ?? Server handshake failed.
0	03:19:06.995	MT4PredictServer AUDCAD,H1: initialized
0	03:19:49.594	MT4PredictServer AUDCAD,H1: uninit reason 1
0	03:19:49.594	MT4PredictServer AUDCAD,H1: ?? EA stopped.
0	03:19:49.604	Expert MT4PredictServer AUDCAD,H1: removed
0	03:19:52.447	Expert MT4PredictServer AUDCAD,H1: loaded successfully
0	03:19:54.609	MT4PredictServer AUDCAD,H1 inputs: RiskPerTrade=2.0; ATRMultiplier=2.5; ATRPeriod=14; MaxDailyLossPct=5.0; MaxEquityDrawdown=20.0; MinFreeMarginPct=100.0; MaxOpenTrades=10; MinLot=0.01; MaxLot=5.0; side=2; market_types=2; 
0	03:19:54.642	MT4PredictServer AUDCAD,H1: ?? RiskManager reset — new day started (Balance: 0.32)
0	03:19:54.642	MT4PredictServer AUDCAD,H1: ?? Multi-Symbol Predict EA starting...
0	03:19:54.644	MT4PredictServer AUDCAD,H1: ?? Handshake reply: {"type": "pong", "status": "ready", "timestamp": 1760426394.6443698}

0	03:19:54.644	MT4PredictServer AUDCAD,H1: ? Server handshake successful!
0	03:19:54.644	MT4PredictServer AUDCAD,H1: initialized
0	03:19:55.763	MT4PredictServer AUDCAD,H1: ?? Sending account info: {"type":"account","account_id":"(non-string passed)","balance":0.32,"equity":0.32,"margin":0.00,"free_margin":0.32,"leverage":50,"currency":"USD"}
0	03:19:55.943	MT4PredictServer AUDCAD,H1: ?? Sending account info: {"type":"account","account_id":"(non-string passed)","balance":0.32,"equity":0.32,"margin":0.00,"free_margin":0.32,"leverage":50,"currency":"USD"}
0	03:19:56.150	MT4PredictServer AUDCAD,H1: ?? Sending account info: {"type":"account","account_id":"(non-string passed)","balance":0.32,"equity":0.32,"margin":0.00,"free_margin":0.32,"leverage":50,"currency":"USD"}
0	03:19:57.990	MT4PredictServer AUDCAD,H1: ?? Sending account info: {"type":"account","account_id":"(non-string passed)","balance":0.32,"equity":0.32,"margin":0.00,"free_margin":0.32,"leverage":50,"currency":"USD"}
0	03:19:58.602	MT4PredictServer AUDCAD,H1: ?? Sending account info: {"type":"account","account_id":"(non-string passed)","balance":0.32,"equity":0.32,"margin":0.00,"free_margin":0.32,"leverage":50,"currency":"USD"}
0	03:19:59.140	MT4PredictServer AUDCAD,H1: ?? Sending account info: {"type":"account","account_id":"(non-string passed)","balance":0.32,"equity":0.32,"margin":0.00,"free_margin":0.32,"leverage":50,"currency":"USD"}
0	03:20:01.585	MT4PredictServer AUDCAD,H1: ?? Sending account info: {"type":"account","account_id":"(non-string passed)","balance":0.32,"equity":0.32,"margin":0.00,"free_margin":0.32,"leverage":50,"currency":"USD"}
0	03:20:01.986	MT4PredictServer AUDCAD,H1: ?? Sending account info: {"type":"account","account_id":"(non-string passed)","balance":0.32,"equity":0.32,"margin":0.00,"free_margin":0.32,"leverage":50,"currency":"USD"}
0	03:20:08.126	MT4PredictServer AUDCAD,H1: ?? Sending account info: {"type":"account","account_id":"(non-string passed)","balance":0.32,"equity":0.32,"margin":0.00,"free_margin":0.32,"leverage":50,"currency":"USD"}
0	03:20:12.024	MT4PredictServer AUDCAD,H1: ?? Sending account info: {"type":"account","account_id":"(non-string passed)","balance":0.32,"equity":0.32,"margin":0.00,"free_margin":0.32,"leverage":50,"currency":"USD"}
0	03:20:12.803	MT4PredictServer AUDCAD,H1: ?? Sending account info: {"type":"account","account_id":"(non-string passed)","balance":0.32,"equity":0.32,"margin":0.00,"free_margin":0.32,"leverage":50,"currency":"USD"}
0	03:20:15.211	MT4PredictServer AUDCAD,H1: ?? Sending account info: {"type":"account","account_id":"(non-string passed)","balance":0.32,"equity":0.32,"margin":0.00,"free_margin":0.32,"leverage":50,"currency":"USD"}
0	03:20:28.406	MT4PredictServer AUDCAD,H1: ?? Sending account info: {"type":"account","account_id":"(non-string passed)","balance":0.32,"equity":0.32,"margin":0.00,"free_margin":0.32,"leverage":50,"currency":"USD"}
0	03:20:30.145	MT4PredictServer AUDCAD,H1: ?? Sending account info: {"type":"account","account_id":"(non-string passed)","balance":0.32,"equity":0.32,"margin":0.00,"free_margin":0.32,"leverage":50,"currency":"USD"}
0	03:20:34.350	MT4PredictServer AUDCAD,H1: ?? Sending account info: {"type":"account","account_id":"(non-string passed)","balance":0.32,"equity":0.32,"margin":0.00,"free_margin":0.32,"leverage":50,"currency":"USD"}
0	03:20:34.688	MT4PredictServer AUDCAD,H1: ?? Sending account info: {"type":"account","account_id":"(non-string passed)","balance":0.32,"equity":0.32,"margin":0.00,"free_margin":0.32,"leverage":50,"currency":"USD"}
0	03:20:35.463	MT4PredictServer AUDCAD,H1: ?? Sending account info: {"type":"account","account_id":"(non-string passed)","balance":0.32,"equity":0.32,"margin":0.00,"free_margin":0.32,"leverage":50,"currency":"USD"}
0	03:20:39.380	MT4PredictServer AUDCAD,H1: ?? Sending account info: {"type":"account","account_id":"(non-string passed)","balance":0.32,"equity":0.32,"margin":0.00,"free_margin":0.32,"leverage":50,"currency":"USD"}
0	03:20:42.484	MT4PredictServer AUDCAD,H1: ?? Sending account info: {"type":"account","account_id":"(non-string passed)","balance":0.32,"equity":0.32,"margin":0.00,"free_margin":0.32,"leverage":50,"currency":"USD"}
0	03:20:43.386	MT4PredictServer AUDCAD,H1: ?? Sending account info: {"type":"account","account_id":"(non-string passed)","balance":0.32,"equity":0.32,"margin":0.00,"free_margin":0.32,"leverage":50,"currency":"USD"}
0	03:20:49.656	MT4PredictServer AUDCAD,H1: ?? Sending account info: {"type":"account","account_id":"(non-string passed)","balance":0.32,"equity":0.32,"margin":0.00,"free_margin":0.32,"leverage":50,"currency":"USD"}
0	03:20:54.910	MT4PredictServer AUDCAD,H1: ?? Sending account info: {"type":"account","account_id":"(non-string passed)","balance":0.32,"equity":0.32,"margin":0.00,"free_margin":0.32,"leverage":50,"currency":"USD"}
0	03:20:58.650	MT4PredictServer AUDCAD,H1: ?? Sending account info: {"type":"account","account_id":"(non-string passed)","balance":0.32,"equity":0.32,"margin":0.00,"free_margin":0.32,"leverage":50,"currency":"USD"}
0	03:21:02.821	MT4PredictServer AUDCAD,H1: ?? Sending account info: {"type":"account","account_id":"(non-string passed)","balance":0.32,"equity":0.32,"margin":0.00,"free_margin":0.32,"leverage":50,"currency":"USD"}
0	03:21:07.055	MT4PredictServer AUDCAD,H1: ?? Sending account info: {"type":"account","account_id":"(non-string passed)","balance":0.32,"equity":0.32,"margin":0.00,"free_margin":0.32,"leverage":50,"currency":"USD"}
0	03:21:09.275	MT4PredictServer AUDCAD,H1: ?? Sending account info: {"type":"account","account_id":"(non-string passed)","balance":0.32,"equity":0.32,"margin":0.00,"free_margin":0.32,"leverage":50,"currency":"USD"}
0	03:21:13.302	MT4PredictServer AUDCAD,H1: ?? Sending account info: {"type":"account","account_id":"(non-string passed)","balance":0.32,"equity":0.32,"margin":0.00,"free_margin":0.32,"leverage":50,"currency":"USD"}
0	03:21:28.628	MT4PredictServer AUDCAD,H1: ?? Sending account info: {"type":"account","account_id":"(non-string passed)","balance":0.32,"equity":0.32,"margin":0.00,"free_margin":0.32,"leverage":50,"currency":"USD"}
0	03:21:31.075	MT4PredictServer AUDCAD,H1: ?? Sending account info: {"type":"account","account_id":"(non-string passed)","balance":0.32,"equity":0.32,"margin":0.00,"free_margin":0.32,"leverage":50,"currency":"USD"}
0	03:21:31.450	MT4PredictServer AUDCAD,H1: ?? Sending account info: {"type":"account","account_id":"(non-string passed)","balance":0.32,"equity":0.32,"margin":0.00,"free_margin":0.32,"leverage":50,"currency":"USD"}
0	03:21:31.784	MT4PredictServer AUDCAD,H1: ?? Sending account info: {"type":"account","account_id":"(non-string passed)","balance":0.32,"equity":0.32,"margin":0.00,"free_margin":0.32,"leverage":50,"currency":"USD"}
0	03:21:34.394	MT4PredictServer AUDCAD,H1: ?? Sending account info: {"type":"account","account_id":"(non-string passed)","balance":0.32,"equity":0.32,"margin":0.00,"free_margin":0.32,"leverage":50,"currency":"USD"}
0	03:21:34.623	MT4PredictServer AUDCAD,H1: ?? Sending account info: {"type":"account","account_id":"(non-string passed)","balance":0.32,"equity":0.32,"margin":0.00,"free_margin":0.32,"leverage":50,"currency":"USD"}
0	03:21:39.394	MT4PredictServer AUDCAD,H1: ?? Sending account info: {"type":"account","account_id":"(non-string passed)","balance":0.32,"equity":0.32,"margin":0.00,"free_margin":0.32,"leverage":50,"currency":"USD"}
0	03:21:43.103	MT4PredictServer AUDCAD,H1: ?? Sending account info: {"type":"account","account_id":"(non-string passed)","balance":0.32,"equity":0.32,"margin":0.00,"free_margin":0.32,"leverage":50,"currency":"USD"}
0	03:21:45.256	MT4PredictServer AUDCAD,H1: ?? Sending account info: {"type":"account","account_id":"(non-string passed)","balance":0.32,"equity":0.32,"margin":0.00,"free_margin":0.32,"leverage":50,"currency":"USD"}
0	03:21:45.798	MT4PredictServer AUDCAD,H1: ?? Sending account info: {"type":"account","account_id":"(non-string passed)","balance":0.32,"equity":0.32,"margin":0.00,"free_margin":0.32,"leverage":50,"currency":"USD"}
0	03:21:46.044	MT4PredictServer AUDCAD,H1: ?? Sending account info: {"type":"account","account_id":"(non-string passed)","balance":0.32,"equity":0.32,"margin":0.00,"free_margin":0.32,"leverage":50,"currency":"USD"}
0	03:21:46.256	MT4PredictServer AUDCAD,H1: ?? Sending account info: {"type":"account","account_id":"(non-string passed)","balance":0.32,"equity":0.32,"margin":0.00,"free_margin":0.32,"leverage":50,"currency":"USD"}
0	03:21:47.600	MT4PredictServer AUDCAD,H1: ?? Sending account info: {"type":"account","account_id":"(non-string passed)","balance":0.32,"equity":0.32,"margin":0.00,"free_margin":0.32,"leverage":50,"currency":"USD"}
0	03:21:48.084	MT4PredictServer AUDCAD,H1: ?? Sending account info: {"type":"account","account_id":"(non-string passed)","balance":0.32,"equity":0.32,"margin":0.00,"free_margin":0.32,"leverage":50,"currency":"USD"}
0	03:21:48.857	MT4PredictServer AUDCAD,H1: ?? Sending account info: {"type":"account","account_id":"(non-string passed)","balance":0.32,"equity":0.32,"margin":0.00,"free_margin":0.32,"leverage":50,"currency":"USD"}
0	03:21:56.566	MT4PredictServer AUDCAD,H1: ?? Sending account info: {"type":"account","account_id":"(non-string passed)","balance":0.32,"equity":0.32,"margin":0.00,"free_margin":0.32,"leverage":50,"currency":"USD"}
0	03:21:57.338	MT4PredictServer AUDCAD,H1: ?? Sending account info: {"type":"account","account_id":"(non-string passed)","balance":0.32,"equity":0.32,"margin":0.00,"free_margin":0.32,"leverage":50,"currency":"USD"}
0	03:22:02.461	MT4PredictServer AUDCAD,H1: ?? Sending account info: {"type":"account","account_id":"(non-string passed)","balance":0.32,"equity":0.32,"margin":0.00,"free_margin":0.32,"leverage":50,"currency":"USD"}
0	03:22:10.640	MT4PredictServer AUDCAD,H1: ?? Sending account info: {"type":"account","account_id":"(non-string passed)","balance":0.32,"equity":0.32,"margin":0.00,"free_margin":0.32,"leverage":50,"currency":"USD"}
0	03:22:10.814	MT4PredictServer AUDCAD,H1: ?? Sending account info: {"type":"account","account_id":"(non-string passed)","balance":0.32,"equity":0.32,"margin":0.00,"free_margin":0.32,"leverage":50,"currency":"USD"}
0	03:22:11.055	MT4PredictServer AUDCAD,H1: ?? Sending account info: {"type":"account","account_id":"(non-string passed)","balance":0.32,"equity":0.32,"margin":0.00,"free_margin":0.32,"leverage":50,"currency":"USD"}
0	03:22:11.840	MT4PredictServer AUDCAD,H1: ?? Sending account info: {"type":"account","account_id":"(non-string passed)","balance":0.32,"equity":0.32,"margin":0.00,"free_margin":0.32,"leverage":50,"currency":"USD"}
0	03:22:14.844	MT4PredictServer AUDCAD,H1: ?? Sending account info: {"type":"account","account_id":"(non-string passed)","balance":0.32,"equity":0.32,"margin":0.00,"free_margin":0.32,"leverage":50,"currency":"USD"}
0	03:22:21.997	MT4PredictServer AUDCAD,H1: ?? Sending account info: {"type":"account","account_id":"(non-string passed)","balance":0.32,"equity":0.32,"margin":0.00,"free_margin":0.32,"leverage":50,"currency":"USD"}
0	03:22:22.113	MT4PredictServer AUDCAD,H1: ?? Sending account info: {"type":"account","account_id":"(non-string passed)","balance":0.32,"equity":0.32,"margin":0.00,"free_margin":0.32,"leverage":50,"currency":"USD"}
0	03:22:28.277	MT4PredictServer AUDCAD,H1: ?? Sending account info: {"type":"account","account_id":"(non-string passed)","balance":0.32,"equity":0.32,"margin":0.00,"free_margin":0.32,"leverage":50,"currency":"USD"}
0	03:22:28.739	MT4PredictServer AUDCAD,H1: ?? Sending account info: {"type":"account","account_id":"(non-string passed)","balance":0.32,"equity":0.32,"margin":0.00,"free_margin":0.32,"leverage":50,"currency":"USD"}
0	03:22:31.823	MT4PredictServer AUDCAD,H1: ?? Sending account info: {"type":"account","account_id":"(non-string passed)","balance":0.32,"equity":0.32,"margin":0.00,"free_margin":0.32,"leverage":50,"currency":"USD"}
0	03:22:33.705	MT4PredictServer AUDCAD,H1: ?? Sending account info: {"type":"account","account_id":"(non-string passed)","balance":0.32,"equity":0.32,"margin":0.00,"free_margin":0.32,"leverage":50,"currency":"USD"}
0	03:22:35.313	MT4PredictServer AUDCAD,H1: ?? Sending account info: {"type":"account","account_id":"(non-string passed)","balance":0.32,"equity":0.32,"margin":0.00,"free_margin":0.32,"leverage":50,"currency":"USD"}
0	03:22:35.451	MT4PredictServer AUDCAD,H1: ?? Sending account info: {"type":"account","account_id":"(non-string passed)","balance":0.32,"equity":0.32,"margin":0.00,"free_margin":0.32,"leverage":50,"currency":"USD"}
0	03:22:42.126	MT4PredictServer AUDCAD,H1: ?? Sending account info: {"type":"account","account_id":"(non-string passed)","balance":0.32,"equity":0.32,"margin":0.00,"free_margin":0.32,"leverage":50,"currency":"USD"}
0	03:22:43.057	MT4PredictServer AUDCAD,H1: ?? Sending account info: {"type":"account","account_id":"(non-string passed)","balance":0.32,"equity":0.32,"margin":0.00,"free_margin":0.32,"leverage":50,"currency":"USD"}
0	03:22:43.277	MT4PredictServer AUDCAD,H1: ?? Sending account info: {"type":"account","account_id":"(non-string passed)","balance":0.32,"equity":0.32,"margin":0.00,"free_margin":0.32,"leverage":50,"currency":"USD"}
0	03:22:47.686	MT4PredictServer AUDCAD,H1: ?? Sending account info: {"type":"account","account_id":"(non-string passed)","balance":0.32,"equity":0.32,"margin":0.00,"free_margin":0.32,"leverage":50,"currency":"USD"}
0	03:22:48.595	MT4PredictServer AUDCAD,H1: ?? Sending account info: {"type":"account","account_id":"(non-string passed)","balance":0.32,"equity":0.32,"margin":0.00,"free_margin":0.32,"leverage":50,"currency":"USD"}
0	03:22:50.933	MT4PredictServer AUDCAD,H1: ?? Sending account info: {"type":"account","account_id":"(non-string passed)","balance":0.32,"equity":0.32,"margin":0.00,"free_margin":0.32,"leverage":50,"currency":"USD"}
0	03:22:52.354	MT4PredictServer AUDCAD,H1: ?? Sending account info: {"type":"account","account_id":"(non-string passed)","balance":0.32,"equity":0.32,"margin":0.00,"free_margin":0.32,"leverage":50,"currency":"USD"}
0	03:22:55.461	MT4PredictServer AUDCAD,H1: ?? Sending account info: {"type":"account","account_id":"(non-string passed)","balance":0.32,"equity":0.32,"margin":0.00,"free_margin":0.32,"leverage":50,"currency":"USD"}
0	03:23:10.375	MT4PredictServer AUDCAD,H1: ?? Sending account info: {"type":"account","account_id":"(non-string passed)","balance":0.32,"equity":0.32,"margin":0.00,"free_margin":0.32,"leverage":50,"currency":"USD"}
0	03:23:11.095	MT4PredictServer AUDCAD,H1: ?? Sending account info: {"type":"account","account_id":"(non-string passed)","balance":0.32,"equity":0.32,"margin":0.00,"free_margin":0.32,"leverage":50,"currency":"USD"}
0	03:23:13.506	MT4PredictServer AUDCAD,H1: ?? Sending account info: {"type":"account","account_id":"(non-string passed)","balance":0.32,"equity":0.32,"margin":0.00,"free_margin":0.32,"leverage":50,"currency":"USD"}
0	03:23:13.842	MT4PredictServer AUDCAD,H1: ?? Sending account info: {"type":"account","account_id":"(non-string passed)","balance":0.32,"equity":0.32,"margin":0.00,"free_margin":0.32,"leverage":50,"currency":"USD"}
0	03:23:17.688	MT4PredictServer AUDCAD,H1: ?? Sending account info: {"type":"account","account_id":"(non-string passed)","balance":0.32,"equity":0.32,"margin":0.00,"free_margin":0.32,"leverage":50,"currency":"USD"}
0	03:23:25.061	MT4PredictServer AUDCAD,H1: ?? Sending account info: {"type":"account","account_id":"(non-string passed)","balance":0.32,"equity":0.32,"margin":0.00,"free_margin":0.32,"leverage":50,"currency":"USD"}
0	03:23:25.812	MT4PredictServer AUDCAD,H1: ?? Sending account info: {"type":"account","account_id":"(non-string passed)","balance":0.32,"equity":0.32,"margin":0.00,"free_margin":0.32,"leverage":50,"currency":"USD"}
0	03:23:38.888	MT4PredictServer AUDCAD,H1: ?? Sending account info: {"type":"account","account_id":"(non-string passed)","balance":0.32,"equity":0.32,"margin":0.00,"free_margin":0.32,"leverage":50,"currency":"USD"}
0	03:23:41.704	MT4PredictServer AUDCAD,H1: ?? Sending account info: {"type":"account","account_id":"(non-string passed)","balance":0.32,"equity":0.32,"margin":0.00,"free_margin":0.32,"leverage":50,"currency":"USD"}
0	03:23:42.318	MT4PredictServer AUDCAD,H1: ?? Sending account info: {"type":"account","account_id":"(non-string passed)","balance":0.32,"equity":0.32,"margin":0.00,"free_margin":0.32,"leverage":50,"currency":"USD"}
0	03:23:42.490	MT4PredictServer AUDCAD,H1: ?? Sending account info: {"type":"account","account_id":"(non-string passed)","balance":0.32,"equity":0.32,"margin":0.00,"free_margin":0.32,"leverage":50,"currency":"USD"}
0	03:23:43.512	MT4PredictServer AUDCAD,H1: ?? Sending account info: {"type":"account","account_id":"(non-string passed)","balance":0.32,"equity":0.32,"margin":0.00,"free_margin":0.32,"leverage":50,"currency":"USD"}
0	03:23:44.409	MT4PredictServer AUDCAD,H1: ?? Sending account info: {"type":"account","account_id":"(non-string passed)","balance":0.32,"equity":0.32,"margin":0.00,"free_margin":0.32,"leverage":50,"currency":"USD"}
0	03:23:44.510	MT4PredictServer AUDCAD,H1: ?? Sending account info: {"type":"account","account_id":"(non-string passed)","balance":0.32,"equity":0.32,"margin":0.00,"free_margin":0.32,"leverage":50,"currency":"USD"}
0	03:23:48.262	MT4PredictServer AUDCAD,H1: ?? Sending account info: {"type":"account","account_id":"(non-string passed)","balance":0.32,"equity":0.32,"margin":0.00,"free_margin":0.32,"leverage":50,"currency":"USD"}
0	03:23:50.653	MT4PredictServer AUDCAD,H1: ?? Sending account info: {"type":"account","account_id":"(non-string passed)","balance":0.32,"equity":0.32,"margin":0.00,"free_margin":0.32,"leverage":50,"currency":"USD"}
0	03:23:55.889	MT4PredictServer AUDCAD,H1: ?? Sending account info: {"type":"account","account_id":"(non-string passed)","balance":0.32,"equity":0.32,"margin":0.00,"free_margin":0.32,"leverage":50,"currency":"USD"}
0	03:23:56.019	MT4PredictServer AUDCAD,H1: ?? Sending account info: {"type":"account","account_id":"(non-string passed)","balance":0.32,"equity":0.32,"margin":0.00,"free_margin":0.32,"leverage":50,"currency":"USD"}
0	03:24:00.077	MT4PredictServer AUDCAD,H1: ?? Sending account info: {"type":"account","account_id":"(non-string passed)","balance":0.32,"equity":0.32,"margin":0.00,"free_margin":0.32,"leverage":50,"currency":"USD"}
0	03:24:05.861	MT4PredictServer AUDCAD,H1: ?? Sending account info: {"type":"account","account_id":"(non-string passed)","balance":0.32,"equity":0.32,"margin":0.00,"free_margin":0.32,"leverage":50,"currency":"USD"}
0	03:24:09.033	MT4PredictServer AUDCAD,H1: ?? Sending account info: {"type":"account","account_id":"(non-string passed)","balance":0.32,"equity":0.32,"margin":0.00,"free_margin":0.32,"leverage":50,"currency":"USD"}
0	03:24:10.283	MT4PredictServer AUDCAD,H1: ?? Sending account info: {"type":"account","account_id":"(non-string passed)","balance":0.32,"equity":0.32,"margin":0.00,"free_margin":0.32,"leverage":50,"currency":"USD"}
0	03:24:11.094	MT4PredictServer AUDCAD,H1: ?? Sending account info: {"type":"account","account_id":"(non-string passed)","balance":0.32,"equity":0.32,"margin":0.00,"free_margin":0.32,"leverage":50,"currency":"USD"}
0	03:24:11.684	MT4PredictServer AUDCAD,H1: ?? Sending account info: {"type":"account","account_id":"(non-string passed)","balance":0.32,"equity":0.32,"margin":0.00,"free_margin":0.32,"leverage":50,"currency":"USD"}
0	03:24:15.102	MT4PredictServer AUDCAD,H1: ?? Sending account info: {"type":"account","account_id":"(non-string passed)","balance":0.32,"equity":0.32,"margin":0.00,"free_margin":0.32,"leverage":50,"currency":"USD"}
0	03:24:15.694	MT4PredictServer AUDCAD,H1: ?? Sending account info: {"type":"account","account_id":"(non-string passed)","balance":0.32,"equity":0.32,"margin":0.00,"free_margin":0.32,"leverage":50,"currency":"USD"}
0	03:24:21.731	MT4PredictServer AUDCAD,H1: ?? Sending account info: {"type":"account","account_id":"(non-string passed)","balance":0.32,"equity":0.32,"margin":0.00,"free_margin":0.32,"leverage":50,"currency":"USD"}
0	03:24:29.883	MT4PredictServer AUDCAD,H1: ?? Sending account info: {"type":"account","account_id":"(non-string passed)","balance":0.32,"equity":0.32,"margin":0.00,"free_margin":0.32,"leverage":50,"currency":"USD"}
0	03:24:30.292	MT4PredictServer AUDCAD,H1: ?? Sending account info: {"type":"account","account_id":"(non-string passed)","balance":0.32,"equity":0.32,"margin":0.00,"free_margin":0.32,"leverage":50,"currency":"USD"}
0	03:24:31.884	MT4PredictServer AUDCAD,H1: ?? Sending account info: {"type":"account","account_id":"(non-string passed)","balance":0.32,"equity":0.32,"margin":0.00,"free_margin":0.32,"leverage":50,"currency":"USD"}
0	03:24:38.465	MT4PredictServer AUDCAD,H1: ?? Sending account info: {"type":"account","account_id":"(non-string passed)","balance":0.32,"equity":0.32,"margin":0.00,"free_margin":0.32,"leverage":50,"currency":"USD"}
0	03:24:42.215	MT4PredictServer AUDCAD,H1: ?? Sending account info: {"type":"account","account_id":"(non-string passed)","balance":0.32,"equity":0.32,"margin":0.00,"free_margin":0.32,"leverage":50,"currency":"USD"}
0	03:24:42.280	MT4PredictServer AUDCAD,H1: ?? Sending account info: {"type":"account","account_id":"(non-string passed)","balance":0.32,"equity":0.32,"margin":0.00,"free_margin":0.32,"leverage":50,"currency":"USD"}
0	03:24:50.307	MT4PredictServer AUDCAD,H1: ?? Sending account info: {"type":"account","account_id":"(non-string passed)","balance":0.32,"equity":0.32,"margin":0.00,"free_margin":0.32,"leverage":50,"currency":"USD"}
0	03:24:52.723	MT4PredictServer AUDCAD,H1: ?? Sending account info: {"type":"account","account_id":"(non-string passed)","balance":0.32,"equity":0.32,"margin":0.00,"free_margin":0.32,"leverage":50,"currency":"USD"}
0	03:24:53.162	MT4PredictServer AUDCAD,H1: ?? Sending account info: {"type":"account","account_id":"(non-string passed)","balance":0.32,"equity":0.32,"margin":0.00,"free_margin":0.32,"leverage":50,"currency":"USD"}
0	03:24:54.137	MT4PredictServer AUDCAD,H1: ?? Sending account info: {"type":"account","account_id":"(non-string passed)","balance":0.32,"equity":0.32,"margin":0.00,"free_margin":0.32,"leverage":50,"currency":"USD"}
0	03:24:54.266	MT4PredictServer AUDCAD,H1: ?? Sending account info: {"type":"account","account_id":"(non-string passed)","balance":0.32,"equity":0.32,"margin":0.00,"free_margin":0.32,"leverage":50,"currency":"USD"}
0	03:24:54.928	MT4PredictServer AUDCAD,H1: ?? Sending account info: {"type":"account","account_id":"(non-string passed)","balance":0.32,"equity":0.32,"margin":0.00,"free_margin":0.32,"leverage":50,"currency":"USD"}
0	03:25:02.353	MT4PredictServer AUDCAD,H1: ?? Sending account info: {"type":"account","account_id":"(non-string passed)","balance":0.32,"equity":0.32,"margin":0.00,"free_margin":0.32,"leverage":50,"currency":"USD"}
0	03:25:02.571	MT4PredictServer AUDCAD,H1: ?? Sending account info: {"type":"account","account_id":"(non-string passed)","balance":0.32,"equity":0.32,"margin":0.00,"free_margin":0.32,"leverage":50,"currency":"USD"}
0	03:25:03.923	MT4PredictServer AUDCAD,H1: ?? Sending account info: {"type":"account","account_id":"(non-string passed)","balance":0.32,"equity":0.32,"margin":0.00,"free_margin":0.32,"leverage":50,"currency":"USD"}
0	03:25:04.598	MT4PredictServer AUDCAD,H1: ?? Sending account info: {"type":"account","account_id":"(non-string passed)","balance":0.32,"equity":0.32,"margin":0.00,"free_margin":0.32,"leverage":50,"currency":"USD"}
0	03:25:06.738	MT4PredictServer AUDCAD,H1: ?? Sending account info: {"type":"account","account_id":"(non-string passed)","balance":0.32,"equity":0.32,"margin":0.00,"free_margin":0.32,"leverage":50,"currency":"USD"}
0	03:25:08.108	MT4PredictServer AUDCAD,H1: ?? Sending account info: {"type":"account","account_id":"(non-string passed)","balance":0.32,"equity":0.32,"margin":0.00,"free_margin":0.32,"leverage":50,"currency":"USD"}
0	03:25:08.641	MT4PredictServer AUDCAD,H1: ?? Sending account info: {"type":"account","account_id":"(non-string passed)","balance":0.32,"equity":0.32,"margin":0.00,"free_margin":0.32,"leverage":50,"currency":"USD"}
0	03:25:09.705	MT4PredictServer AUDCAD,H1: ?? Sending account info: {"type":"account","account_id":"(non-string passed)","balance":0.32,"equity":0.32,"margin":0.00,"free_margin":0.32,"leverage":50,"currency":"USD"}
0	03:25:10.790	MT4PredictServer AUDCAD,H1: ?? Sending account info: {"type":"account","account_id":"(non-string passed)","balance":0.32,"equity":0.32,"margin":0.00,"free_margin":0.32,"leverage":50,"currency":"USD"}
0	03:25:13.170	MT4PredictServer AUDCAD,H1: ?? Sending account info: {"type":"account","account_id":"(non-string passed)","balance":0.32,"equity":0.32,"margin":0.00,"free_margin":0.32,"leverage":50,"currency":"USD"}
0	03:25:16.864	MT4PredictServer AUDCAD,H1: ?? Sending account info: {"type":"account","account_id":"(non-string passed)","balance":0.32,"equity":0.32,"margin":0.00,"free_margin":0.32,"leverage":50,"currency":"USD"}
0	03:25:17.335	MT4PredictServer AUDCAD,H1: ?? Sending account info: {"type":"account","account_id":"(non-string passed)","balance":0.32,"equity":0.32,"margin":0.00,"free_margin":0.32,"leverage":50,"currency":"USD"}
0	03:25:20.380	MT4PredictServer AUDCAD,H1: ?? Sending account info: {"type":"account","account_id":"(non-string passed)","balance":0.32,"equity":0.32,"margin":0.00,"free_margin":0.32,"leverage":50,"currency":"USD"}
0	03:25:20.660	MT4PredictServer AUDCAD,H1: ?? Sending account info: {"type":"account","account_id":"(non-string passed)","balance":0.32,"equity":0.32,"margin":0.00,"free_margin":0.32,"leverage":50,"currency":"USD"}
0	03:25:28.122	MT4PredictServer AUDCAD,H1: ?? Sending account info: {"type":"account","account_id":"(non-string passed)","balance":0.32,"equity":0.32,"margin":0.00,"free_margin":0.32,"leverage":50,"currency":"USD"}
0	03:25:28.339	MT4PredictServer AUDCAD,H1: ?? Sending account info: {"type":"account","account_id":"(non-string passed)","balance":0.32,"equity":0.32,"margin":0.00,"free_margin":0.32,"leverage":50,"currency":"USD"}
0	03:25:35.112	MT4PredictServer AUDCAD,H1: ?? Sending account info: {"type":"account","account_id":"(non-string passed)","balance":0.32,"equity":0.32,"margin":0.00,"free_margin":0.32,"leverage":50,"currency":"USD"}
0	03:25:43.352	MT4PredictServer AUDCAD,H1: ?? Sending account info: {"type":"account","account_id":"(non-string passed)","balance":0.32,"equity":0.32,"margin":0.00,"free_margin":0.32,"leverage":50,"currency":"USD"}
0	03:25:47.289	MT4PredictServer AUDCAD,H1: ?? Sending account info: {"type":"account","account_id":"(non-string passed)","balance":0.32,"equity":0.32,"margin":0.00,"free_margin":0.32,"leverage":50,"currency":"USD"}
0	03:25:48.594	MT4PredictServer AUDCAD,H1: ?? Sending account info: {"type":"account","account_id":"(non-string passed)","balance":0.32,"equity":0.32,"margin":0.00,"free_margin":0.32,"leverage":50,"currency":"USD"}
0	03:26:15.182	MT4PredictServer AUDCAD,H1: ?? Sending account info: {"type":"account","account_id":"(non-string passed)","balance":0.32,"equity":0.32,"margin":0.00,"free_margin":0.32,"leverage":50,"currency":"USD"}
0	03:26:20.393	MT4PredictServer AUDCAD,H1: ?? Sending account info: {"type":"account","account_id":"(non-string passed)","balance":0.32,"equity":0.32,"margin":0.00,"free_margin":0.32,"leverage":50,"currency":"USD"}
0	03:26:33.719	MT4PredictServer AUDCAD,H1: ?? Sending account info: {"type":"account","account_id":"(non-string passed)","balance":0.32,"equity":0.32,"margin":0.00,"free_margin":0.32,"leverage":50,"currency":"USD"}
0	03:26:36.152	MT4PredictServer AUDCAD,H1: ?? Sending account info: {"type":"account","account_id":"(non-string passed)","balance":0.32,"equity":0.32,"margin":0.00,"free_margin":0.32,"leverage":50,"currency":"USD"}
0	03:26:40.592	MT4PredictServer AUDCAD,H1: ?? Sending account info: {"type":"account","account_id":"(non-string passed)","balance":0.32,"equity":0.32,"margin":0.00,"free_margin":0.32,"leverage":50,"currency":"USD"}
0	03:26:47.245	MT4PredictServer AUDCAD,H1: ?? Sending account info: {"type":"account","account_id":"(non-string passed)","balance":0.32,"equity":0.32,"margin":0.00,"free_margin":0.32,"leverage":50,"currency":"USD"}
0	03:26:53.715	MT4PredictServer AUDCAD,H1: ?? Sending account info: {"type":"account","account_id":"(non-string passed)","balance":0.32,"equity":0.32,"margin":0.00,"free_margin":0.32,"leverage":50,"currency":"USD"}
0	03:26:56.959	MT4PredictServer AUDCAD,H1: ?? Sending account info: {"type":"account","account_id":"(non-string passed)","balance":0.32,"equity":0.32,"margin":0.00,"free_margin":0.32,"leverage":50,"currency":"USD"}
0	03:27:11.692	MT4PredictServer AUDCAD,H1: ?? Sending account info: {"type":"account","account_id":"(non-string passed)","balance":0.32,"equity":0.32,"margin":0.00,"free_margin":0.32,"leverage":50,"currency":"USD"}
0	03:27:19.677	MT4PredictServer AUDCAD,H1: ?? Sending account info: {"type":"account","account_id":"(non-string passed)","balance":0.32,"equity":0.32,"margin":0.00,"free_margin":0.32,"leverage":50,"currency":"USD"}
0	03:27:22.598	MT4PredictServer AUDCAD,H1: ?? Sending account info: {"type":"account","account_id":"(non-string passed)","balance":0.32,"equity":0.32,"margin":0.00,"free_margin":0.32,"leverage":50,"currency":"USD"}
0	03:27:29.242	MT4PredictServer AUDCAD,H1: ?? Sending account info: {"type":"account","account_id":"(non-string passed)","balance":0.32,"equity":0.32,"margin":0.00,"free_margin":0.32,"leverage":50,"currency":"USD"}
0	03:27:30.585	MT4PredictServer AUDCAD,H1: uninit reason 2
0	03:27:30.585	MT4PredictServer AUDCAD,H1: ?? EA stopped.
0	03:27:30.603	Expert MT4PredictServer AUDCAD,H1: removed
0	03:27:30.649	Expert MT4PredictServer AUDCAD,H1: loaded successfully
0	03:27:30.715	MT4PredictServer AUDCAD,H1: ?? RiskManager reset — new day started (Balance: 0.32)
0	03:27:30.715	MT4PredictServer AUDCAD,H1: ?? Multi-Symbol Predict EA starting...
0	03:27:30.739	MT4PredictServer AUDCAD,H1: ?? Handshake reply: {"type": "pong", "status": "ready", "timestamp": 1760426850.7444096}

0	03:27:30.739	MT4PredictServer AUDCAD,H1: ? Server handshake successful!
0	03:27:30.744	MT4PredictServer AUDCAD,H1: initialized
0	03:27:41.654	MT4PredictServer AUDCAD,H1: ?? Sending account info: {"type":"account","account_id":"(non-string passed)","balance":0.32,"equity":0.32,"margin":0.00,"free_margin":0.32,"leverage":50,"currency":"USD"}
0	03:27:45.042	MT4PredictServer AUDCAD,H1: ?? Sending account info: {"type":"account","account_id":"(non-string passed)","balance":0.32,"equity":0.32,"margin":0.00,"free_margin":0.32,"leverage":50,"currency":"USD"}
0	03:27:49.790	MT4PredictServer AUDCAD,H1: ?? Sending account info: {"type":"account","account_id":"(non-string passed)","balance":0.32,"equity":0.32,"margin":0.00,"free_margin":0.32,"leverage":50,"currency":"USD"}
0	03:27:57.184	MT4PredictServer AUDCAD,H1: ?? Sending account info: {"type":"account","account_id":"(non-string passed)","balance":0.32,"equity":0.32,"margin":0.00,"free_margin":0.32,"leverage":50,"currency":"USD"}
0	03:28:04.866	MT4PredictServer AUDCAD,H1: ?? Sending account info: {"type":"account","account_id":"(non-string passed)","balance":0.32,"equity":0.32,"margin":0.00,"free_margin":0.32,"leverage":50,"currency":"USD"}
0	03:28:06.222	MT4PredictServer AUDCAD,H1: ?? Sending account info: {"type":"account","account_id":"(non-string passed)","balance":0.32,"equity":0.32,"margin":0.00,"free_margin":0.32,"leverage":50,"currency":"USD"}
0	03:28:09.771	MT4PredictServer AUDCAD,H1: ?? Sending account info: {"type":"account","account_id":"(non-string passed)","balance":0.32,"equity":0.32,"margin":0.00,"free_margin":0.32,"leverage":50,"currency":"USD"}
0	03:28:24.257	MT4PredictServer AUDCAD,H1: ?? Sending account info: {"type":"account","account_id":"(non-string passed)","balance":0.32,"equity":0.32,"margin":0.00,"free_margin":0.32,"leverage":50,"currency":"USD"}
0	03:28:25.353	MT4PredictServer AUDCAD,H1: uninit reason 2
0	03:28:25.353	MT4PredictServer AUDCAD,H1: ?? EA stopped.
0	03:28:25.364	Expert MT4PredictServer AUDCAD,H1: removed
0	03:28:25.411	Expert MT4PredictServer AUDCAD,H1: loaded successfully
0	03:28:25.559	MT4PredictServer AUDCAD,H1: ?? RiskManager reset — new day started (Balance: 0.32)
0	03:28:25.559	MT4PredictServer AUDCAD,H1: ?? Multi-Symbol Predict EA starting...
0	03:28:25.675	MT4PredictServer AUDCAD,H1: ?? Handshake reply: {"type": "pong", "status": "ready", "timestamp": 1760426905.6907012}

0	03:28:25.675	MT4PredictServer AUDCAD,H1: ? Server handshake successful!
0	03:28:25.675	MT4PredictServer AUDCAD,H1: initialized
0	03:28:27.604	MT4PredictServer AUDCAD,H1: ?? Sending account info: {"type":"account","account_id":"(non-string passed)","balance":0.32,"equity":0.32,"margin":0.00,"free_margin":0.32,"leverage":50,"currency":"USD"}
0	03:28:35.504	MT4PredictServer AUDCAD,H1: ?? Sending account info: {"type":"account","account_id":"(non-string passed)","balance":0.32,"equity":0.32,"margin":0.00,"free_margin":0.32,"leverage":50,"currency":"USD"}
0	03:28:35.680	MT4PredictServer AUDCAD,H1: ?? Sending account info: {"type":"account","account_id":"(non-string passed)","balance":0.32,"equity":0.32,"margin":0.00,"free_margin":0.32,"leverage":50,"currency":"USD"}
0	03:28:35.945	MT4PredictServer AUDCAD,H1: ?? Sending account info: {"type":"account","account_id":"(non-string passed)","balance":0.32,"equity":0.32,"margin":0.00,"free_margin":0.32,"leverage":50,"currency":"USD"}
0	03:28:35.976	MT4PredictServer AUDCAD,H1: ?? Sending account info: {"type":"account","account_id":"(non-string passed)","balance":0.32,"equity":0.32,"margin":0.00,"free_margin":0.32,"leverage":50,"currency":"USD"}
0	03:28:36.152	MT4PredictServer AUDCAD,H1: ?? Sending account info: {"type":"account","account_id":"(non-string passed)","balance":0.32,"equity":0.32,"margin":0.00,"free_margin":0.32,"leverage":50,"currency":"USD"}
0	03:28:36.392	MT4PredictServer AUDCAD,H1: ?? Sending account info: {"type":"account","account_id":"(non-string passed)","balance":0.32,"equity":0.32,"margin":0.00,"free_margin":0.32,"leverage":50,"currency":"USD"}
0	03:28:36.859	MT4PredictServer AUDCAD,H1: ?? Sending account info: {"type":"account","account_id":"(non-string passed)","balance":0.32,"equity":0.32,"margin":0.00,"free_margin":0.32,"leverage":50,"currency":"USD"}
0	03:28:37.311	MT4PredictServer AUDCAD,H1: ?? Sending account info: {"type":"account","account_id":"(non-string passed)","balance":0.32,"equity":0.32,"margin":0.00,"free_margin":0.32,"leverage":50,"currency":"USD"}
0	03:28:38.136	MT4PredictServer AUDCAD,H1: ?? Sending account info: {"type":"account","account_id":"(non-string passed)","balance":0.32,"equity":0.32,"margin":0.00,"free_margin":0.32,"leverage":50,"currency":"USD"}
0	03:28:38.840	MT4PredictServer AUDCAD,H1: ?? Sending account info: {"type":"account","account_id":"(non-string passed)","balance":0.32,"equity":0.32,"margin":0.00,"free_margin":0.32,"leverage":50,"currency":"USD"}
0	03:28:39.851	MT4PredictServer AUDCAD,H1: ?? Sending account info: {"type":"account","account_id":"(non-string passed)","balance":0.32,"equity":0.32,"margin":0.00,"free_margin":0.32,"leverage":50,"currency":"USD"}
0	03:28:40.105	MT4PredictServer AUDCAD,H1: ?? Sending account info: {"type":"account","account_id":"(non-string passed)","balance":0.32,"equity":0.32,"margin":0.00,"free_margin":0.32,"leverage":50,"currency":"USD"}
0	03:28:45.691	MT4PredictServer AUDCAD,H1: ?? Sending account info: {"type":"account","account_id":"(non-string passed)","balance":0.32,"equity":0.32,"margin":0.00,"free_margin":0.32,"leverage":50,"currency":"USD"}
0	03:28:53.535	MT4PredictServer AUDCAD,H1: ?? Sending account info: {"type":"account","account_id":"(non-string passed)","balance":0.32,"equity":0.32,"margin":0.00,"free_margin":0.32,"leverage":50,"currency":"USD"}
0	03:28:53.645	MT4PredictServer AUDCAD,H1: ?? Sending account info: {"type":"account","account_id":"(non-string passed)","balance":0.32,"equity":0.32,"margin":0.00,"free_margin":0.32,"leverage":50,"currency":"USD"}
0	03:29:01.270	MT4PredictServer AUDCAD,H1: ?? Sending account info: {"type":"account","account_id":"(non-string passed)","balance":0.32,"equity":0.32,"margin":0.00,"free_margin":0.32,"leverage":50,"currency":"USD"}
0	03:29:02.809	MT4PredictServer AUDCAD,H1: ?? Sending account info: {"type":"account","account_id":"(non-string passed)","balance":0.32,"equity":0.32,"margin":0.00,"free_margin":0.32,"leverage":50,"currency":"USD"}
0	03:29:05.938	MT4PredictServer AUDCAD,H1: ?? Sending account info: {"type":"account","account_id":"(non-string passed)","balance":0.32,"equity":0.32,"margin":0.00,"free_margin":0.32,"leverage":50,"currency":"USD"}
0	03:29:09.066	MT4PredictServer AUDCAD,H1: ?? Sending account info: {"type":"account","account_id":"(non-string passed)","balance":0.32,"equity":0.32,"margin":0.00,"free_margin":0.32,"leverage":50,"currency":"USD"}
0	03:29:16.388	MT4PredictServer AUDCAD,H1: ?? Sending account info: {"type":"account","account_id":"(non-string passed)","balance":0.32,"equity":0.32,"margin":0.00,"free_margin":0.32,"leverage":50,"currency":"USD"}
0	03:29:24.651	MT4PredictServer AUDCAD,H1: ?? Sending account info: {"type":"account","account_id":"(non-string passed)","balance":0.32,"equity":0.32,"margin":0.00,"free_margin":0.32,"leverage":50,"currency":"USD"}
0	03:29:38.276	MT4PredictServer AUDCAD,H1: ?? Sending account info: {"type":"account","account_id":"(non-string passed)","balance":0.32,"equity":0.32,"margin":0.00,"free_margin":0.32,"leverage":50,"currency":"USD"}
0	03:29:42.434	MT4PredictServer AUDCAD,H1: ?? Sending account info: {"type":"account","account_id":"(non-string passed)","balance":0.32,"equity":0.32,"margin":0.00,"free_margin":0.32,"leverage":50,"currency":"USD"}
0	03:29:48.820	MT4PredictServer AUDCAD,H1: ?? Sending account info: {"type":"account","account_id":"(non-string passed)","balance":0.32,"equity":0.32,"margin":0.00,"free_margin":0.32,"leverage":50,"currency":"USD"}
0	03:29:55.866	MT4PredictServer AUDCAD,H1: ?? Sending account info: {"type":"account","account_id":"(non-string passed)","balance":0.32,"equity":0.32,"margin":0.00,"free_margin":0.32,"leverage":50,"currency":"USD"}
0	03:30:00.632	MT4PredictServer AUDCAD,H1: ?? Sending account info: {"type":"account","account_id":"(non-string passed)","balance":0.32,"equity":0.32,"margin":0.00,"free_margin":0.32,"leverage":50,"currency":"USD"}
0	03:30:05.145	MT4PredictServer AUDCAD,H1: ?? Sending account info: {"type":"account","account_id":"(non-string passed)","balance":0.32,"equity":0.32,"margin":0.00,"free_margin":0.32,"leverage":50,"currency":"USD"}
0	03:30:21.657	MT4PredictServer AUDCAD,H1: ?? Sending account info: {"type":"account","account_id":"(non-string passed)","balance":0.32,"equity":0.32,"margin":0.00,"free_margin":0.32,"leverage":50,"currency":"USD"}
0	03:30:22.515	MT4PredictServer AUDCAD,H1: ?? Sending account info: {"type":"account","account_id":"(non-string passed)","balance":0.32,"equity":0.32,"margin":0.00,"free_margin":0.32,"leverage":50,"currency":"USD"}
0	03:30:29.291	MT4PredictServer AUDCAD,H1: ?? Sending account info: {"type":"account","account_id":"(non-string passed)","balance":0.32,"equity":0.32,"margin":0.00,"free_margin":0.32,"leverage":50,"currency":"USD"}
0	03:30:35.494	MT4PredictServer AUDCAD,H1: ?? Sending account info: {"type":"account","account_id":"(non-string passed)","balance":0.32,"equity":0.32,"margin":0.00,"free_margin":0.32,"leverage":50,"currency":"USD"}
0	03:30:37.868	MT4PredictServer AUDCAD,H1: ?? Sending account info: {"type":"account","account_id":"(non-string passed)","balance":0.32,"equity":0.32,"margin":0.00,"free_margin":0.32,"leverage":50,"currency":"USD"}
0	03:30:38.867	MT4PredictServer AUDCAD,H1: ?? Sending account info: {"type":"account","account_id":"(non-string passed)","balance":0.32,"equity":0.32,"margin":0.00,"free_margin":0.32,"leverage":50,"currency":"USD"}
0	03:30:40.877	MT4PredictServer AUDCAD,H1: ?? Sending account info: {"type":"account","account_id":"(non-string passed)","balance":0.32,"equity":0.32,"margin":0.00,"free_margin":0.32,"leverage":50,"currency":"USD"}
0	03:30:41.344	MT4PredictServer AUDCAD,H1: ?? Sending account info: {"type":"account","account_id":"(non-string passed)","balance":0.32,"equity":0.32,"margin":0.00,"free_margin":0.32,"leverage":50,"currency":"USD"}
0	03:30:50.446	MT4PredictServer AUDCAD,H1: ?? Sending account info: {"type":"account","account_id":"(non-string passed)","balance":0.32,"equity":0.32,"margin":0.00,"free_margin":0.32,"leverage":50,"currency":"USD"}
0	03:30:59.479	MT4PredictServer AUDCAD,H1: ?? Sending account info: {"type":"account","account_id":"(non-string passed)","balance":0.32,"equity":0.32,"margin":0.00,"free_margin":0.32,"leverage":50,"currency":"USD"}
0	03:31:10.983	MT4PredictServer AUDCAD,H1: ?? Sending account info: {"type":"account","account_id":"(non-string passed)","balance":0.32,"equity":0.32,"margin":0.00,"free_margin":0.32,"leverage":50,"currency":"USD"}
0	03:31:12.299	MT4PredictServer AUDCAD,H1: ?? Sending account info: {"type":"account","account_id":"(non-string passed)","balance":0.32,"equity":0.32,"margin":0.00,"free_margin":0.32,"leverage":50,"currency":"USD"}
0	03:31:16.405	MT4PredictServer AUDCAD,H1: ?? Sending account info: {"type":"account","account_id":"(non-string passed)","balance":0.32,"equity":0.32,"margin":0.00,"free_margin":0.32,"leverage":50,"currency":"USD"}
0	03:31:17.072	MT4PredictServer AUDCAD,H1: ?? Sending account info: {"type":"account","account_id":"(non-string passed)","balance":0.32,"equity":0.32,"margin":0.00,"free_margin":0.32,"leverage":50,"currency":"USD"}
0	03:31:26.262	MT4PredictServer AUDCAD,H1: ?? Sending account info: {"type":"account","account_id":"(non-string passed)","balance":0.32,"equity":0.32,"margin":0.00,"free_margin":0.32,"leverage":50,"currency":"USD"}
0	03:31:57.040	MT4PredictServer AUDCAD,H1: uninit reason 2
0	03:31:57.040	MT4PredictServer AUDCAD,H1: ?? EA stopped.
0	03:31:57.052	Expert MT4PredictServer AUDCAD,H1: removed
0	03:31:57.093	Expert MT4PredictServer AUDCAD,H1: loaded successfully
0	03:31:57.312	MT4PredictServer AUDCAD,H1: ?? RiskManager reset — new day started (Balance: 0.32)
0	03:31:57.312	MT4PredictServer AUDCAD,H1: ?? Multi-Symbol Predict EA starting...
0	03:31:57.327	MT4PredictServer AUDCAD,H1: ?? Handshake reply: {"type": "pong", "status": "ready", "timestamp": 1760427117.3310318}

0	03:31:57.327	MT4PredictServer AUDCAD,H1: ? Server handshake successful!
0	03:31:57.327	MT4PredictServer AUDCAD,H1: initialized
0	03:31:59.944	MT4PredictServer AUDCAD,H1: ?? Sending account info: {"type":"account","account_id":"(non-string passed)","balance":0.32,"equity":0.32,"margin":0.00,"free_margin":0.32,"leverage":50,"currency":"USD"}
0	03:32:06.683	MT4PredictServer AUDCAD,H1: ?? Sending account info: {"type":"account","account_id":"(non-string passed)","balance":0.32,"equity":0.32,"margin":0.00,"free_margin":0.32,"leverage":50,"currency":"USD"}
0	03:32:14.045	MT4PredictServer AUDCAD,H1: ?? Sending account info: {"type":"account","account_id":"(non-string passed)","balance":0.32,"equity":0.32,"margin":0.00,"free_margin":0.32,"leverage":50,"currency":"USD"}
0	03:32:17.242	MT4PredictServer AUDCAD,H1: ?? Sending account info: {"type":"account","account_id":"(non-string passed)","balance":0.32,"equity":0.32,"margin":0.00,"free_margin":0.32,"leverage":50,"currency":"USD"}
0	03:32:22.864	MT4PredictServer AUDCAD,H1: ?? Sending account info: {"type":"account","account_id":"(non-string passed)","balance":0.32,"equity":0.32,"margin":0.00,"free_margin":0.32,"leverage":50,"currency":"USD"}
0	03:32:24.287	MT4PredictServer AUDCAD,H1: ?? Sending account info: {"type":"account","account_id":"(non-string passed)","balance":0.32,"equity":0.32,"margin":0.00,"free_margin":0.32,"leverage":50,"currency":"USD"}
0	03:32:24.887	MT4PredictServer AUDCAD,H1: ?? Sending account info: {"type":"account","account_id":"(non-string passed)","balance":0.32,"equity":0.32,"margin":0.00,"free_margin":0.32,"leverage":50,"currency":"USD"}
0	03:32:27.069	MT4PredictServer AUDCAD,H1: ?? Sending account info: {"type":"account","account_id":"(non-string passed)","balance":0.32,"equity":0.32,"margin":0.00,"free_margin":0.32,"leverage":50,"currency":"USD"}
0	03:32:28.924	MT4PredictServer AUDCAD,H1: ?? Sending account info: {"type":"account","account_id":"(non-string passed)","balance":0.32,"equity":0.32,"margin":0.00,"free_margin":0.32,"leverage":50,"currency":"USD"}
0	03:32:35.686	MT4PredictServer AUDCAD,H1: ?? Sending account info: {"type":"account","account_id":"(non-string passed)","balance":0.32,"equity":0.32,"margin":0.00,"free_margin":0.32,"leverage":50,"currency":"USD"}
0	03:32:37.645	MT4PredictServer AUDCAD,H1: ?? Sending account info: {"type":"account","account_id":"(non-string passed)","balance":0.32,"equity":0.32,"margin":0.00,"free_margin":0.32,"leverage":50,"currency":"USD"}
0	03:32:44.922	MT4PredictServer AUDCAD,H1: ?? Sending account info: {"type":"account","account_id":"(non-string passed)","balance":0.32,"equity":0.32,"margin":0.00,"free_margin":0.32,"leverage":50,"currency":"USD"}
0	03:32:50.775	MT4PredictServer AUDCAD,H1: ?? Sending account info: {"type":"account","account_id":"(non-string passed)","balance":0.32,"equity":0.32,"margin":0.00,"free_margin":0.32,"leverage":50,"currency":"USD"}
0	03:32:59.936	MT4PredictServer AUDCAD,H1: ?? Sending account info: {"type":"account","account_id":"(non-string passed)","balance":0.32,"equity":0.32,"margin":0.00,"free_margin":0.32,"leverage":50,"currency":"USD"}
0	03:33:01.467	MT4PredictServer AUDCAD,H1: ?? Sending account info: {"type":"account","account_id":"(non-string passed)","balance":0.32,"equity":0.32,"margin":0.00,"free_margin":0.32,"leverage":50,"currency":"USD"}
0	03:33:01.705	MT4PredictServer AUDCAD,H1: ?? Sending account info: {"type":"account","account_id":"(non-string passed)","balance":0.32,"equity":0.32,"margin":0.00,"free_margin":0.32,"leverage":50,"currency":"USD"}
0	03:33:02.503	MT4PredictServer AUDCAD,H1: ?? Sending account info: {"type":"account","account_id":"(non-string passed)","balance":0.32,"equity":0.32,"margin":0.00,"free_margin":0.32,"leverage":50,"currency":"USD"}
0	03:33:20.716	MT4PredictServer AUDCAD,H1: ?? Sending account info: {"type":"account","account_id":"(non-string passed)","balance":0.32,"equity":0.32,"margin":0.00,"free_margin":0.32,"leverage":50,"currency":"USD"}
0	03:33:22.453	MT4PredictServer AUDCAD,H1: ?? Sending account info: {"type":"account","account_id":"(non-string passed)","balance":0.32,"equity":0.32,"margin":0.00,"free_margin":0.32,"leverage":50,"currency":"USD"}
0	03:33:46.470	MT4PredictServer AUDCAD,H1: ?? Sending account info: {"type":"account","account_id":"(non-string passed)","balance":0.32,"equity":0.32,"margin":0.00,"free_margin":0.32,"leverage":50,"currency":"USD"}
0	03:33:48.285	MT4PredictServer AUDCAD,H1: ?? Sending account info: {"type":"account","account_id":"(non-string passed)","balance":0.32,"equity":0.32,"margin":0.00,"free_margin":0.32,"leverage":50,"currency":"USD"}
0	03:33:52.055	MT4PredictServer AUDCAD,H1: ?? Sending account info: {"type":"account","account_id":"(non-string passed)","balance":0.32,"equity":0.32,"margin":0.00,"free_margin":0.32,"leverage":50,"currency":"USD"}
0	03:33:52.860	MT4PredictServer AUDCAD,H1: ?? Sending account info: {"type":"account","account_id":"(non-string passed)","balance":0.32,"equity":0.32,"margin":0.00,"free_margin":0.32,"leverage":50,"currency":"USD"}
0	03:34:01.173	MT4PredictServer AUDCAD,H1: ?? Sending account info: {"type":"account","account_id":"(non-string passed)","balance":0.32,"equity":0.32,"margin":0.00,"free_margin":0.32,"leverage":50,"currency":"USD"}
0	03:34:03.195	MT4PredictServer AUDCAD,H1: ?? Sending account info: {"type":"account","account_id":"(non-string passed)","balance":0.32,"equity":0.32,"margin":0.00,"free_margin":0.32,"leverage":50,"currency":"USD"}
0	03:34:12.530	MT4PredictServer AUDCAD,H1: ?? Sending account info: {"type":"account","account_id":"(non-string passed)","balance":0.32,"equity":0.32,"margin":0.00,"free_margin":0.32,"leverage":50,"currency":"USD"}
0	03:34:13.759	MT4PredictServer AUDCAD,H1: ?? Sending account info: {"type":"account","account_id":"(non-string passed)","balance":0.32,"equity":0.32,"margin":0.00,"free_margin":0.32,"leverage":50,"currency":"USD"}
0	03:34:20.378	MT4PredictServer AUDCAD,H1: ?? Sending account info: {"type":"account","account_id":"(non-string passed)","balance":0.32,"equity":0.32,"margin":0.00,"free_margin":0.32,"leverage":50,"currency":"USD"}
0	03:34:20.991	MT4PredictServer AUDCAD,H1: ?? Sending account info: {"type":"account","account_id":"(non-string passed)","balance":0.32,"equity":0.32,"margin":0.00,"free_margin":0.32,"leverage":50,"currency":"USD"}
0	03:34:22.701	MT4PredictServer AUDCAD,H1: ?? Sending account info: {"type":"account","account_id":"(non-string passed)","balance":0.32,"equity":0.32,"margin":0.00,"free_margin":0.32,"leverage":50,"currency":"USD"}
0	03:34:31.267	MT4PredictServer AUDCAD,H1: uninit reason 2
0	03:34:31.267	MT4PredictServer AUDCAD,H1: ?? EA stopped.
0	03:34:31.278	Expert MT4PredictServer AUDCAD,H1: removed
0	03:34:31.352	Expert MT4PredictServer AUDCAD,H1: loaded successfully
0	03:34:31.525	MT4PredictServer AUDCAD,H1: ?? RiskManager reset — new day started (Balance: 0.32)
0	03:34:31.525	MT4PredictServer AUDCAD,H1: ?? Multi-Symbol Predict EA starting...
0	03:34:31.574	MT4PredictServer AUDCAD,H1: ?? Handshake reply: {"type": "pong", "status": "ready", "timestamp": 1760427271.5796058}

0	03:34:31.574	MT4PredictServer AUDCAD,H1: ? Server handshake successful!
0	03:34:31.574	MT4PredictServer AUDCAD,H1: initialized
0	03:34:36.625	MT4PredictServer AUDCAD,H1: ?? Sending account info: {"type":"account","account_id":"(non-string passed)","balance":0.32,"equity":0.32,"margin":0.00,"free_margin":0.32,"leverage":50,"currency":"USD"}
2	03:34:38.750	MT4PredictServer AUDCAD,H1: open #163516603 sell stop 0.01 EURUSD at 1.15549 sl: 1.15874 tp: 1.15060 ok
0	03:34:38.750	MT4PredictServer AUDCAD,H1: ? ORDER_TYPE_SELL EURUSD SELL executed @ 1.15603 | SL 1.15874 | TP 1.15060
2	03:34:39.521	MT4PredictServer AUDCAD,H1: open #163516604 sell stop 0.01 GBPUSD at 1.32524 sl: 1.32967 tp: 1.31859 ok
0	03:34:39.521	MT4PredictServer AUDCAD,H1: ? ORDER_TYPE_SELL GBPUSD SELL executed @ 1.32598 | SL 1.32967 | TP 1.31859
2	03:34:40.259	MT4PredictServer AUDCAD,H1: open #163516605 buy stop 0.01 USDJPY at 152.088 sl: 151.475 tp: 153.007 ok
0	03:34:40.259	MT4PredictServer AUDCAD,H1: ? ORDER_TYPE_BUY USDJPY BUY executed @ 151.98600 | SL 151.47529 | TP 153.00743
2	03:34:41.062	MT4PredictServer AUDCAD,H1: open #163516606 sell stop 0.01 AUDCAD at 0.90730 sl: 0.91125 tp: 0.90137 ok
0	03:34:41.062	MT4PredictServer AUDCAD,H1: ? ORDER_TYPE_SELL AUDCAD SELL executed @ 0.90796 | SL 0.91125 | TP 0.90137
2	03:34:42.422	MT4PredictServer AUDCAD,H1: open #163516607 sell stop 0.01 EURUSD at 1.15546 sl: 1.15871 tp: 1.15057 ok
0	03:34:42.422	MT4PredictServer AUDCAD,H1: ? ORDER_TYPE_SELL EURUSD SELL executed @ 1.15600 | SL 1.15871 | TP 1.15057
0	03:34:43.204	MT4PredictServer AUDCAD,H1: ?? Max open trades reached (10 = 10)
0	03:34:43.883	MT4PredictServer AUDCAD,H1: ?? Max open trades reached (10 = 10)
0	03:34:44.515	MT4PredictServer AUDCAD,H1: ?? Max open trades reached (10 = 10)
0	03:34:44.515	MT4PredictServer AUDCAD,H1: ?? Sending account info: {"type":"account","account_id":"(non-string passed)","balance":0.32,"equity":0.32,"margin":0.00,"free_margin":0.32,"leverage":50,"currency":"USD"}
0	03:34:47.259	MT4PredictServer AUDCAD,H1: ?? Max open trades reached (10 = 10)
0	03:34:47.984	MT4PredictServer AUDCAD,H1: ?? Max open trades reached (10 = 10)
0	03:34:48.730	MT4PredictServer AUDCAD,H1: ?? Max open trades reached (10 = 10)
0	03:34:49.405	MT4PredictServer AUDCAD,H1: ?? Max open trades reached (10 = 10)
0	03:34:49.405	MT4PredictServer AUDCAD,H1: ?? Sending account info: {"type":"account","account_id":"(non-string passed)","balance":0.32,"equity":0.32,"margin":0.00,"free_margin":0.32,"leverage":50,"currency":"USD"}
0	03:34:52.269	MT4PredictServer AUDCAD,H1: ?? Max open trades reached (10 = 10)
0	03:34:52.838	MT4PredictServer AUDCAD,H1: ?? Max open trades reached (10 = 10)
0	03:34:53.548	MT4PredictServer AUDCAD,H1: ?? Max open trades reached (10 = 10)
0	03:34:54.118	MT4PredictServer AUDCAD,H1: ?? Max open trades reached (10 = 10)
0	03:34:56.636	MT4PredictServer AUDCAD,H1: ?? Sending account info: {"type":"account","account_id":"(non-string passed)","balance":0.32,"equity":0.32,"margin":0.00,"free_margin":0.32,"leverage":50,"currency":"USD"}
0	03:34:57.207	MT4PredictServer AUDCAD,H1: ?? Max open trades reached (10 = 10)
0	03:34:57.686	MT4PredictServer AUDCAD,H1: ?? Max open trades reached (10 = 10)
0	03:34:58.164	MT4PredictServer AUDCAD,H1: ?? Max open trades reached (10 = 10)
0	03:34:58.851	MT4PredictServer AUDCAD,H1: ?? Max open trades reached (10 = 10)
0	03:35:02.281	MT4PredictServer AUDCAD,H1: ?? Max open trades reached (10 = 10)
0	03:35:03.005	MT4PredictServer AUDCAD,H1: ?? Max open trades reached (10 = 10)
0	03:35:03.652	MT4PredictServer AUDCAD,H1: ?? Max open trades reached (10 = 10)
0	03:35:04.281	MT4PredictServer AUDCAD,H1: ?? Max open trades reached (10 = 10)
0	03:35:07.400	MT4PredictServer AUDCAD,H1: ?? Max open trades reached (10 = 10)
0	03:35:08.090	MT4PredictServer AUDCAD,H1: ?? Max open trades reached (10 = 10)
0	03:35:08.751	MT4PredictServer AUDCAD,H1: ?? Max open trades reached (10 = 10)
0	03:35:09.338	MT4PredictServer AUDCAD,H1: ?? Max open trades reached (10 = 10)
0	03:35:12.389	MT4PredictServer AUDCAD,H1: ?? Max open trades reached (10 = 10)
0	03:35:12.748	MT4PredictServer AUDCAD,H1: ?? Max open trades reached (10 = 10)
0	03:35:13.024	MT4PredictServer AUDCAD,H1: ?? Max open trades reached (10 = 10)
0	03:35:13.274	MT4PredictServer AUDCAD,H1: ?? Max open trades reached (10 = 10)
0	03:35:16.650	MT4PredictServer AUDCAD,H1: ?? Sending account info: {"type":"account","account_id":"(non-string passed)","balance":0.32,"equity":0.32,"margin":0.00,"free_margin":0.32,"leverage":50,"currency":"USD"}
0	03:35:16.929	MT4PredictServer AUDCAD,H1: ?? Max open trades reached (10 = 10)
0	03:35:17.164	MT4PredictServer AUDCAD,H1: ?? Max open trades reached (10 = 10)
0	03:35:17.428	MT4PredictServer AUDCAD,H1: ?? Max open trades reached (10 = 10)
0	03:35:17.719	MT4PredictServer AUDCAD,H1: ?? Max open trades reached (10 = 10)
0	03:35:21.931	MT4PredictServer AUDCAD,H1: ?? Max open trades reached (10 = 10)
0	03:35:22.209	MT4PredictServer AUDCAD,H1: ?? Max open trades reached (10 = 10)
0	03:35:22.534	MT4PredictServer AUDCAD,H1: ?? Max open trades reached (10 = 10)
0	03:35:22.803	MT4PredictServer AUDCAD,H1: ?? Max open trades reached (10 = 10)
0	03:35:26.948	MT4PredictServer AUDCAD,H1: ?? Max open trades reached (10 = 10)
0	03:35:27.242	MT4PredictServer AUDCAD,H1: ?? Max open trades reached (10 = 10)
0	03:35:27.519	MT4PredictServer AUDCAD,H1: ?? Max open trades reached (10 = 10)
0	03:35:27.802	MT4PredictServer AUDCAD,H1: ?? Max open trades reached (10 = 10)
0	03:35:27.905	MT4PredictServer AUDCAD,H1: ?? Sending account info: {"type":"account","account_id":"(non-string passed)","balance":0.32,"equity":0.32,"margin":0.00,"free_margin":0.32,"leverage":50,"currency":"USD"}
0	03:35:29.130	MT4PredictServer AUDCAD,H1: ?? Sending account info: {"type":"account","account_id":"(non-string passed)","balance":0.32,"equity":0.32,"margin":0.00,"free_margin":0.32,"leverage":50,"currency":"USD"}
2	03:35:31.975	MT4PredictServer AUDCAD,H1: open #163516616 sell stop 0.01 EURUSD at 1.15558 sl: 1.15883 tp: 1.15069 ok
0	03:35:31.975	MT4PredictServer AUDCAD,H1: ? ORDER_TYPE_SELL EURUSD SELL executed @ 1.15612 | SL 1.15883 | TP 1.15069
0	03:35:32.255	MT4PredictServer AUDCAD,H1: ?? Max open trades reached (10 = 10)
0	03:35:32.504	MT4PredictServer AUDCAD,H1: ?? Max open trades reached (10 = 10)
0	03:35:32.753	MT4PredictServer AUDCAD,H1: ?? Max open trades reached (10 = 10)
0	03:35:36.673	MT4PredictServer AUDCAD,H1: ?? Sending account info: {"type":"account","account_id":"(non-string passed)","balance":0.32,"equity":0.32,"margin":0.00,"free_margin":0.32,"leverage":50,"currency":"USD"}
0	03:35:37.438	MT4PredictServer AUDCAD,H1: ?? Max open trades reached (10 = 10)
0	03:35:38.023	MT4PredictServer AUDCAD,H1: ?? Max open trades reached (10 = 10)
0	03:35:38.760	MT4PredictServer AUDCAD,H1: ?? Max open trades reached (10 = 10)
0	03:35:39.458	MT4PredictServer AUDCAD,H1: ?? Max open trades reached (10 = 10)
0	03:35:42.621	MT4PredictServer AUDCAD,H1: ?? Max open trades reached (10 = 10)
0	03:35:43.575	MT4PredictServer AUDCAD,H1: ?? Max open trades reached (10 = 10)
0	03:35:44.298	MT4PredictServer AUDCAD,H1: ?? Max open trades reached (10 = 10)
0	03:35:45.076	MT4PredictServer AUDCAD,H1: ?? Max open trades reached (10 = 10)
0	03:35:47.124	MT4PredictServer AUDCAD,H1: ?? Max open trades reached (10 = 10)
0	03:35:47.657	MT4PredictServer AUDCAD,H1: ?? Max open trades reached (10 = 10)
0	03:35:48.054	MT4PredictServer AUDCAD,H1: ?? Max open trades reached (10 = 10)
0	03:35:48.377	MT4PredictServer AUDCAD,H1: ?? Max open trades reached (10 = 10)
0	03:35:52.077	MT4PredictServer AUDCAD,H1: ?? Max open trades reached (10 = 10)
0	03:35:52.420	MT4PredictServer AUDCAD,H1: ?? Max open trades reached (10 = 10)
0	03:35:52.845	MT4PredictServer AUDCAD,H1: ?? Max open trades reached (10 = 10)
0	03:35:53.228	MT4PredictServer AUDCAD,H1: ?? Max open trades reached (10 = 10)
0	03:35:56.661	MT4PredictServer AUDCAD,H1: ?? Sending account info: {"type":"account","account_id":"(non-string passed)","balance":0.32,"equity":0.32,"margin":0.00,"free_margin":0.32,"leverage":50,"currency":"USD"}
0	03:35:56.920	MT4PredictServer AUDCAD,H1: ?? Max open trades reached (10 = 10)
0	03:35:57.233	MT4PredictServer AUDCAD,H1: ?? Max open trades reached (10 = 10)
0	03:35:57.485	MT4PredictServer AUDCAD,H1: ?? Max open trades reached (10 = 10)
0	03:35:57.783	MT4PredictServer AUDCAD,H1: ?? Max open trades reached (10 = 10)
0	03:36:02.009	MT4PredictServer AUDCAD,H1: ?? Max open trades reached (10 = 10)
0	03:36:02.367	MT4PredictServer AUDCAD,H1: ?? Max open trades reached (10 = 10)
0	03:36:02.689	MT4PredictServer AUDCAD,H1: ?? Max open trades reached (10 = 10)
0	03:36:03.047	MT4PredictServer AUDCAD,H1: ?? Max open trades reached (10 = 10)
0	03:36:07.060	MT4PredictServer AUDCAD,H1: ?? Max open trades reached (10 = 10)
0	03:36:07.482	MT4PredictServer AUDCAD,H1: ?? Max open trades reached (10 = 10)
0	03:36:07.876	MT4PredictServer AUDCAD,H1: ?? Max open trades reached (10 = 10)
0	03:36:08.303	MT4PredictServer AUDCAD,H1: ?? Max open trades reached (10 = 10)
0	03:36:08.303	MT4PredictServer AUDCAD,H1: ?? Sending account info: {"type":"account","account_id":"(non-string passed)","balance":0.32,"equity":0.32,"margin":0.00,"free_margin":0.32,"leverage":50,"currency":"USD"}
0	03:36:09.686	MT4PredictServer AUDCAD,H1: ?? Sending account info: {"type":"account","account_id":"(non-string passed)","balance":0.32,"equity":0.32,"margin":0.00,"free_margin":0.32,"leverage":50,"currency":"USD"}
0	03:36:12.106	MT4PredictServer AUDCAD,H1: ?? Max open trades reached (10 = 10)
0	03:36:12.513	MT4PredictServer AUDCAD,H1: ?? Max open trades reached (10 = 10)
0	03:36:12.905	MT4PredictServer AUDCAD,H1: ?? Max open trades reached (10 = 10)
0	03:36:13.342	MT4PredictServer AUDCAD,H1: ?? Max open trades reached (10 = 10)
0	03:36:13.342	MT4PredictServer AUDCAD,H1: ?? Sending account info: {"type":"account","account_id":"(non-string passed)","balance":0.32,"equity":0.32,"margin":0.00,"free_margin":0.32,"leverage":50,"currency":"USD"}
0	03:36:13.706	MT4PredictServer AUDCAD,H1: ?? Sending account info: {"type":"account","account_id":"(non-string passed)","balance":0.32,"equity":0.32,"margin":0.00,"free_margin":0.32,"leverage":50,"currency":"USD"}
0	03:36:16.687	MT4PredictServer AUDCAD,H1: ?? Sending account info: {"type":"account","account_id":"(non-string passed)","balance":0.32,"equity":0.32,"margin":0.00,"free_margin":0.32,"leverage":50,"currency":"USD"}
0	03:36:17.135	MT4PredictServer AUDCAD,H1: ?? Max open trades reached (10 = 10)
0	03:36:17.547	MT4PredictServer AUDCAD,H1: ?? Max open trades reached (10 = 10)
0	03:36:18.035	MT4PredictServer AUDCAD,H1: ?? Max open trades reached (10 = 10)
0	03:36:18.460	MT4PredictServer AUDCAD,H1: ?? Max open trades reached (10 = 10)
0	03:36:22.151	MT4PredictServer AUDCAD,H1: ?? Max open trades reached (10 = 10)
0	03:36:22.623	MT4PredictServer AUDCAD,H1: ?? Max open trades reached (10 = 10)
0	03:36:23.127	MT4PredictServer AUDCAD,H1: ?? Max open trades reached (10 = 10)
0	03:36:23.601	MT4PredictServer AUDCAD,H1: ?? Max open trades reached (10 = 10)
0	03:36:23.601	MT4PredictServer AUDCAD,H1: ?? Sending account info: {"type":"account","account_id":"(non-string passed)","balance":0.32,"equity":0.32,"margin":0.00,"free_margin":0.32,"leverage":50,"currency":"USD"}
0	03:36:24.513	MT4PredictServer AUDCAD,H1: ?? Sending account info: {"type":"account","account_id":"(non-string passed)","balance":0.32,"equity":0.32,"margin":0.00,"free_margin":0.32,"leverage":50,"currency":"USD"}
0	03:36:24.717	MT4PredictServer AUDCAD,H1: ?? Sending account info: {"type":"account","account_id":"(non-string passed)","balance":0.32,"equity":0.32,"margin":0.00,"free_margin":0.32,"leverage":50,"currency":"USD"}
0	03:36:25.719	MT4PredictServer AUDCAD,H1: ?? Sending account info: {"type":"account","account_id":"(non-string passed)","balance":0.32,"equity":0.32,"margin":0.00,"free_margin":0.32,"leverage":50,"currency":"USD"}
0	03:36:27.316	MT4PredictServer AUDCAD,H1: ?? Max open trades reached (10 = 10)
0	03:36:27.835	MT4PredictServer AUDCAD,H1: ?? Max open trades reached (10 = 10)
0	03:36:28.366	MT4PredictServer AUDCAD,H1: ?? Max open trades reached (10 = 10)
0	03:36:28.901	MT4PredictServer AUDCAD,H1: ?? Max open trades reached (10 = 10)
0	03:36:31.479	MT4PredictServer AUDCAD,H1: ?? Sending account info: {"type":"account","account_id":"(non-string passed)","balance":0.32,"equity":0.32,"margin":0.00,"free_margin":0.32,"leverage":50,"currency":"USD"}
0	03:36:32.124	MT4PredictServer AUDCAD,H1: ?? Max open trades reached (10 = 10)
0	03:36:32.541	MT4PredictServer AUDCAD,H1: ?? Max open trades reached (10 = 10)
0	03:36:32.936	MT4PredictServer AUDCAD,H1: ?? Max open trades reached (10 = 10)
0	03:36:33.281	MT4PredictServer AUDCAD,H1: ?? Max open trades reached (10 = 10)
0	03:36:33.281	MT4PredictServer AUDCAD,H1: ?? Sending account info: {"type":"account","account_id":"(non-string passed)","balance":0.32,"equity":0.32,"margin":0.00,"free_margin":0.32,"leverage":50,"currency":"USD"}
0	03:36:36.698	MT4PredictServer AUDCAD,H1: ?? Sending account info: {"type":"account","account_id":"(non-string passed)","balance":0.32,"equity":0.32,"margin":0.00,"free_margin":0.32,"leverage":50,"currency":"USD"}
0	03:36:37.104	MT4PredictServer AUDCAD,H1: ?? Max open trades reached (10 = 10)
0	03:36:37.532	MT4PredictServer AUDCAD,H1: ?? Max open trades reached (10 = 10)
0	03:36:37.969	MT4PredictServer AUDCAD,H1: ?? Max open trades reached (10 = 10)
0	03:36:38.392	MT4PredictServer AUDCAD,H1: ?? Max open trades reached (10 = 10)
0	03:36:38.392	MT4PredictServer AUDCAD,H1: ?? Sending account info: {"type":"account","account_id":"(non-string passed)","balance":0.32,"equity":0.32,"margin":0.00,"free_margin":0.32,"leverage":50,"currency":"USD"}
0	03:36:39.098	MT4PredictServer AUDCAD,H1: ?? Sending account info: {"type":"account","account_id":"(non-string passed)","balance":0.32,"equity":0.32,"margin":0.00,"free_margin":0.32,"leverage":50,"currency":"USD"}
0	03:36:42.125	MT4PredictServer AUDCAD,H1: ?? Max open trades reached (10 = 10)
0	03:36:42.488	MT4PredictServer AUDCAD,H1: ?? Max open trades reached (10 = 10)
0	03:36:42.926	MT4PredictServer AUDCAD,H1: ?? Max open trades reached (10 = 10)
0	03:36:43.383	MT4PredictServer AUDCAD,H1: ?? Max open trades reached (10 = 10)
0	03:36:43.493	MT4PredictServer AUDCAD,H1: ?? Sending account info: {"type":"account","account_id":"(non-string passed)","balance":0.32,"equity":0.32,"margin":0.00,"free_margin":0.32,"leverage":50,"currency":"USD"}
0	03:36:44.078	MT4PredictServer AUDCAD,H1: ?? Sending account info: {"type":"account","account_id":"(non-string passed)","balance":0.32,"equity":0.32,"margin":0.00,"free_margin":0.32,"leverage":50,"currency":"USD"}
0	03:36:47.222	MT4PredictServer AUDCAD,H1: ?? Max open trades reached (10 = 10)
0	03:36:47.695	MT4PredictServer AUDCAD,H1: ?? Max open trades reached (10 = 10)
0	03:36:48.203	MT4PredictServer AUDCAD,H1: ?? Max open trades reached (10 = 10)
0	03:36:48.672	MT4PredictServer AUDCAD,H1: ?? Max open trades reached (10 = 10)
0	03:36:48.905	MT4PredictServer AUDCAD,H1: ?? Sending account info: {"type":"account","account_id":"(non-string passed)","balance":0.32,"equity":0.32,"margin":0.00,"free_margin":0.32,"leverage":50,"currency":"USD"}
0	03:36:49.092	MT4PredictServer AUDCAD,H1: ?? Sending account info: {"type":"account","account_id":"(non-string passed)","balance":0.32,"equity":0.32,"margin":0.00,"free_margin":0.32,"leverage":50,"currency":"USD"}
0	03:36:49.703	MT4PredictServer AUDCAD,H1: ?? Sending account info: {"type":"account","account_id":"(non-string passed)","balance":0.32,"equity":0.32,"margin":0.00,"free_margin":0.32,"leverage":50,"currency":"USD"}
0	03:36:51.360	MT4PredictServer AUDCAD,H1: ?? Sending account info: {"type":"account","account_id":"(non-string passed)","balance":0.32,"equity":0.32,"margin":0.00,"free_margin":0.32,"leverage":50,"currency":"USD"}
0	03:36:52.202	MT4PredictServer AUDCAD,H1: ?? Max open trades reached (10 = 10)
2	03:36:52.784	MT4PredictServer AUDCAD,H1: open #163516644 sell stop 0.01 GBPUSD at 1.32490 sl: 1.32934 tp: 1.31823 ok
0	03:36:52.784	MT4PredictServer AUDCAD,H1: ? ORDER_TYPE_SELL GBPUSD SELL executed @ 1.32564 | SL 1.32934 | TP 1.31823
2	03:36:53.397	MT4PredictServer AUDCAD,H1: open #163516645 buy stop 0.01 USDJPY at 152.173 sl: 151.545 tp: 153.113 ok
0	03:36:53.397	MT4PredictServer AUDCAD,H1: ? ORDER_TYPE_BUY USDJPY BUY executed @ 152.06800 | SL 151.54532 | TP 153.11336
0	03:36:53.898	MT4PredictServer AUDCAD,H1: ?? Max open trades reached (10 = 10)
0	03:36:53.898	MT4PredictServer AUDCAD,H1: ?? Sending account info: {"type":"account","account_id":"(non-string passed)","balance":0.32,"equity":0.32,"margin":0.00,"free_margin":0.32,"leverage":50,"currency":"USD"}
0	03:36:56.731	MT4PredictServer AUDCAD,H1: ?? Sending account info: {"type":"account","account_id":"(non-string passed)","balance":0.32,"equity":0.32,"margin":0.00,"free_margin":0.32,"leverage":50,"currency":"USD"}
0	03:36:57.306	MT4PredictServer AUDCAD,H1: ?? Max open trades reached (10 = 10)
0	03:36:57.854	MT4PredictServer AUDCAD,H1: ?? Max open trades reached (10 = 10)
0	03:36:58.328	MT4PredictServer AUDCAD,H1: ?? Max open trades reached (10 = 10)
0	03:36:58.869	MT4PredictServer AUDCAD,H1: ?? Max open trades reached (10 = 10)
0	03:36:58.869	MT4PredictServer AUDCAD,H1: ?? Sending account info: {"type":"account","account_id":"(non-string passed)","balance":0.32,"equity":0.32,"margin":0.00,"free_margin":0.32,"leverage":50,"currency":"USD"}
0	03:37:02.133	MT4PredictServer AUDCAD,H1: ?? Max open trades reached (10 = 10)
0	03:37:02.603	MT4PredictServer AUDCAD,H1: ?? Max open trades reached (10 = 10)
0	03:37:03.088	MT4PredictServer AUDCAD,H1: ?? Max open trades reached (10 = 10)
0	03:37:03.577	MT4PredictServer AUDCAD,H1: ?? Max open trades reached (10 = 10)
0	03:37:03.577	MT4PredictServer AUDCAD,H1: ?? Sending account info: {"type":"account","account_id":"(non-string passed)","balance":0.32,"equity":0.32,"margin":0.00,"free_margin":0.32,"leverage":50,"currency":"USD"}
0	03:37:07.165	MT4PredictServer AUDCAD,H1: ?? Max open trades reached (10 = 10)
0	03:37:07.668	MT4PredictServer AUDCAD,H1: ?? Max open trades reached (10 = 10)
0	03:37:08.142	MT4PredictServer AUDCAD,H1: ?? Max open trades reached (10 = 10)
0	03:37:08.609	MT4PredictServer AUDCAD,H1: ?? Max open trades reached (10 = 10)
0	03:37:08.609	MT4PredictServer AUDCAD,H1: ?? Sending account info: {"type":"account","account_id":"(non-string passed)","balance":0.32,"equity":0.32,"margin":0.00,"free_margin":0.32,"leverage":50,"currency":"USD"}
2	03:37:12.280	MT4PredictServer AUDCAD,H1: open #163516653 sell stop 0.01 EURUSD at 1.15503 sl: 1.15832 tp: 1.15011 ok
0	03:37:12.280	MT4PredictServer AUDCAD,H1: ? ORDER_TYPE_SELL EURUSD SELL executed @ 1.15558 | SL 1.15832 | TP 1.15011
0	03:37:12.796	MT4PredictServer AUDCAD,H1: ?? Max open trades reached (10 = 10)
0	03:37:13.380	MT4PredictServer AUDCAD,H1: ?? Max open trades reached (10 = 10)
0	03:37:13.978	MT4PredictServer AUDCAD,H1: ?? Max open trades reached (10 = 10)
0	03:37:16.702	MT4PredictServer AUDCAD,H1: ?? Sending account info: {"type":"account","account_id":"(non-string passed)","balance":0.32,"equity":0.32,"margin":0.00,"free_margin":0.32,"leverage":50,"currency":"USD"}
0	03:37:17.289	MT4PredictServer AUDCAD,H1: ?? Max open trades reached (10 = 10)
0	03:37:17.814	MT4PredictServer AUDCAD,H1: ?? Max open trades reached (10 = 10)
0	03:37:18.314	MT4PredictServer AUDCAD,H1: ?? Max open trades reached (10 = 10)
0	03:37:18.831	MT4PredictServer AUDCAD,H1: ?? Max open trades reached (10 = 10)
0	03:37:19.497	MT4PredictServer AUDCAD,H1: ?? Sending account info: {"type":"account","account_id":"(non-string passed)","balance":0.32,"equity":0.32,"margin":0.00,"free_margin":0.32,"leverage":50,"currency":"USD"}
0	03:37:19.708	MT4PredictServer AUDCAD,H1: ?? Sending account info: {"type":"account","account_id":"(non-string passed)","balance":0.32,"equity":0.32,"margin":0.00,"free_margin":0.32,"leverage":50,"currency":"USD"}
0	03:37:22.304	MT4PredictServer AUDCAD,H1: ?? Max open trades reached (10 = 10)
0	03:37:22.820	MT4PredictServer AUDCAD,H1: ?? Max open trades reached (10 = 10)
0	03:37:23.418	MT4PredictServer AUDCAD,H1: ?? Max open trades reached (10 = 10)
0	03:37:23.876	MT4PredictServer AUDCAD,H1: ?? Max open trades reached (10 = 10)
0	03:37:27.225	MT4PredictServer AUDCAD,H1: ?? Max open trades reached (10 = 10)
0	03:37:27.867	MT4PredictServer AUDCAD,H1: ?? Max open trades reached (10 = 10)
0	03:37:28.415	MT4PredictServer AUDCAD,H1: ?? Max open trades reached (10 = 10)
0	03:37:28.907	MT4PredictServer AUDCAD,H1: ?? Max open trades reached (10 = 10)
0	03:37:28.907	MT4PredictServer AUDCAD,H1: ?? Sending account info: {"type":"account","account_id":"(non-string passed)","balance":0.32,"equity":0.32,"margin":0.00,"free_margin":0.32,"leverage":50,"currency":"USD"}
0	03:37:29.933	MT4PredictServer AUDCAD,H1: ?? Sending account info: {"type":"account","account_id":"(non-string passed)","balance":0.32,"equity":0.32,"margin":0.00,"free_margin":0.32,"leverage":50,"currency":"USD"}
0	03:37:32.185	MT4PredictServer AUDCAD,H1: ?? Max open trades reached (10 = 10)
0	03:37:32.674	MT4PredictServer AUDCAD,H1: ?? Max open trades reached (10 = 10)
0	03:37:33.178	MT4PredictServer AUDCAD,H1: ?? Max open trades reached (10 = 10)
0	03:37:33.701	MT4PredictServer AUDCAD,H1: ?? Max open trades reached (10 = 10)
0	03:37:33.701	MT4PredictServer AUDCAD,H1: ?? Sending account info: {"type":"account","account_id":"(non-string passed)","balance":0.32,"equity":0.32,"margin":0.00,"free_margin":0.32,"leverage":50,"currency":"USD"}
0	03:37:36.727	MT4PredictServer AUDCAD,H1: ?? Sending account info: {"type":"account","account_id":"(non-string passed)","balance":0.32,"equity":0.32,"margin":0.00,"free_margin":0.32,"leverage":50,"currency":"USD"}
2	03:37:37.302	MT4PredictServer AUDCAD,H1: open #163516661 sell stop 0.01 EURUSD at 1.15494 sl: 1.15824 tp: 1.14999 ok
0	03:37:37.302	MT4PredictServer AUDCAD,H1: ? ORDER_TYPE_SELL EURUSD SELL executed @ 1.15549 | SL 1.15824 | TP 1.14999
0	03:37:37.775	MT4PredictServer AUDCAD,H1: ?? Max open trades reached (10 = 10)
0	03:37:38.233	MT4PredictServer AUDCAD,H1: ?? Max open trades reached (10 = 10)
0	03:37:38.846	MT4PredictServer AUDCAD,H1: ?? Max open trades reached (10 = 10)
2	03:37:42.314	MT4PredictServer AUDCAD,H1: open #163516664 sell stop 0.01 EURUSD at 1.15489 sl: 1.15820 tp: 1.14992 ok
0	03:37:42.314	MT4PredictServer AUDCAD,H1: ? ORDER_TYPE_SELL EURUSD SELL executed @ 1.15544 | SL 1.15820 | TP 1.14992
0	03:37:42.829	MT4PredictServer AUDCAD,H1: ?? Max open trades reached (10 = 10)
0	03:37:43.377	MT4PredictServer AUDCAD,H1: ?? Max open trades reached (10 = 10)
0	03:37:43.976	MT4PredictServer AUDCAD,H1: ?? Max open trades reached (10 = 10)
0	03:37:43.976	MT4PredictServer AUDCAD,H1: ?? Sending account info: {"type":"account","account_id":"(non-string passed)","balance":0.32,"equity":0.32,"margin":0.00,"free_margin":0.32,"leverage":50,"currency":"USD"}
0	03:37:44.937	MT4PredictServer AUDCAD,H1: ?? Sending account info: {"type":"account","account_id":"(non-string passed)","balance":0.32,"equity":0.32,"margin":0.00,"free_margin":0.32,"leverage":50,"currency":"USD"}
0	03:37:45.123	MT4PredictServer AUDCAD,H1: ?? Sending account info: {"type":"account","account_id":"(non-string passed)","balance":0.32,"equity":0.32,"margin":0.00,"free_margin":0.32,"leverage":50,"currency":"USD"}
0	03:37:45.548	MT4PredictServer AUDCAD,H1: ?? Sending account info: {"type":"account","account_id":"(non-string passed)","balance":0.32,"equity":0.32,"margin":0.00,"free_margin":0.32,"leverage":50,"currency":"USD"}
0	03:37:47.407	MT4PredictServer AUDCAD,H1: ?? Max open trades reached (10 = 10)
0	03:37:48.005	MT4PredictServer AUDCAD,H1: ?? Max open trades reached (10 = 10)
0	03:37:48.557	MT4PredictServer AUDCAD,H1: ?? Max open trades reached (10 = 10)
0	03:37:49.152	MT4PredictServer AUDCAD,H1: ?? Max open trades reached (10 = 10)
0	03:37:49.152	MT4PredictServer AUDCAD,H1: ?? Sending account info: {"type":"account","account_id":"(non-string passed)","balance":0.32,"equity":0.32,"margin":0.00,"free_margin":0.32,"leverage":50,"currency":"USD"}
0	03:37:49.328	MT4PredictServer AUDCAD,H1: ?? Sending account info: {"type":"account","account_id":"(non-string passed)","balance":0.32,"equity":0.32,"margin":0.00,"free_margin":0.32,"leverage":50,"currency":"USD"}
2	03:37:52.404	MT4PredictServer AUDCAD,H1: open #163516673 sell stop 0.01 EURUSD at 1.15496 sl: 1.15827 tp: 1.14999 ok
0	03:37:52.404	MT4PredictServer AUDCAD,H1: ? ORDER_TYPE_SELL EURUSD SELL executed @ 1.15551 | SL 1.15827 | TP 1.14999
2	03:37:53.003	MT4PredictServer AUDCAD,H1: open #163516674 sell stop 0.01 GBPUSD at 1.32478 sl: 1.32924 tp: 1.31807 ok
0	03:37:53.005	MT4PredictServer AUDCAD,H1: ? ORDER_TYPE_SELL GBPUSD SELL executed @ 1.32552 | SL 1.32924 | TP 1.31807
0	03:37:53.625	MT4PredictServer AUDCAD,H1: ?? Max open trades reached (10 = 10)
0	03:37:54.173	MT4PredictServer AUDCAD,H1: ?? Max open trades reached (10 = 10)
0	03:37:54.173	MT4PredictServer AUDCAD,H1: ?? Sending account info: {"type":"account","account_id":"(non-string passed)","balance":0.32,"equity":0.32,"margin":0.00,"free_margin":0.32,"leverage":50,"currency":"USD"}
0	03:37:54.385	MT4PredictServer AUDCAD,H1: ?? Sending account info: {"type":"account","account_id":"(non-string passed)","balance":0.32,"equity":0.32,"margin":0.00,"free_margin":0.32,"leverage":50,"currency":"USD"}
0	03:37:54.512	MT4PredictServer AUDCAD,H1: ?? Sending account info: {"type":"account","account_id":"(non-string passed)","balance":0.32,"equity":0.32,"margin":0.00,"free_margin":0.32,"leverage":50,"currency":"USD"}
0	03:37:54.795	MT4PredictServer AUDCAD,H1: ?? Sending account info: {"type":"account","account_id":"(non-string passed)","balance":0.32,"equity":0.32,"margin":0.00,"free_margin":0.32,"leverage":50,"currency":"USD"}
0	03:37:54.983	MT4PredictServer AUDCAD,H1: ?? Sending account info: {"type":"account","account_id":"(non-string passed)","balance":0.32,"equity":0.32,"margin":0.00,"free_margin":0.32,"leverage":50,"currency":"USD"}
0	03:37:55.190	MT4PredictServer AUDCAD,H1: ?? Sending account info: {"type":"account","account_id":"(non-string passed)","balance":0.32,"equity":0.32,"margin":0.00,"free_margin":0.32,"leverage":50,"currency":"USD"}
0	03:37:55.359	MT4PredictServer AUDCAD,H1: ?? Sending account info: {"type":"account","account_id":"(non-string passed)","balance":0.32,"equity":0.32,"margin":0.00,"free_margin":0.32,"leverage":50,"currency":"USD"}
0	03:37:55.515	MT4PredictServer AUDCAD,H1: ?? Sending account info: {"type":"account","account_id":"(non-string passed)","balance":0.32,"equity":0.32,"margin":0.00,"free_margin":0.32,"leverage":50,"currency":"USD"}
0	03:37:56.194	MT4PredictServer AUDCAD,H1: ?? Sending account info: {"type":"account","account_id":"(non-string passed)","balance":0.32,"equity":0.32,"margin":0.00,"free_margin":0.32,"leverage":50,"currency":"USD"}
0	03:37:56.317	MT4PredictServer AUDCAD,H1: ?? Sending account info: {"type":"account","account_id":"(non-string passed)","balance":0.32,"equity":0.32,"margin":0.00,"free_margin":0.32,"leverage":50,"currency":"USD"}
0	03:37:56.568	MT4PredictServer AUDCAD,H1: ?? Sending account info: {"type":"account","account_id":"(non-string passed)","balance":0.32,"equity":0.32,"margin":0.00,"free_margin":0.32,"leverage":50,"currency":"USD"}
0	03:37:56.781	MT4PredictServer AUDCAD,H1: ?? Sending account info: {"type":"account","account_id":"(non-string passed)","balance":0.32,"equity":0.32,"margin":0.00,"free_margin":0.32,"leverage":50,"currency":"USD"}
0	03:37:56.848	MT4PredictServer AUDCAD,H1: ?? Sending account info: {"type":"account","account_id":"(non-string passed)","balance":0.32,"equity":0.32,"margin":0.00,"free_margin":0.32,"leverage":50,"currency":"USD"}
2	03:37:57.527	MT4PredictServer AUDCAD,H1: open #163516690 sell stop 0.01 EURUSD at 1.15491 sl: 1.15823 tp: 1.14993 ok
0	03:37:57.527	MT4PredictServer AUDCAD,H1: ? ORDER_TYPE_SELL EURUSD SELL executed @ 1.15546 | SL 1.15823 | TP 1.14993
0	03:37:58.122	MT4PredictServer AUDCAD,H1: ?? Max open trades reached (10 = 10)
0	03:37:58.784	MT4PredictServer AUDCAD,H1: ?? Max open trades reached (10 = 10)
0	03:37:59.533	MT4PredictServer AUDCAD,H1: ?? Max open trades reached (10 = 10)
0	03:37:59.533	MT4PredictServer AUDCAD,H1: ?? Sending account info: {"type":"account","account_id":"(non-string passed)","balance":0.32,"equity":0.32,"margin":0.00,"free_margin":0.32,"leverage":50,"currency":"USD"}
0	03:37:59.952	MT4PredictServer AUDCAD,H1: ?? Sending account info: {"type":"account","account_id":"(non-string passed)","balance":0.32,"equity":0.32,"margin":0.00,"free_margin":0.32,"leverage":50,"currency":"USD"}
0	03:38:00.136	MT4PredictServer AUDCAD,H1: ?? Sending account info: {"type":"account","account_id":"(non-string passed)","balance":0.32,"equity":0.32,"margin":0.00,"free_margin":0.32,"leverage":50,"currency":"USD"}
0	03:38:00.343	MT4PredictServer AUDCAD,H1: ?? Sending account info: {"type":"account","account_id":"(non-string passed)","balance":0.32,"equity":0.32,"margin":0.00,"free_margin":0.32,"leverage":50,"currency":"USD"}
0	03:38:00.765	MT4PredictServer AUDCAD,H1: ?? Sending account info: {"type":"account","account_id":"(non-string passed)","balance":0.32,"equity":0.32,"margin":0.00,"free_margin":0.32,"leverage":50,"currency":"USD"}
0	03:38:01.110	MT4PredictServer AUDCAD,H1: ?? Sending account info: {"type":"account","account_id":"(non-string passed)","balance":0.32,"equity":0.32,"margin":0.00,"free_margin":0.32,"leverage":50,"currency":"USD"}
0	03:38:01.345	MT4PredictServer AUDCAD,H1: ?? Sending account info: {"type":"account","account_id":"(non-string passed)","balance":0.32,"equity":0.32,"margin":0.00,"free_margin":0.32,"leverage":50,"currency":"USD"}
0	03:38:01.519	MT4PredictServer AUDCAD,H1: ?? Sending account info: {"type":"account","account_id":"(non-string passed)","balance":0.32,"equity":0.32,"margin":0.00,"free_margin":0.32,"leverage":50,"currency":"USD"}
0	03:38:01.711	MT4PredictServer AUDCAD,H1: ?? Sending account info: {"type":"account","account_id":"(non-string passed)","balance":0.32,"equity":0.32,"margin":0.00,"free_margin":0.32,"leverage":50,"currency":"USD"}
0	03:38:02.240	MT4PredictServer AUDCAD,H1: ?? Max open trades reached (10 = 10)
0	03:38:02.838	MT4PredictServer AUDCAD,H1: ?? Max open trades reached (10 = 10)
0	03:38:03.517	MT4PredictServer AUDCAD,H1: ?? Max open trades reached (10 = 10)
0	03:38:04.141	MT4PredictServer AUDCAD,H1: ?? Max open trades reached (10 = 10)
0	03:38:04.141	MT4PredictServer AUDCAD,H1: ?? Sending account info: {"type":"account","account_id":"(non-string passed)","balance":0.32,"equity":0.32,"margin":0.00,"free_margin":0.32,"leverage":50,"currency":"USD"}
0	03:38:05.523	MT4PredictServer AUDCAD,H1: ?? Sending account info: {"type":"account","account_id":"(non-string passed)","balance":0.32,"equity":0.32,"margin":0.00,"free_margin":0.32,"leverage":50,"currency":"USD"}
0	03:38:07.443	MT4PredictServer AUDCAD,H1: ?? Max open trades reached (10 = 10)
0	03:38:07.955	MT4PredictServer AUDCAD,H1: ?? Max open trades reached (10 = 10)
0	03:38:08.568	MT4PredictServer AUDCAD,H1: ?? Max open trades reached (10 = 10)
0	03:38:09.086	MT4PredictServer AUDCAD,H1: ?? Max open trades reached (10 = 10)
0	03:38:09.086	MT4PredictServer AUDCAD,H1: ?? Sending account info: {"type":"account","account_id":"(non-string passed)","balance":0.32,"equity":0.32,"margin":0.00,"free_margin":0.32,"leverage":50,"currency":"USD"}
0	03:38:09.340	MT4PredictServer AUDCAD,H1: ?? Sending account info: {"type":"account","account_id":"(non-string passed)","balance":0.32,"equity":0.32,"margin":0.00,"free_margin":0.32,"leverage":50,"currency":"USD"}
0	03:38:09.558	MT4PredictServer AUDCAD,H1: ?? Sending account info: {"type":"account","account_id":"(non-string passed)","balance":0.32,"equity":0.32,"margin":0.00,"free_margin":0.32,"leverage":50,"currency":"USD"}
0	03:38:09.904	MT4PredictServer AUDCAD,H1: ?? Sending account info: {"type":"account","account_id":"(non-string passed)","balance":0.32,"equity":0.32,"margin":0.00,"free_margin":0.32,"leverage":50,"currency":"USD"}
0	03:38:11.381	MT4PredictServer AUDCAD,H1: ?? Sending account info: {"type":"account","account_id":"(non-string passed)","balance":0.32,"equity":0.32,"margin":0.00,"free_margin":0.32,"leverage":50,"currency":"USD"}
0	03:38:11.802	MT4PredictServer AUDCAD,H1: ?? Sending account info: {"type":"account","account_id":"(non-string passed)","balance":0.32,"equity":0.32,"margin":0.00,"free_margin":0.32,"leverage":50,"currency":"USD"}
0	03:38:12.397	MT4PredictServer AUDCAD,H1: ?? Max open trades reached (10 = 10)
0	03:38:12.887	MT4PredictServer AUDCAD,H1: ?? Max open trades reached (10 = 10)
0	03:38:13.455	MT4PredictServer AUDCAD,H1: ?? Max open trades reached (10 = 10)
0	03:38:14.002	MT4PredictServer AUDCAD,H1: ?? Max open trades reached (10 = 10)
0	03:38:14.002	MT4PredictServer AUDCAD,H1: ?? Sending account info: {"type":"account","account_id":"(non-string passed)","balance":0.32,"equity":0.32,"margin":0.00,"free_margin":0.32,"leverage":50,"currency":"USD"}
0	03:38:14.160	MT4PredictServer AUDCAD,H1: ?? Sending account info: {"type":"account","account_id":"(non-string passed)","balance":0.32,"equity":0.32,"margin":0.00,"free_margin":0.32,"leverage":50,"currency":"USD"}
0	03:38:14.380	MT4PredictServer AUDCAD,H1: ?? Sending account info: {"type":"account","account_id":"(non-string passed)","balance":0.32,"equity":0.32,"margin":0.00,"free_margin":0.32,"leverage":50,"currency":"USD"}
0	03:38:16.731	MT4PredictServer AUDCAD,H1: ?? Sending account info: {"type":"account","account_id":"(non-string passed)","balance":0.32,"equity":0.32,"margin":0.00,"free_margin":0.32,"leverage":50,"currency":"USD"}
0	03:38:16.792	MT4PredictServer AUDCAD,H1: ?? Sending account info: {"type":"account","account_id":"(non-string passed)","balance":0.32,"equity":0.32,"margin":0.00,"free_margin":0.32,"leverage":50,"currency":"USD"}
0	03:38:17.452	MT4PredictServer AUDCAD,H1: ?? Max open trades reached (10 = 10)
0	03:38:18.112	MT4PredictServer AUDCAD,H1: ?? Max open trades reached (10 = 10)
0	03:38:18.863	MT4PredictServer AUDCAD,H1: ?? Max open trades reached (10 = 10)
0	03:38:19.524	MT4PredictServer AUDCAD,H1: ?? Max open trades reached (10 = 10)
0	03:38:19.524	MT4PredictServer AUDCAD,H1: ?? Sending account info: {"type":"account","account_id":"(non-string passed)","balance":0.32,"equity":0.32,"margin":0.00,"free_margin":0.32,"leverage":50,"currency":"USD"}
0	03:38:19.777	MT4PredictServer AUDCAD,H1: ?? Sending account info: {"type":"account","account_id":"(non-string passed)","balance":0.32,"equity":0.32,"margin":0.00,"free_margin":0.32,"leverage":50,"currency":"USD"}
0	03:38:19.995	MT4PredictServer AUDCAD,H1: ?? Sending account info: {"type":"account","account_id":"(non-string passed)","balance":0.32,"equity":0.32,"margin":0.00,"free_margin":0.32,"leverage":50,"currency":"USD"}
0	03:38:20.356	MT4PredictServer AUDCAD,H1: ?? Sending account info: {"type":"account","account_id":"(non-string passed)","balance":0.32,"equity":0.32,"margin":0.00,"free_margin":0.32,"leverage":50,"currency":"USD"}
0	03:38:20.971	MT4PredictServer AUDCAD,H1: ?? Sending account info: {"type":"account","account_id":"(non-string passed)","balance":0.32,"equity":0.32,"margin":0.00,"free_margin":0.32,"leverage":50,"currency":"USD"}
0	03:38:21.112	MT4PredictServer AUDCAD,H1: ?? Sending account info: {"type":"account","account_id":"(non-string passed)","balance":0.32,"equity":0.32,"margin":0.00,"free_margin":0.32,"leverage":50,"currency":"USD"}
0	03:38:21.331	MT4PredictServer AUDCAD,H1: ?? Sending account info: {"type":"account","account_id":"(non-string passed)","balance":0.32,"equity":0.32,"margin":0.00,"free_margin":0.32,"leverage":50,"currency":"USD"}
0	03:38:22.365	MT4PredictServer AUDCAD,H1: ?? Max open trades reached (10 = 10)
0	03:38:23.027	MT4PredictServer AUDCAD,H1: ?? Max open trades reached (10 = 10)
0	03:38:23.659	MT4PredictServer AUDCAD,H1: ?? Max open trades reached (10 = 10)
0	03:38:24.226	MT4PredictServer AUDCAD,H1: ?? Max open trades reached (10 = 10)
0	03:38:24.226	MT4PredictServer AUDCAD,H1: ?? Sending account info: {"type":"account","account_id":"(non-string passed)","balance":0.32,"equity":0.32,"margin":0.00,"free_margin":0.32,"leverage":50,"currency":"USD"}
0	03:38:24.588	MT4PredictServer AUDCAD,H1: ?? Sending account info: {"type":"account","account_id":"(non-string passed)","balance":0.32,"equity":0.32,"margin":0.00,"free_margin":0.32,"leverage":50,"currency":"USD"}
0	03:38:25.106	MT4PredictServer AUDCAD,H1: ?? Sending account info: {"type":"account","account_id":"(non-string passed)","balance":0.32,"equity":0.32,"margin":0.00,"free_margin":0.32,"leverage":50,"currency":"USD"}
0	03:38:25.570	MT4PredictServer AUDCAD,H1: ?? Sending account info: {"type":"account","account_id":"(non-string passed)","balance":0.32,"equity":0.32,"margin":0.00,"free_margin":0.32,"leverage":50,"currency":"USD"}
0	03:38:26.502	MT4PredictServer AUDCAD,H1: ?? Sending account info: {"type":"account","account_id":"(non-string passed)","balance":0.32,"equity":0.32,"margin":0.00,"free_margin":0.32,"leverage":50,"currency":"USD"}
0	03:38:27.333	MT4PredictServer AUDCAD,H1: ?? Max open trades reached (10 = 10)
0	03:38:27.875	MT4PredictServer AUDCAD,H1: ?? Max open trades reached (10 = 10)
0	03:38:28.418	MT4PredictServer AUDCAD,H1: ?? Max open trades reached (10 = 10)
0	03:38:28.954	MT4PredictServer AUDCAD,H1: ?? Max open trades reached (10 = 10)
0	03:38:28.954	MT4PredictServer AUDCAD,H1: ?? Sending account info: {"type":"account","account_id":"(non-string passed)","balance":0.32,"equity":0.32,"margin":0.00,"free_margin":0.32,"leverage":50,"currency":"USD"}
0	03:38:29.148	MT4PredictServer AUDCAD,H1: ?? Sending account info: {"type":"account","account_id":"(non-string passed)","balance":0.32,"equity":0.32,"margin":0.00,"free_margin":0.32,"leverage":50,"currency":"USD"}
0	03:38:29.319	MT4PredictServer AUDCAD,H1: ?? Sending account info: {"type":"account","account_id":"(non-string passed)","balance":0.32,"equity":0.32,"margin":0.00,"free_margin":0.32,"leverage":50,"currency":"USD"}
0	03:38:29.550	MT4PredictServer AUDCAD,H1: ?? Sending account info: {"type":"account","account_id":"(non-string passed)","balance":0.32,"equity":0.32,"margin":0.00,"free_margin":0.32,"leverage":50,"currency":"USD"}
0	03:38:32.393	MT4PredictServer AUDCAD,H1: ?? Max open trades reached (10 = 10)
0	03:38:32.988	MT4PredictServer AUDCAD,H1: ?? Max open trades reached (10 = 10)
0	03:38:33.582	MT4PredictServer AUDCAD,H1: ?? Max open trades reached (10 = 10)
0	03:38:34.140	MT4PredictServer AUDCAD,H1: ?? Max open trades reached (10 = 10)
0	03:38:34.140	MT4PredictServer AUDCAD,H1: ?? Sending account info: {"type":"account","account_id":"(non-string passed)","balance":0.32,"equity":0.32,"margin":0.00,"free_margin":0.32,"leverage":50,"currency":"USD"}
0	03:38:34.541	MT4PredictServer AUDCAD,H1: ?? Sending account info: {"type":"account","account_id":"(non-string passed)","balance":0.32,"equity":0.32,"margin":0.00,"free_margin":0.32,"leverage":50,"currency":"USD"}
0	03:38:35.546	MT4PredictServer AUDCAD,H1: ?? Sending account info: {"type":"account","account_id":"(non-string passed)","balance":0.32,"equity":0.32,"margin":0.00,"free_margin":0.32,"leverage":50,"currency":"USD"}
0	03:38:36.739	MT4PredictServer AUDCAD,H1: ?? Sending account info: {"type":"account","account_id":"(non-string passed)","balance":0.32,"equity":0.32,"margin":0.00,"free_margin":0.32,"leverage":50,"currency":"USD"}
0	03:38:37.410	MT4PredictServer AUDCAD,H1: ?? Max open trades reached (10 = 10)
0	03:38:37.946	MT4PredictServer AUDCAD,H1: ?? Max open trades reached (10 = 10)
0	03:38:38.466	MT4PredictServer AUDCAD,H1: ?? Max open trades reached (10 = 10)
0	03:38:38.999	MT4PredictServer AUDCAD,H1: ?? Max open trades reached (10 = 10)
0	03:38:38.999	MT4PredictServer AUDCAD,H1: ?? Sending account info: {"type":"account","account_id":"(non-string passed)","balance":0.32,"equity":0.32,"margin":0.00,"free_margin":0.32,"leverage":50,"currency":"USD"}
0	03:38:39.107	MT4PredictServer AUDCAD,H1: ?? Sending account info: {"type":"account","account_id":"(non-string passed)","balance":0.32,"equity":0.32,"margin":0.00,"free_margin":0.32,"leverage":50,"currency":"USD"}
0	03:38:40.931	MT4PredictServer AUDCAD,H1: ?? Sending account info: {"type":"account","account_id":"(non-string passed)","balance":0.32,"equity":0.32,"margin":0.00,"free_margin":0.32,"leverage":50,"currency":"USD"}
0	03:38:42.295	MT4PredictServer AUDCAD,H1: ?? Max open trades reached (10 = 10)
0	03:38:42.817	MT4PredictServer AUDCAD,H1: ?? Max open trades reached (10 = 10)
0	03:38:43.394	MT4PredictServer AUDCAD,H1: ?? Max open trades reached (10 = 10)
0	03:38:43.928	MT4PredictServer AUDCAD,H1: ?? Max open trades reached (10 = 10)
0	03:38:43.928	MT4PredictServer AUDCAD,H1: ?? Sending account info: {"type":"account","account_id":"(non-string passed)","balance":0.32,"equity":0.32,"margin":0.00,"free_margin":0.32,"leverage":50,"currency":"USD"}
0	03:38:45.348	MT4PredictServer AUDCAD,H1: ?? Sending account info: {"type":"account","account_id":"(non-string passed)","balance":0.32,"equity":0.32,"margin":0.00,"free_margin":0.32,"leverage":50,"currency":"USD"}
0	03:38:47.573	MT4PredictServer AUDCAD,H1: ?? Max open trades reached (10 = 10)
0	03:38:48.324	MT4PredictServer AUDCAD,H1: ?? Max open trades reached (10 = 10)
0	03:38:48.976	MT4PredictServer AUDCAD,H1: ?? Max open trades reached (10 = 10)
0	03:38:49.625	MT4PredictServer AUDCAD,H1: ?? Max open trades reached (10 = 10)
0	03:38:49.625	MT4PredictServer AUDCAD,H1: ?? Sending account info: {"type":"account","account_id":"(non-string passed)","balance":0.32,"equity":0.32,"margin":0.00,"free_margin":0.32,"leverage":50,"currency":"USD"}
0	03:38:50.367	MT4PredictServer AUDCAD,H1: ?? Sending account info: {"type":"account","account_id":"(non-string passed)","balance":0.32,"equity":0.32,"margin":0.00,"free_margin":0.32,"leverage":50,"currency":"USD"}
0	03:38:51.542	MT4PredictServer AUDCAD,H1: ?? Sending account info: {"type":"account","account_id":"(non-string passed)","balance":0.32,"equity":0.32,"margin":0.00,"free_margin":0.32,"leverage":50,"currency":"USD"}
0	03:38:52.509	MT4PredictServer AUDCAD,H1: ?? Max open trades reached (10 = 10)
0	03:38:53.060	MT4PredictServer AUDCAD,H1: ?? Max open trades reached (10 = 10)
0	03:38:53.714	MT4PredictServer AUDCAD,H1: ?? Max open trades reached (10 = 10)
0	03:38:54.540	MT4PredictServer AUDCAD,H1: ?? Max open trades reached (10 = 10)
0	03:38:54.540	MT4PredictServer AUDCAD,H1: ?? Sending account info: {"type":"account","account_id":"(non-string passed)","balance":0.32,"equity":0.32,"margin":0.00,"free_margin":0.32,"leverage":50,"currency":"USD"}
0	03:38:54.556	MT4PredictServer AUDCAD,H1: ?? Sending account info: {"type":"account","account_id":"(non-string passed)","balance":0.32,"equity":0.32,"margin":0.00,"free_margin":0.32,"leverage":50,"currency":"USD"}
0	03:38:55.032	MT4PredictServer AUDCAD,H1: ?? Sending account info: {"type":"account","account_id":"(non-string passed)","balance":0.32,"equity":0.32,"margin":0.00,"free_margin":0.32,"leverage":50,"currency":"USD"}
0	03:38:55.554	MT4PredictServer AUDCAD,H1: ?? Sending account info: {"type":"account","account_id":"(non-string passed)","balance":0.32,"equity":0.32,"margin":0.00,"free_margin":0.32,"leverage":50,"currency":"USD"}
0	03:38:56.223	MT4PredictServer AUDCAD,H1: ?? Sending account info: {"type":"account","account_id":"(non-string passed)","balance":0.32,"equity":0.32,"margin":0.00,"free_margin":0.32,"leverage":50,"currency":"USD"}
0	03:38:56.745	MT4PredictServer AUDCAD,H1: ?? Sending account info: {"type":"account","account_id":"(non-string passed)","balance":0.32,"equity":0.32,"margin":0.00,"free_margin":0.32,"leverage":50,"currency":"USD"}
0	03:38:57.645	MT4PredictServer AUDCAD,H1: ?? Max open trades reached (10 = 10)
0	03:38:58.395	MT4PredictServer AUDCAD,H1: ?? Max open trades reached (10 = 10)
0	03:38:59.149	MT4PredictServer AUDCAD,H1: ?? Max open trades reached (10 = 10)
0	03:38:59.779	MT4PredictServer AUDCAD,H1: ?? Max open trades reached (10 = 10)
0	03:38:59.779	MT4PredictServer AUDCAD,H1: ?? Sending account info: {"type":"account","account_id":"(non-string passed)","balance":0.32,"equity":0.32,"margin":0.00,"free_margin":0.32,"leverage":50,"currency":"USD"}
0	03:39:00.334	MT4PredictServer AUDCAD,H1: ?? Sending account info: {"type":"account","account_id":"(non-string passed)","balance":0.32,"equity":0.32,"margin":0.00,"free_margin":0.32,"leverage":50,"currency":"USD"}
0	03:39:00.617	MT4PredictServer AUDCAD,H1: ?? Sending account info: {"type":"account","account_id":"(non-string passed)","balance":0.32,"equity":0.32,"margin":0.00,"free_margin":0.32,"leverage":50,"currency":"USD"}
0	03:39:00.715	MT4PredictServer AUDCAD,H1: ?? Sending account info: {"type":"account","account_id":"(non-string passed)","balance":0.32,"equity":0.32,"margin":0.00,"free_margin":0.32,"leverage":50,"currency":"USD"}
0	03:39:00.935	MT4PredictServer AUDCAD,H1: ?? Sending account info: {"type":"account","account_id":"(non-string passed)","balance":0.32,"equity":0.32,"margin":0.00,"free_margin":0.32,"leverage":50,"currency":"USD"}
0	03:39:01.338	MT4PredictServer AUDCAD,H1: ?? Sending account info: {"type":"account","account_id":"(non-string passed)","balance":0.32,"equity":0.32,"margin":0.00,"free_margin":0.32,"leverage":50,"currency":"USD"}
0	03:39:02.320	MT4PredictServer AUDCAD,H1: ?? Max open trades reached (10 = 10)
0	03:39:03.198	MT4PredictServer AUDCAD,H1: ?? Max open trades reached (10 = 10)
0	03:39:03.686	MT4PredictServer AUDCAD,H1: ?? Max open trades reached (10 = 10)
0	03:39:04.293	MT4PredictServer AUDCAD,H1: ?? Max open trades reached (10 = 10)
0	03:39:04.293	MT4PredictServer AUDCAD,H1: uninit reason 2
0	03:39:04.293	MT4PredictServer AUDCAD,H1: ?? EA stopped.
0	03:39:04.296	Expert MT4PredictServer AUDCAD,H1: removed
0	03:39:04.339	Expert MT4PredictServer AUDCAD,H1: loaded successfully
0	03:39:04.445	MT4PredictServer AUDCAD,H1: ?? RiskManager reset — new day started (Balance: 0.32)
0	03:39:04.445	MT4PredictServer AUDCAD,H1: ?? Multi-Symbol Predict EA starting...
0	03:39:04.468	MT4PredictServer AUDCAD,H1: ?? Handshake reply: {"type": "pong", "status": "ready", "timestamp": 1760427544.4704468}

0	03:39:04.468	MT4PredictServer AUDCAD,H1: ? Server handshake successful!
0	03:39:04.475	MT4PredictServer AUDCAD,H1: initialized
0	03:39:04.598	MT4PredictServer AUDCAD,H1: ?? Sending account info: {"type":"account","account_id":"(non-string passed)","balance":0.32,"equity":0.32,"margin":0.00,"free_margin":0.32,"leverage":50,"currency":"USD"}
0	03:39:04.623	MT4PredictServer AUDCAD,H1: ?? Sending account info: {"type":"account","account_id":"(non-string passed)","balance":0.32,"equity":0.32,"margin":0.00,"free_margin":0.32,"leverage":50,"currency":"USD"}
0	03:39:05.139	MT4PredictServer AUDCAD,H1: ?? Sending account info: {"type":"account","account_id":"(non-string passed)","balance":0.32,"equity":0.32,"margin":0.00,"free_margin":0.32,"leverage":50,"currency":"USD"}
0	03:39:05.517	MT4PredictServer AUDCAD,H1: ?? Sending account info: {"type":"account","account_id":"(non-string passed)","balance":0.32,"equity":0.32,"margin":0.00,"free_margin":0.32,"leverage":50,"currency":"USD"}
0	03:39:06.142	MT4PredictServer AUDCAD,H1: ?? Sending account info: {"type":"account","account_id":"(non-string passed)","balance":0.32,"equity":0.32,"margin":0.00,"free_margin":0.32,"leverage":50,"currency":"USD"}
0	03:39:09.491	MT4PredictServer AUDCAD,H1: ?? Sending account info: {"type":"account","account_id":"(non-string passed)","balance":0.32,"equity":0.32,"margin":0.00,"free_margin":0.32,"leverage":50,"currency":"USD"}
0	03:39:10.149	MT4PredictServer AUDCAD,H1: ?? Max open trades reached (10 = 10)
0	03:39:10.812	MT4PredictServer AUDCAD,H1: ?? Max open trades reached (10 = 10)
0	03:39:11.499	MT4PredictServer AUDCAD,H1: ?? Max open trades reached (10 = 10)
0	03:39:12.115	MT4PredictServer AUDCAD,H1: ?? Max open trades reached (10 = 10)
0	03:39:12.647	MT4PredictServer AUDCAD,H1: ?? Max open trades reached (10 = 10)
0	03:39:13.245	MT4PredictServer AUDCAD,H1: ?? Max open trades reached (10 = 10)
0	03:39:13.997	MT4PredictServer AUDCAD,H1: ?? Max open trades reached (10 = 10)
0	03:39:14.691	MT4PredictServer AUDCAD,H1: ?? Max open trades reached (10 = 10)
0	03:39:15.357	MT4PredictServer AUDCAD,H1: ?? Max open trades reached (10 = 10)
0	03:39:16.107	MT4PredictServer AUDCAD,H1: ?? Max open trades reached (10 = 10)
0	03:39:16.974	MT4PredictServer AUDCAD,H1: ?? Max open trades reached (10 = 10)
2	03:39:17.775	MT4PredictServer AUDCAD,H1: open #163516749 sell stop 0.01 CHFHKD at 9.66224 sl: 9.69365 tp: 9.61512 ok
0	03:39:17.775	MT4PredictServer AUDCAD,H1: ? ORDER_TYPE_SELL CHFHKD SELL executed @ 9.66747 | SL 9.69365 | TP 9.61512
0	03:39:18.563	MT4PredictServer AUDCAD,H1: ?? Max open trades reached (10 = 10)
0	03:39:19.306	MT4PredictServer AUDCAD,H1: ?? Max open trades reached (10 = 10)
0	03:39:20.123	MT4PredictServer AUDCAD,H1: ?? Max open trades reached (10 = 10)
0	03:39:20.869	MT4PredictServer AUDCAD,H1: ?? Max open trades reached (10 = 10)
0	03:39:21.645	MT4PredictServer AUDCAD,H1: ?? Max open trades reached (10 = 10)
2	03:39:22.587	MT4PredictServer AUDCAD,H1: open #163516754 sell stop 0.01 EURCZK at 24.33851 sl: 24.38044 tp: 24.27563 ok
0	03:39:22.587	MT4PredictServer AUDCAD,H1: ? ORDER_TYPE_SELL EURCZK SELL executed @ 24.34550 | SL 24.38044 | TP 24.27563
0	03:39:23.519	MT4PredictServer AUDCAD,H1: ?? Max open trades reached (10 = 10)
0	03:39:24.237	MT4PredictServer AUDCAD,H1: ?? Max open trades reached (10 = 10)
0	03:39:25.170	MT4PredictServer AUDCAD,H1: ?? Max open trades reached (10 = 10)
0	03:39:26.195	MT4PredictServer AUDCAD,H1: ?? Max open trades reached (10 = 10)
0	03:39:27.079	MT4PredictServer AUDCAD,H1: ?? Max open trades reached (10 = 10)
2	03:39:27.895	MT4PredictServer AUDCAD,H1: open #163516757 sell stop 0.01 EURNOK at 11.74054 sl: 11.78519 tp: 11.67355 ok
0	03:39:27.895	MT4PredictServer AUDCAD,H1: ? ORDER_TYPE_SELL EURNOK SELL executed @ 11.74798 | SL 11.78519 | TP 11.67355
0	03:39:28.890	MT4PredictServer AUDCAD,H1: ?? Max open trades reached (10 = 10)
0	03:39:29.661	MT4PredictServer AUDCAD,H1: ?? Max open trades reached (10 = 10)
0	03:39:30.581	MT4PredictServer AUDCAD,H1: ?? Max open trades reached (10 = 10)
0	03:39:31.431	MT4PredictServer AUDCAD,H1: ?? Max open trades reached (10 = 10)
0	03:39:32.252	MT4PredictServer AUDCAD,H1: ?? Max open trades reached (10 = 10)
2	03:39:33.058	MT4PredictServer AUDCAD,H1: open #163516760 sell stop 0.01 EURUSD at 1.15497 sl: 1.15829 tp: 1.14998 ok
0	03:39:33.058	MT4PredictServer AUDCAD,H1: ? ORDER_TYPE_SELL EURUSD SELL executed @ 1.15552 | SL 1.15829 | TP 1.14998
0	03:39:33.849	MT4PredictServer AUDCAD,H1: ?? Max open trades reached (10 = 10)
0	03:39:34.644	MT4PredictServer AUDCAD,H1: ?? Max open trades reached (10 = 10)
2	03:39:35.720	MT4PredictServer AUDCAD,H1: open #163516762 sell stop 0.01 GBPCAD at 1.86340 sl: 1.86897 tp: 1.85505 ok
0	03:39:35.720	MT4PredictServer AUDCAD,H1: ? ORDER_TYPE_SELL GBPCAD SELL executed @ 1.86433 | SL 1.86897 | TP 1.85505
0	03:39:36.354	MT4PredictServer AUDCAD,H1: ?? Max open trades reached (10 = 10)
0	03:39:36.965	MT4PredictServer AUDCAD,H1: ?? Max open trades reached (10 = 10)
0	03:39:37.798	MT4PredictServer AUDCAD,H1: ?? Max open trades reached (10 = 10)
2	03:39:38.742	MT4PredictServer AUDCAD,H1: open #163516763 sell stop 0.01 GBPNZD at 2.32866 sl: 2.33926 tp: 2.31277 ok
0	03:39:38.742	MT4PredictServer AUDCAD,H1: ? ORDER_TYPE_SELL GBPNZD SELL executed @ 2.33043 | SL 2.33926 | TP 2.31277
0	03:39:39.451	MT4PredictServer AUDCAD,H1: ?? Max open trades reached (10 = 10)
0	03:39:40.101	MT4PredictServer AUDCAD,H1: ?? Max open trades reached (10 = 10)
0	03:39:40.835	MT4PredictServer AUDCAD,H1: ?? Max open trades reached (10 = 10)
0	03:39:41.645	MT4PredictServer AUDCAD,H1: ?? Max open trades reached (10 = 10)
0	03:39:42.458	MT4PredictServer AUDCAD,H1: ?? Max open trades reached (10 = 10)
0	03:39:43.247	MT4PredictServer AUDCAD,H1: ?? Max open trades reached (10 = 10)
0	03:39:43.955	MT4PredictServer AUDCAD,H1: ?? Max open trades reached (10 = 10)
0	03:39:44.712	MT4PredictServer AUDCAD,H1: ?? Max open trades reached (10 = 10)
0	03:39:45.489	MT4PredictServer AUDCAD,H1: ?? Max open trades reached (10 = 10)
0	03:39:46.480	MT4PredictServer AUDCAD,H1: ?? Max open trades reached (10 = 10)
0	03:39:47.237	MT4PredictServer AUDCAD,H1: ?? Max open trades reached (10 = 10)
0	03:39:47.955	MT4PredictServer AUDCAD,H1: ?? Max open trades reached (10 = 10)
0	03:39:48.713	MT4PredictServer AUDCAD,H1: ?? Max open trades reached (10 = 10)
0	03:39:49.512	MT4PredictServer AUDCAD,H1: ?? Max open trades reached (10 = 10)
0	03:39:50.213	MT4PredictServer AUDCAD,H1: ?? Max open trades reached (10 = 10)
0	03:39:50.970	MT4PredictServer AUDCAD,H1: ?? Max open trades reached (10 = 10)
0	03:39:51.664	MT4PredictServer AUDCAD,H1: ?? Max open trades reached (10 = 10)
0	03:39:52.411	MT4PredictServer AUDCAD,H1: ?? Max open trades reached (10 = 10)
0	03:39:53.223	MT4PredictServer AUDCAD,H1: ?? Max open trades reached (10 = 10)
0	03:39:53.994	MT4PredictServer AUDCAD,H1: ?? Max open trades reached (10 = 10)
0	03:39:54.574	MT4PredictServer AUDCAD,H1: ?? Max open trades reached (10 = 10)
0	03:39:55.326	MT4PredictServer AUDCAD,H1: ?? Max open trades reached (10 = 10)
0	03:39:56.010	MT4PredictServer AUDCAD,H1: ?? Max open trades reached (10 = 10)
0	03:39:56.744	MT4PredictServer AUDCAD,H1: ?? Max open trades reached (10 = 10)
0	03:39:57.538	MT4PredictServer AUDCAD,H1: ?? Max open trades reached (10 = 10)
0	03:39:58.290	MT4PredictServer AUDCAD,H1: ?? Max open trades reached (10 = 10)
0	03:39:58.952	MT4PredictServer AUDCAD,H1: ?? Max open trades reached (10 = 10)
0	03:39:59.568	MT4PredictServer AUDCAD,H1: ?? Max open trades reached (10 = 10)
0	03:40:00.305	MT4PredictServer AUDCAD,H1: ?? Max open trades reached (10 = 10)
0	03:40:01.218	MT4PredictServer AUDCAD,H1: ?? Max open trades reached (10 = 10)
0	03:40:02.000	MT4PredictServer AUDCAD,H1: ?? Max