2025-10-01 22:29:27,182 - 🔄 No pong in 30s. Retry 1/3
2025-10-01 22:29:37,193 - 🔄 No pong in 30s. Retry 2/3
2025-10-01 22:29:47,195 - 🔄 No pong in 30s. Retry 3/3
2025-10-01 22:29:47,195 - ❌ Connection lost.
2025-10-01 22:29:57,198 - 🔄 No pong in 30s. Retry 1/3
2025-10-01 22:30:07,200 - 🔄 No pong in 30s. Retry 2/3
2025-10-01 22:30:25,400 - ❌ Socket error: [WinError 10061] No connection could be made because the target machine actively refused it
2025-10-01 22:30:31,852 - 🔄 No pong in 30s. Retry 1/3
2025-10-01 22:30:34,958 - [WinError 2] The system cannot find the file specified
2025-10-01 22:30:40,405 - ❌ Socket error: [WinError 10061] No connection could be made because the target machine actively refused it
2025-10-01 22:30:40,530 - [WinError 2] The system cannot find the file specified
2025-10-01 22:30:41,855 - 🔄 No pong in 30s. Retry 2/3
2025-10-01 22:30:44,969 - [WinError 2] The system cannot find the file specified
2025-10-01 22:30:58,632 - ❌ Socket error: [WinError 10061] No connection could be made because the target machine actively refused it
2025-10-01 22:31:00,660 - ❌ Socket error: [WinError 10061] No connection could be made because the target machine actively refused it
2025-10-01 22:31:05,141 - 🔄 No pong in 30s. Retry 1/3
2025-10-01 22:31:05,711 - [WinError 2] The system cannot find the file specified
2025-10-01 22:31:09,332 - ❌ Could not connect: [WinError 10061] No connection could be made because the target machine actively refused it
2025-10-01 22:31:10,726 - [WinError 2] The system cannot find the file specified
2025-10-01 22:31:13,643 - ❌ Socket error: [WinError 10061] No connection could be made because the target machine actively refused it
2025-10-01 22:31:15,143 - 🔄 No pong in 30s. Retry 2/3
2025-10-01 22:31:15,679 - ❌ Socket error: [WinError 10061] No connection could be made because the target machine actively refused it
2025-10-01 22:31:15,720 - [WinError 2] The system cannot find the file specified
2025-10-01 22:31:20,725 - [WinError 2] The system cannot find the file specified
2025-10-01 22:31:25,145 - 🔄 No pong in 30s. Retry 3/3
2025-10-01 22:31:25,147 - ❌ Connection lost.
2025-10-01 22:31:25,724 - [WinError 2] The system cannot find the file specified
2025-10-01 22:31:28,642 - ❌ Socket error: [WinError 10061] No connection could be made because the target machine actively refused it
2025-10-01 22:31:30,671 - ❌ Socket error: [WinError 10061] No connection could be made because the target machine actively refused it
2025-10-01 22:31:30,716 - [WinError 2] The system cannot find the file specified
2025-10-01 22:31:35,149 - 🔄 No pong in 30s. Retry 1/3
2025-10-01 22:31:35,738 - [WinError 2] The system cannot find the file specified
2025-10-01 22:31:40,730 - [WinError 2] The system cannot find the file specified
2025-10-01 22:31:43,645 - ❌ Socket error: [WinError 10061] No connection could be made because the target machine actively refused it
2025-10-01 22:31:45,151 - 🔄 No pong in 30s. Retry 2/3
2025-10-01 22:31:45,673 - ❌ Socket error: [WinError 10061] No connection could be made because the target machine actively refused it
2025-10-01 22:31:45,731 - [WinError 2] The system cannot find the file specified
2025-10-01 22:31:50,719 - [WinError 2] The system cannot find the file specified
2025-10-01 22:31:55,153 - 🔄 No pong in 30s. Retry 3/3
2025-10-01 22:31:55,155 - ❌ Connection lost.
2025-10-01 22:31:55,745 - [WinError 2] The system cannot find the file specified
2025-10-01 22:31:58,654 - ❌ Socket error: [WinError 10061] No connection could be made because the target machine actively refused it
2025-10-01 22:32:00,678 - ❌ Socket error: [WinError 10061] No connection could be made because the target machine actively refused it
2025-10-01 22:32:00,733 - [WinError 2] The system cannot find the file specified
2025-10-01 22:32:05,157 - 🔄 No pong in 30s. Retry 1/3
2025-10-01 22:32:05,722 - [WinError 2] The system cannot find the file specified
2025-10-01 22:32:10,714 - [WinError 2] The system cannot find the file specified
2025-10-01 22:32:13,662 - ❌ Socket error: [WinError 10061] No connection could be made because the target machine actively refused it
2025-10-01 22:32:15,160 - 🔄 No pong in 30s. Retry 2/3
2025-10-01 22:32:15,691 - ❌ Socket error: [WinError 10061] No connection could be made because the target machine actively refused it
2025-10-01 22:32:15,725 - [WinError 2] The system cannot find the file specified
2025-10-01 22:32:20,726 - [WinError 2] The system cannot find the file specified
2025-10-01 22:32:25,162 - 🔄 No pong in 30s. Retry 3/3
2025-10-01 22:32:25,163 - ❌ Connection lost.
2025-10-01 22:32:25,729 - [WinError 2] The system cannot find the file specified
2025-10-01 22:32:28,657 - ❌ Socket error: [WinError 10061] No connection could be made because the target machine actively refused it
2025-10-01 22:32:30,693 - ❌ Socket error: [WinError 10061] No connection could be made because the target machine actively refused it
2025-10-01 22:32:30,730 - [WinError 2] The system cannot find the file specified
2025-10-01 22:32:35,165 - 🔄 No pong in 30s. Retry 1/3
2025-10-01 22:32:35,727 - [WinError 2] The system cannot find the file specified
2025-10-01 22:32:40,730 - [WinError 2] The system cannot find the file specified
2025-10-01 22:32:43,645 - ❌ Socket error: [WinError 10061] No connection could be made because the target machine actively refused it
2025-10-01 22:32:45,167 - 🔄 No pong in 30s. Retry 2/3
2025-10-01 22:32:45,677 - ❌ Socket error: [WinError 10061] No connection could be made because the target machine actively refused it
2025-10-01 22:32:45,727 - [WinError 2] The system cannot find the file specified
2025-10-01 22:32:50,715 - [WinError 2] The system cannot find the file specified
2025-10-01 22:32:55,168 - 🔄 No pong in 30s. Retry 3/3
2025-10-01 22:32:55,171 - ❌ Connection lost.
2025-10-01 22:32:55,729 - [WinError 2] The system cannot find the file specified
2025-10-01 22:32:58,653 - ❌ Socket error: [WinError 10061] No connection could be made because the target machine actively refused it
2025-10-01 22:33:00,681 - ❌ Socket error: [WinError 10061] No connection could be made because the target machine actively refused it
2025-10-01 22:33:00,733 - [WinError 2] The system cannot find the file specified
2025-10-01 22:33:05,174 - 🔄 No pong in 30s. Retry 1/3
2025-10-01 22:33:05,734 - [WinError 2] The system cannot find the file specified
2025-10-01 22:33:10,734 - [WinError 2] The system cannot find the file specified
2025-10-01 22:33:13,682 - ❌ Socket error: [WinError 10061] No connection could be made because the target machine actively refused it
2025-10-01 22:33:15,177 - 🔄 No pong in 30s. Retry 2/3
2025-10-01 22:33:15,717 - ❌ Socket error: [WinError 10061] No connection could be made because the target machine actively refused it
2025-10-01 22:33:15,748 - [WinError 2] The system cannot find the file specified
2025-10-01 22:33:20,751 - [WinError 2] The system cannot find the file specified
2025-10-01 22:33:25,179 - 🔄 No pong in 30s. Retry 3/3
2025-10-01 22:33:25,182 - ❌ Connection lost.
2025-10-01 22:33:25,739 - [WinError 2] The system cannot find the file specified
2025-10-01 22:33:28,684 - ❌ Socket error: [WinError 10061] No connection could be made because the target machine actively refused it
2025-10-01 22:33:30,716 - ❌ Socket error: [WinError 10061] No connection could be made because the target machine actively refused it
2025-10-01 22:33:30,734 - [WinError 2] The system cannot find the file specified
2025-10-01 22:33:35,184 - 🔄 No pong in 30s. Retry 1/3
2025-10-01 22:33:35,743 - [WinError 2] The system cannot find the file specified
2025-10-01 22:33:40,738 - [WinError 2] The system cannot find the file specified
2025-10-01 22:33:43,672 - ❌ Socket error: [WinError 10061] No connection could be made because the target machine actively refused it
2025-10-01 22:33:45,187 - 🔄 No pong in 30s. Retry 2/3
2025-10-01 22:33:45,708 - ❌ Socket error: [WinError 10061] No connection could be made because the target machine actively refused it
2025-10-01 22:33:45,757 - [WinError 2] The system cannot find the file specified
2025-10-01 22:33:50,744 - [WinError 2] The system cannot find the file specified
2025-10-01 22:33:55,188 - 🔄 No pong in 30s. Retry 3/3
2025-10-01 22:33:55,190 - ❌ Connection lost.
2025-10-01 22:33:55,745 - [WinError 2] The system cannot find the file specified
2025-10-01 22:33:58,671 - ❌ Socket error: [WinError 10061] No connection could be made because the target machine actively refused it
2025-10-01 22:34:00,711 - ❌ Socket error: [WinError 10061] No connection could be made because the target machine actively refused it
2025-10-01 22:34:00,796 - [WinError 2] The system cannot find the file specified
2025-10-01 22:34:05,193 - 🔄 No pong in 30s. Retry 1/3
2025-10-01 22:34:05,748 - [WinError 2] The system cannot find the file specified
2025-10-01 22:34:10,750 - [WinError 2] The system cannot find the file specified
2025-10-01 22:34:13,680 - ❌ Socket error: [WinError 10061] No connection could be made because the target machine actively refused it
2025-10-01 22:34:15,198 - 🔄 No pong in 30s. Retry 2/3
2025-10-01 22:34:15,720 - ❌ Socket error: [WinError 10061] No connection could be made because the target machine actively refused it
2025-10-01 22:34:15,777 - [WinError 2] The system cannot find the file specified
2025-10-01 22:34:20,765 - [WinError 2] The system cannot find the file specified
2025-10-01 22:34:25,200 - 🔄 No pong in 30s. Retry 3/3
2025-10-01 22:34:25,202 - ❌ Connection lost.
2025-10-01 22:34:25,767 - [WinError 2] The system cannot find the file specified
2025-10-01 22:34:28,674 - ❌ Socket error: [WinError 10061] No connection could be made because the target machine actively refused it
2025-10-01 22:34:30,707 - ❌ Socket error: [WinError 10061] No connection could be made because the target machine actively refused it
2025-10-01 22:34:30,776 - [WinError 2] The system cannot find the file specified
2025-10-01 22:34:35,203 - 🔄 No pong in 30s. Retry 1/3
2025-10-01 22:34:35,791 - [WinError 2] The system cannot find the file specified
2025-10-01 22:34:40,815 - [WinError 2] The system cannot find the file specified
2025-10-01 22:34:43,674 - ❌ Socket error: [WinError 10061] No connection could be made because the target machine actively refused it
2025-10-01 22:34:45,205 - 🔄 No pong in 30s. Retry 2/3
2025-10-01 22:34:45,724 - ❌ Socket error: [WinError 10061] No connection could be made because the target machine actively refused it
2025-10-01 22:34:45,815 - [WinError 2] The system cannot find the file specified
2025-10-01 22:34:50,797 - [WinError 2] The system cannot find the file specified
2025-10-01 22:34:55,206 - 🔄 No pong in 30s. Retry 3/3
2025-10-01 22:34:55,207 - ❌ Connection lost.
2025-10-01 22:34:55,795 - [WinError 2] The system cannot find the file specified
2025-10-01 22:34:58,669 - ❌ Socket error: [WinError 10061] No connection could be made because the target machine actively refused it
2025-10-01 22:35:00,703 - ❌ Socket error: [WinError 10061] No connection could be made because the target machine actively refused it
2025-10-01 22:35:00,830 - [WinError 2] The system cannot find the file specified
2025-10-01 22:35:05,210 - 🔄 No pong in 30s. Retry 1/3
2025-10-01 22:35:05,816 - [WinError 2] The system cannot find the file specified
2025-10-01 22:35:10,825 - [WinError 2] The system cannot find the file specified
2025-10-01 22:35:13,679 - ❌ Socket error: [WinError 10061] No connection could be made because the target machine actively refused it
2025-10-01 22:35:15,213 - 🔄 No pong in 30s. Retry 2/3
2025-10-01 22:35:15,716 - ❌ Socket error: [WinError 10061] No connection could be made because the target machine actively refused it
2025-10-01 22:35:15,819 - [WinError 2] The system cannot find the file specified
2025-10-01 22:35:20,818 - [WinError 2] The system cannot find the file specified
2025-10-01 22:35:25,215 - 🔄 No pong in 30s. Retry 3/3
2025-10-01 22:35:25,216 - ❌ Connection lost.
2025-10-01 22:35:25,822 - [WinError 2] The system cannot find the file specified
2025-10-01 22:35:28,674 - ❌ Socket error: [WinError 10061] No connection could be made because the target machine actively refused it
2025-10-01 22:35:30,701 - ❌ Socket error: [WinError 10061] No connection could be made because the target machine actively refused it
2025-10-01 22:35:30,821 - [WinError 2] The system cannot find the file specified
2025-10-01 22:35:35,219 - 🔄 No pong in 30s. Retry 1/3
2025-10-01 22:35:35,820 - [WinError 2] The system cannot find the file specified
2025-10-01 22:35:40,814 - [WinError 2] The system cannot find the file specified
2025-10-01 22:35:43,703 - ❌ Socket error: [WinError 10061] No connection could be made because the target machine actively refused it
2025-10-01 22:35:45,221 - 🔄 No pong in 30s. Retry 2/3
2025-10-01 22:35:45,740 - ❌ Socket error: [WinError 10061] No connection could be made because the target machine actively refused it
2025-10-01 22:35:45,812 - [WinError 2] The system cannot find the file specified
2025-10-01 22:35:50,814 - [WinError 2] The system cannot find the file specified
2025-10-01 22:35:55,222 - 🔄 No pong in 30s. Retry 3/3
2025-10-01 22:35:55,225 - ❌ Connection lost.
2025-10-01 22:35:55,823 - [WinError 2] The system cannot find the file specified
2025-10-01 22:35:58,714 - ❌ Socket error: [WinError 10061] No connection could be made because the target machine actively refused it
2025-10-01 22:36:00,749 - ❌ Socket error: [WinError 10061] No connection could be made because the target machine actively refused it
2025-10-01 22:36:00,816 - [WinError 2] The system cannot find the file specified
2025-10-01 22:36:05,228 - 🔄 No pong in 30s. Retry 1/3
2025-10-01 22:36:05,806 - [WinError 2] The system cannot find the file specified
2025-10-01 22:36:10,818 - [WinError 2] The system cannot find the file specified
2025-10-01 22:36:13,701 - ❌ Socket error: [WinError 10061] No connection could be made because the target machine actively refused it
2025-10-01 22:36:15,231 - 🔄 No pong in 30s. Retry 2/3
2025-10-01 22:36:15,739 - ❌ Socket error: [WinError 10061] No connection could be made because the target machine actively refused it
2025-10-01 22:36:15,842 - [WinError 2] The system cannot find the file specified
2025-10-01 22:36:20,820 - [WinError 2] The system cannot find the file specified
2025-10-01 22:36:25,233 - 🔄 No pong in 30s. Retry 3/3
2025-10-01 22:36:25,234 - ❌ Connection lost.
2025-10-01 22:36:25,821 - [WinError 2] The system cannot find the file specified
2025-10-01 22:36:28,704 - ❌ Socket error: [WinError 10061] No connection could be made because the target machine actively refused it
2025-10-01 22:36:30,736 - ❌ Socket error: [WinError 10061] No connection could be made because the target machine actively refused it
2025-10-01 22:36:30,825 - [WinError 2] The system cannot find the file specified
2025-10-01 22:36:35,237 - 🔄 No pong in 30s. Retry 1/3
2025-10-01 22:36:35,817 - [WinError 2] The system cannot find the file specified
2025-10-01 22:36:40,819 - [WinError 2] The system cannot find the file specified
2025-10-01 22:36:43,723 - ❌ Socket error: [WinError 10061] No connection could be made because the target machine actively refused it
2025-10-01 22:36:45,239 - 🔄 No pong in 30s. Retry 2/3
2025-10-01 22:36:45,779 - ❌ Socket error: [WinError 10061] No connection could be made because the target machine actively refused it
2025-10-01 22:36:45,823 - [WinError 2] The system cannot find the file specified
2025-10-01 22:36:50,812 - [WinError 2] The system cannot find the file specified
2025-10-01 22:36:55,240 - 🔄 No pong in 30s. Retry 3/3
2025-10-01 22:36:55,242 - ❌ Connection lost.
2025-10-01 22:36:55,824 - [WinError 2] The system cannot find the file specified
2025-10-01 22:36:58,719 - ❌ Socket error: [WinError 10061] No connection could be made because the target machine actively refused it
2025-10-01 22:37:00,762 - ❌ Socket error: [WinError 10061] No connection could be made because the target machine actively refused it
2025-10-01 22:37:00,813 - [WinError 2] The system cannot find the file specified
2025-10-01 22:37:05,245 - 🔄 No pong in 30s. Retry 1/3
2025-10-01 22:37:05,838 - [WinError 2] The system cannot find the file specified
2025-10-01 22:37:10,831 - [WinError 2] The system cannot find the file specified
2025-10-01 22:37:13,725 - ❌ Socket error: [WinError 10061] No connection could be made because the target machine actively refused it
2025-10-01 22:37:15,251 - 🔄 No pong in 30s. Retry 2/3
2025-10-01 22:37:15,763 - ❌ Socket error: [WinError 10061] No connection could be made because the target machine actively refused it
2025-10-01 22:37:15,944 - [WinError 2] The system cannot find the file specified
2025-10-01 22:37:20,850 - [WinError 2] The system cannot find the file specified
2025-10-01 22:37:25,252 - 🔄 No pong in 30s. Retry 3/3
2025-10-01 22:37:25,253 - ❌ Connection lost.
2025-10-01 22:37:25,945 - ❌ Could not connect: [WinError 10061] No connection could be made because the target machine actively refused it
2025-10-01 22:37:25,953 - [WinError 2] The system cannot find the file specified
2025-10-01 22:37:28,712 - ❌ Socket error: [WinError 10061] No connection could be made because the target machine actively refused it
2025-10-01 22:37:30,746 - ❌ Socket error: [WinError 10061] No connection could be made because the target machine actively refused it
2025-10-01 22:37:30,850 - [WinError 2] The system cannot find the file specified
2025-10-01 22:37:35,253 - 🔄 No pong in 30s. Retry 1/3
2025-10-01 22:37:35,860 - [WinError 2] The system cannot find the file specified
2025-10-01 22:37:40,887 - [WinError 2] The system cannot find the file specified
2025-10-01 22:37:43,733 - ❌ Socket error: [WinError 10061] No connection could be made because the target machine actively refused it
2025-10-01 22:37:45,256 - 🔄 No pong in 30s. Retry 2/3
2025-10-01 22:37:45,783 - ❌ Socket error: [WinError 10061] No connection could be made because the target machine actively refused it
2025-10-01 22:37:45,897 - [WinError 2] The system cannot find the file specified
2025-10-01 22:37:50,919 - [WinError 2] The system cannot find the file specified
2025-10-01 22:37:55,257 - 🔄 No pong in 30s. Retry 3/3
2025-10-01 22:37:55,258 - ❌ Connection lost.
2025-10-01 22:37:55,908 - [WinError 2] The system cannot find the file specified
2025-10-01 22:37:58,718 - ❌ Socket error: [WinError 10061] No connection could be made because the target machine actively refused it
2025-10-01 22:38:00,761 - ❌ Socket error: [WinError 10061] No connection could be made because the target machine actively refused it
2025-10-01 22:38:00,899 - [WinError 2] The system cannot find the file specified
2025-10-01 22:38:05,264 - 🔄 No pong in 30s. Retry 1/3
2025-10-01 22:38:05,908 - [WinError 2] The system cannot find the file specified
2025-10-01 22:38:10,897 - [WinError 2] The system cannot find the file specified
2025-10-01 22:38:13,714 - ❌ Socket error: [WinError 10061] No connection could be made because the target machine actively refused it
2025-10-01 22:38:15,268 - 🔄 No pong in 30s. Retry 2/3
2025-10-01 22:38:15,765 - ❌ Socket error: [WinError 10061] No connection could be made because the target machine actively refused it
2025-10-01 22:38:15,891 - [WinError 2] The system cannot find the file specified
2025-10-01 22:38:20,904 - [WinError 2] The system cannot find the file specified
2025-10-01 22:38:25,271 - 🔄 No pong in 30s. Retry 3/3
2025-10-01 22:38:25,274 - ❌ Connection lost.
2025-10-01 22:38:25,906 - [WinError 2] The system cannot find the file specified
2025-10-01 22:38:28,719 - ❌ Socket error: [WinError 10061] No connection could be made because the target machine actively refused it
2025-10-01 22:38:30,767 - ❌ Socket error: [WinError 10061] No connection could be made because the target machine actively refused it
2025-10-01 22:38:30,905 - [WinError 2] The system cannot find the file specified
2025-10-01 22:38:35,276 - 🔄 No pong in 30s. Retry 1/3
2025-10-01 22:38:35,914 - [WinError 2] The system cannot find the file specified
2025-10-01 22:38:40,922 - [WinError 2] The system cannot find the file specified
2025-10-01 22:38:43,727 - ❌ Socket error: [WinError 10061] No connection could be made because the target machine actively refused it
2025-10-01 22:38:45,277 - 🔄 No pong in 30s. Retry 2/3
2025-10-01 22:38:45,767 - ❌ Socket error: [WinError 10061] No connection could be made because the target machine actively refused it
2025-10-01 22:38:45,914 - [WinError 2] The system cannot find the file specified
2025-10-01 22:38:50,910 - [WinError 2] The system cannot find the file specified
2025-10-01 22:38:55,277 - 🔄 No pong in 30s. Retry 3/3
2025-10-01 22:38:55,278 - ❌ Connection lost.
2025-10-01 22:38:55,921 - [WinError 2] The system cannot find the file specified
2025-10-01 22:38:58,715 - ❌ Socket error: [WinError 10061] No connection could be made because the target machine actively refused it
2025-10-01 22:39:00,742 - ❌ Socket error: [WinError 10061] No connection could be made because the target machine actively refused it
2025-10-01 22:39:00,983 - [WinError 2] The system cannot find the file specified
2025-10-01 22:39:05,280 - 🔄 No pong in 30s. Retry 1/3
2025-10-01 22:39:05,937 - [WinError 2] The system cannot find the file specified
2025-10-01 22:39:10,947 - [WinError 2] The system cannot find the file specified
2025-10-01 22:39:13,739 - ❌ Socket error: [WinError 10061] No connection could be made because the target machine actively refused it
2025-10-01 22:39:15,281 - 🔄 No pong in 30s. Retry 2/3
2025-10-01 22:39:15,781 - ❌ Socket error: [WinError 10061] No connection could be made because the target machine actively refused it
2025-10-01 22:39:15,951 - [WinError 2] The system cannot find the file specified
2025-10-01 22:39:20,959 - [WinError 2] The system cannot find the file specified
2025-10-01 22:39:25,283 - 🔄 No pong in 30s. Retry 3/3
2025-10-01 22:39:25,286 - ❌ Connection lost.
2025-10-01 22:39:25,963 - [WinError 2] The system cannot find the file specified
2025-10-01 22:39:28,743 - ❌ Socket error: [WinError 10061] No connection could be made because the target machine actively refused it
2025-10-01 22:39:30,764 - ❌ Socket error: [WinError 10061] No connection could be made because the target machine actively refused it
2025-10-01 22:39:30,974 - [WinError 2] The system cannot find the file specified
2025-10-01 22:39:35,309 - 🔄 No pong in 30s. Retry 1/3
2025-10-01 22:39:35,962 - [WinError 2] The system cannot find the file specified
2025-10-01 22:39:40,963 - [WinError 2] The system cannot find the file specified
2025-10-01 22:39:43,784 - ❌ Socket error: [WinError 10061] No connection could be made because the target machine actively refused it
2025-10-01 22:39:45,322 - 🔄 No pong in 30s. Retry 2/3
2025-10-01 22:39:45,837 - ❌ Socket error: [WinError 10061] No connection could be made because the target machine actively refused it
2025-10-01 22:39:45,961 - [WinError 2] The system cannot find the file specified
2025-10-01 22:39:50,956 - [WinError 2] The system cannot find the file specified
2025-10-01 22:39:55,324 - 🔄 No pong in 30s. Retry 3/3
2025-10-01 22:39:55,324 - ❌ Connection lost.
2025-10-01 22:39:55,967 - [WinError 2] The system cannot find the file specified
2025-10-01 22:39:58,752 - ❌ Socket error: [WinError 10061] No connection could be made because the target machine actively refused it
2025-10-01 22:40:00,781 - ❌ Socket error: [WinError 10061] No connection could be made because the target machine actively refused it
2025-10-01 22:40:00,976 - [WinError 2] The system cannot find the file specified
2025-10-01 22:40:05,325 - 🔄 No pong in 30s. Retry 1/3
2025-10-01 22:40:05,972 - [WinError 2] The system cannot find the file specified
2025-10-01 22:40:10,973 - [WinError 2] The system cannot find the file specified
2025-10-01 22:40:13,760 - ❌ Socket error: [WinError 10061] No connection could be made because the target machine actively refused it
2025-10-01 22:40:15,327 - 🔄 No pong in 30s. Retry 2/3
2025-10-01 22:40:15,802 - ❌ Socket error: [WinError 10061] No connection could be made because the target machine actively refused it
2025-10-01 22:40:15,977 - [WinError 2] The system cannot find the file specified
2025-10-01 22:40:20,983 - [WinError 2] The system cannot find the file specified
2025-10-01 22:40:25,329 - 🔄 No pong in 30s. Retry 3/3
2025-10-01 22:40:25,331 - ❌ Connection lost.
2025-10-01 22:40:25,977 - [WinError 2] The system cannot find the file specified
2025-10-01 22:40:28,755 - ❌ Socket error: [WinError 10061] No connection could be made because the target machine actively refused it
2025-10-01 22:40:30,800 - ❌ Socket error: [WinError 10061] No connection could be made because the target machine actively refused it
2025-10-01 22:40:30,984 - [WinError 2] The system cannot find the file specified
2025-10-01 22:40:35,333 - 🔄 No pong in 30s. Retry 1/3
2025-10-01 22:40:35,967 - [WinError 2] The system cannot find the file specified
2025-10-01 22:40:40,991 - [WinError 2] The system cannot find the file specified
2025-10-01 22:40:43,759 - ❌ Socket error: [WinError 10061] No connection could be made because the target machine actively refused it
2025-10-01 22:40:45,338 - 🔄 No pong in 30s. Retry 2/3
2025-10-01 22:40:45,814 - ❌ Socket error: [WinError 10061] No connection could be made because the target machine actively refused it
2025-10-01 22:40:46,107 - [WinError 2] The system cannot find the file specified
2025-10-01 22:40:50,971 - [WinError 2] The system cannot find the file specified
2025-10-01 22:40:55,341 - 🔄 No pong in 30s. Retry 3/3
2025-10-01 22:40:55,342 - ❌ Connection lost.
2025-10-01 22:40:55,974 - [WinError 2] The system cannot find the file specified
2025-10-01 22:40:58,784 - ❌ Socket error: [WinError 10061] No connection could be made because the target machine actively refused it
2025-10-01 22:41:00,812 - ❌ Socket error: [WinError 10061] No connection could be made because the target machine actively refused it
2025-10-01 22:41:00,979 - [WinError 2] The system cannot find the file specified
2025-10-01 22:41:05,345 - 🔄 No pong in 30s. Retry 1/3
2025-10-01 22:41:05,970 - [WinError 2] The system cannot find the file specified
2025-10-01 22:41:10,969 - [WinError 2] The system cannot find the file specified
2025-10-01 22:41:13,776 - ❌ Socket error: [WinError 10061] No connection could be made because the target machine actively refused it
2025-10-01 22:41:15,349 - 🔄 No pong in 30s. Retry 2/3
2025-10-01 22:41:15,825 - ❌ Socket error: [WinError 10061] No connection could be made because the target machine actively refused it
2025-10-01 22:41:15,971 - [WinError 2] The system cannot find the file specified
2025-10-01 22:41:20,971 - [WinError 2] The system cannot find the file specified
2025-10-01 22:41:25,351 - 🔄 No pong in 30s. Retry 3/3
2025-10-01 22:41:25,354 - ❌ Connection lost.
2025-10-01 22:41:25,979 - [WinError 2] The system cannot find the file specified
2025-10-01 22:41:28,804 - ❌ Socket error: [WinError 10061] No connection could be made because the target machine actively refused it
2025-10-01 22:41:30,842 - ❌ Socket error: [WinError 10061] No connection could be made because the target machine actively refused it
2025-10-01 22:41:30,981 - [WinError 2] The system cannot find the file specified
2025-10-01 22:41:35,357 - 🔄 No pong in 30s. Retry 1/3
2025-10-01 22:41:35,977 - [WinError 2] The system cannot find the file specified
2025-10-01 22:41:40,982 - [WinError 2] The system cannot find the file specified
2025-10-01 22:41:43,799 - ❌ Socket error: [WinError 10061] No connection could be made because the target machine actively refused it
2025-10-01 22:41:45,360 - 🔄 No pong in 30s. Retry 2/3
2025-10-01 22:41:45,835 - ❌ Socket error: [WinError 10061] No connection could be made because the target machine actively refused it
2025-10-01 22:41:45,997 - [WinError 2] The system cannot find the file specified
2025-10-01 22:41:51,014 - [WinError 2] The system cannot find the file specified
2025-10-01 22:41:55,361 - 🔄 No pong in 30s. Retry 3/3
2025-10-01 22:41:55,363 - ❌ Connection lost.
2025-10-01 22:41:56,004 - [WinError 2] The system cannot find the file specified
2025-10-01 22:41:58,793 - ❌ Socket error: [WinError 10061] No connection could be made because the target machine actively refused it
2025-10-01 22:42:00,827 - ❌ Socket error: [WinError 10061] No connection could be made because the target machine actively refused it
2025-10-01 22:42:01,023 - [WinError 2] The system cannot find the file specified
2025-10-01 22:42:05,364 - 🔄 No pong in 30s. Retry 1/3
2025-10-01 22:42:06,019 - [WinError 2] The system cannot find the file specified
2025-10-01 22:42:11,024 - [WinError 2] The system cannot find the file specified
2025-10-01 22:42:13,811 - ❌ Socket error: [WinError 10061] No connection could be made because the target machine actively refused it
2025-10-01 22:42:15,366 - 🔄 No pong in 30s. Retry 2/3
2025-10-01 22:42:15,853 - ❌ Socket error: [WinError 10061] No connection could be made because the target machine actively refused it
2025-10-01 22:42:16,024 - [WinError 2] The system cannot find the file specified
2025-10-01 22:42:21,028 - [WinError 2] The system cannot find the file specified
2025-10-01 22:42:25,368 - 🔄 No pong in 30s. Retry 3/3
2025-10-01 22:42:25,371 - ❌ Connection lost.
2025-10-01 22:42:26,021 - [WinError 2] The system cannot find the file specified
2025-10-01 22:42:28,806 - ❌ Socket error: [WinError 10061] No connection could be made because the target machine actively refused it
2025-10-01 22:42:30,853 - ❌ Socket error: [WinError 10061] No connection could be made because the target machine actively refused it
2025-10-01 22:42:31,023 - [WinError 2] The system cannot find the file specified
2025-10-01 22:42:35,374 - 🔄 No pong in 30s. Retry 1/3
2025-10-01 22:42:36,032 - [WinError 2] The system cannot find the file specified
2025-10-01 22:42:41,035 - [WinError 2] The system cannot find the file specified
2025-10-01 22:42:43,796 - ❌ Socket error: [WinError 10061] No connection could be made because the target machine actively refused it
2025-10-01 22:42:45,378 - 🔄 No pong in 30s. Retry 2/3
2025-10-01 22:42:45,840 - ❌ Socket error: [WinError 10061] No connection could be made because the target machine actively refused it
2025-10-01 22:42:46,041 - [WinError 2] The system cannot find the file specified
2025-10-01 22:42:51,056 - [WinError 2] The system cannot find the file specified
2025-10-01 22:42:55,379 - 🔄 No pong in 30s. Retry 3/3
2025-10-01 22:42:55,382 - ❌ Connection lost.
2025-10-01 22:42:56,062 - [WinError 2] The system cannot find the file specified
2025-10-01 22:42:58,793 - ❌ Socket error: [WinError 10061] No connection could be made because the target machine actively refused it
2025-10-01 22:43:00,820 - ❌ Socket error: [WinError 10061] No connection could be made because the target machine actively refused it
2025-10-01 22:43:01,056 - [WinError 2] The system cannot find the file specified
2025-10-01 22:43:05,384 - 🔄 No pong in 30s. Retry 1/3
2025-10-01 22:43:06,047 - [WinError 2] The system cannot find the file specified
2025-10-01 22:43:11,063 - [WinError 2] The system cannot find the file specified
2025-10-01 22:43:13,827 - ❌ Socket error: [WinError 10061] No connection could be made because the target machine actively refused it
2025-10-01 22:43:15,385 - 🔄 No pong in 30s. Retry 2/3
2025-10-01 22:43:15,853 - ❌ Socket error: [WinError 10061] No connection could be made because the target machine actively refused it
2025-10-01 22:43:16,060 - [WinError 2] The system cannot find the file specified
2025-10-01 22:43:21,077 - [WinError 2] The system cannot find the file specified
2025-10-01 22:43:25,386 - 🔄 No pong in 30s. Retry 3/3
2025-10-01 22:43:25,388 - ❌ Connection lost.
2025-10-01 22:43:26,080 - [WinError 2] The system cannot find the file specified
2025-10-01 22:43:28,787 - ❌ Socket error: [WinError 10061] No connection could be made because the target machine actively refused it
2025-10-01 22:43:30,813 - ❌ Socket error: [WinError 10061] No connection could be made because the target machine actively refused it
2025-10-01 22:43:31,076 - [WinError 2] The system cannot find the file specified
2025-10-01 22:43:35,393 - 🔄 No pong in 30s. Retry 1/3
2025-10-01 22:43:36,072 - [WinError 2] The system cannot find the file specified
2025-10-01 22:43:41,074 - [WinError 2] The system cannot find the file specified
2025-10-01 22:43:43,799 - ❌ Socket error: [WinError 10061] No connection could be made because the target machine actively refused it
2025-10-01 22:43:45,395 - 🔄 No pong in 30s. Retry 2/3
2025-10-01 22:43:45,813 - ❌ Socket error: [WinError 10061] No connection could be made because the target machine actively refused it
2025-10-01 22:43:46,058 - [WinError 2] The system cannot find the file specified
2025-10-01 22:43:51,071 - [WinError 2] The system cannot find the file specified
2025-10-01 22:43:55,396 - 🔄 No pong in 30s. Retry 3/3
2025-10-01 22:43:55,399 - ❌ Connection lost.
2025-10-01 22:43:56,073 - [WinError 2] The system cannot find the file specified
2025-10-01 22:43:58,786 - ❌ Socket error: [WinError 10061] No connection could be made because the target machine actively refused it
2025-10-01 22:44:00,818 - ❌ Socket error: [WinError 10061] No connection could be made because the target machine actively refused it
2025-10-01 22:44:01,084 - [WinError 2] The system cannot find the file specified
2025-10-01 22:44:05,537 - 🔄 No pong in 30s. Retry 1/3
2025-10-01 22:44:06,084 - [WinError 2] The system cannot find the file specified
2025-10-01 22:44:11,082 - [WinError 2] The system cannot find the file specified
2025-10-01 22:44:13,801 - ❌ Socket error: [WinError 10061] No connection could be made because the target machine actively refused it
2025-10-01 22:44:15,539 - 🔄 No pong in 30s. Retry 2/3
2025-10-01 22:44:15,837 - ❌ Socket error: [WinError 10061] No connection could be made because the target machine actively refused it
2025-10-01 22:44:16,082 - [WinError 2] The system cannot find the file specified
2025-10-01 22:44:21,076 - [WinError 2] The system cannot find the file specified
2025-10-01 22:44:25,541 - 🔄 No pong in 30s. Retry 3/3
2025-10-01 22:44:25,543 - ❌ Connection lost.
2025-10-01 22:44:26,088 - [WinError 2] The system cannot find the file specified
2025-10-01 22:44:28,834 - ❌ Socket error: [WinError 10061] No connection could be made because the target machine actively refused it
2025-10-01 22:44:30,860 - ❌ Socket error: [WinError 10061] No connection could be made because the target machine actively refused it
2025-10-01 22:44:31,090 - [WinError 2] The system cannot find the file specified
2025-10-01 22:44:35,564 - 🔄 No pong in 30s. Retry 1/3
2025-10-01 22:44:36,072 - [WinError 2] The system cannot find the file specified
2025-10-01 22:44:41,072 - [WinError 2] The system cannot find the file specified
2025-10-01 22:44:43,839 - ❌ Socket error: [WinError 10061] No connection could be made because the target machine actively refused it
2025-10-01 22:44:45,870 - 🔄 No pong in 30s. Retry 2/3
2025-10-01 22:44:45,876 - ❌ Socket error: [WinError 10061] No connection could be made because the target machine actively refused it
2025-10-01 22:44:46,103 - [WinError 2] The system cannot find the file specified
2025-10-01 22:44:51,079 - [WinError 2] The system cannot find the file specified
2025-10-01 22:44:55,873 - 🔄 No pong in 30s. Retry 3/3
2025-10-01 22:44:55,874 - ❌ Connection lost.
2025-10-01 22:44:56,077 - [WinError 2] The system cannot find the file specified
2025-10-01 22:44:58,828 - ❌ Socket error: [WinError 10061] No connection could be made because the target machine actively refused it
2025-10-01 22:45:00,899 - ❌ Socket error: [WinError 10061] No connection could be made because the target machine actively refused it
2025-10-01 22:45:01,097 - [WinError 2] The system cannot find the file specified
2025-10-01 22:45:05,875 - 🔄 No pong in 30s. Retry 1/3
2025-10-01 22:45:06,097 - [WinError 2] The system cannot find the file specified
2025-10-01 22:45:11,108 - [WinError 2] The system cannot find the file specified
2025-10-01 22:45:14,166 - ❌ Socket error: [WinError 10061] No connection could be made because the target machine actively refused it
2025-10-01 22:45:15,876 - 🔄 No pong in 30s. Retry 2/3
2025-10-01 22:45:16,215 - ❌ Socket error: [WinError 10061] No connection could be made because the target machine actively refused it
2025-10-01 22:45:16,222 - [WinError 2] The system cannot find the file specified
2025-10-01 22:45:21,103 - [WinError 2] The system cannot find the file specified
2025-10-01 22:45:25,877 - 🔄 No pong in 30s. Retry 3/3
2025-10-01 22:45:25,879 - ❌ Connection lost.
2025-10-01 22:45:26,107 - [WinError 2] The system cannot find the file specified
2025-10-01 22:45:28,828 - ❌ Socket error: [WinError 10061] No connection could be made because the target machine actively refused it
2025-10-01 22:45:30,851 - ❌ Socket error: [WinError 10061] No connection could be made because the target machine actively refused it
2025-10-01 22:45:31,108 - [WinError 2] The system cannot find the file specified
2025-10-01 22:45:35,880 - 🔄 No pong in 30s. Retry 1/3
2025-10-01 22:45:36,110 - [WinError 2] The system cannot find the file specified
2025-10-01 22:45:41,098 - [WinError 2] The system cannot find the file specified
2025-10-01 22:45:43,867 - ❌ Socket error: [WinError 10061] No connection could be made because the target machine actively refused it
2025-10-01 22:45:45,883 - 🔄 No pong in 30s. Retry 2/3
2025-10-01 22:45:45,902 - ❌ Socket error: [WinError 10061] No connection could be made because the target machine actively refused it
2025-10-01 22:45:46,097 - [WinError 2] The system cannot find the file specified
2025-10-01 22:45:51,094 - [WinError 2] The system cannot find the file specified
2025-10-01 22:45:55,885 - 🔄 No pong in 30s. Retry 3/3
2025-10-01 22:45:55,887 - ❌ Connection lost.
2025-10-01 22:45:56,112 - [WinError 2] The system cannot find the file specified
2025-10-01 22:45:58,880 - ❌ Socket error: [WinError 10061] No connection could be made because the target machine actively refused it
2025-10-01 22:46:00,923 - ❌ Socket error: [WinError 10061] No connection could be made because the target machine actively refused it
2025-10-01 22:46:01,118 - [WinError 2] The system cannot find the file specified
2025-10-01 22:46:05,889 - 🔄 No pong in 30s. Retry 1/3
2025-10-01 22:46:06,098 - [WinError 2] The system cannot find the file specified
2025-10-01 22:46:11,103 - [WinError 2] The system cannot find the file specified
2025-10-01 22:46:13,885 - ❌ Socket error: [WinError 10061] No connection could be made because the target machine actively refused it
2025-10-01 22:46:15,892 - 🔄 No pong in 30s. Retry 2/3
2025-10-01 22:46:15,920 - ❌ Socket error: [WinError 10061] No connection could be made because the target machine actively refused it
2025-10-01 22:46:16,108 - [WinError 2] The system cannot find the file specified
2025-10-01 22:46:21,102 - [WinError 2] The system cannot find the file specified
2025-10-01 22:46:25,894 - 🔄 No pong in 30s. Retry 3/3
2025-10-01 22:46:25,895 - ❌ Connection lost.
2025-10-01 22:46:26,145 - [WinError 2] The system cannot find the file specified
2025-10-01 22:46:28,846 - ❌ Socket error: [WinError 10061] No connection could be made because the target machine actively refused it
2025-10-01 22:46:30,876 - ❌ Socket error: [WinError 10061] No connection could be made because the target machine actively refused it
2025-10-01 22:46:31,094 - [WinError 2] The system cannot find the file specified
2025-10-01 22:46:35,896 - 🔄 No pong in 30s. Retry 1/3
2025-10-01 22:46:36,096 - [WinError 2] The system cannot find the file specified
2025-10-01 22:46:41,098 - [WinError 2] The system cannot find the file specified
2025-10-01 22:46:43,874 - ❌ Socket error: [WinError 10061] No connection could be made because the target machine actively refused it
2025-10-01 22:46:45,897 - 🔄 No pong in 30s. Retry 2/3
2025-10-01 22:46:45,898 - ❌ Socket error: [WinError 10061] No connection could be made because the target machine actively refused it
2025-10-01 22:46:46,103 - [WinError 2] The system cannot find the file specified
2025-10-01 22:46:51,104 - [WinError 2] The system cannot find the file specified
2025-10-01 22:46:55,898 - 🔄 No pong in 30s. Retry 3/3
2025-10-01 22:46:55,900 - ❌ Connection lost.
2025-10-01 22:46:56,093 - [WinError 2] The system cannot find the file specified
2025-10-01 22:46:58,894 - ❌ Socket error: [WinError 10061] No connection could be made because the target machine actively refused it
2025-10-01 22:47:00,935 - ❌ Socket error: [WinError 10061] No connection could be made because the target machine actively refused it
2025-10-01 22:47:01,102 - [WinError 2] The system cannot find the file specified
2025-10-01 22:47:05,901 - 🔄 No pong in 30s. Retry 1/3
2025-10-01 22:47:06,099 - [WinError 2] The system cannot find the file specified
2025-10-01 22:47:11,119 - [WinError 2] The system cannot find the file specified
2025-10-01 22:47:13,878 - ❌ Socket error: [WinError 10061] No connection could be made because the target machine actively refused it
2025-10-01 22:47:15,918 - 🔄 No pong in 30s. Retry 2/3
2025-10-01 22:47:16,081 - ❌ Socket error: [WinError 10061] No connection could be made because the target machine actively refused it
2025-10-01 22:47:16,182 - [WinError 2] The system cannot find the file specified
2025-10-01 22:47:21,103 - [WinError 2] The system cannot find the file specified
2025-10-01 22:47:25,921 - 🔄 No pong in 30s. Retry 3/3
2025-10-01 22:47:25,922 - ❌ Connection lost.
2025-10-01 22:47:26,109 - [WinError 2] The system cannot find the file specified
2025-10-01 22:47:28,875 - ❌ Socket error: [WinError 10061] No connection could be made because the target machine actively refused it
2025-10-01 22:47:30,962 - ❌ Socket error: [WinError 10061] No connection could be made because the target machine actively refused it
2025-10-01 22:47:31,100 - [WinError 2] The system cannot find the file specified
2025-10-01 22:47:35,926 - 🔄 No pong in 30s. Retry 1/3
2025-10-01 22:47:36,108 - [WinError 2] The system cannot find the file specified
2025-10-01 22:47:41,098 - [WinError 2] The system cannot find the file specified
2025-10-01 22:47:43,867 - ❌ Socket error: [WinError 10061] No connection could be made because the target machine actively refused it
2025-10-01 22:47:45,912 - ❌ Socket error: [WinError 10061] No connection could be made because the target machine actively refused it
2025-10-01 22:47:45,928 - 🔄 No pong in 30s. Retry 2/3
2025-10-01 22:47:46,110 - [WinError 2] The system cannot find the file specified
2025-10-01 22:47:51,104 - [WinError 2] The system cannot find the file specified
2025-10-01 22:47:55,929 - 🔄 No pong in 30s. Retry 3/3
2025-10-01 22:47:55,932 - ❌ Connection lost.
2025-10-01 22:47:56,095 - [WinError 2] The system cannot find the file specified
2025-10-01 22:47:58,874 - ❌ Socket error: [WinError 10061] No connection could be made because the target machine actively refused it
2025-10-01 22:48:00,904 - ❌ Socket error: [WinError 10061] No connection could be made because the target machine actively refused it
2025-10-01 22:48:01,108 - [WinError 2] The system cannot find the file specified
2025-10-01 22:48:05,934 - 🔄 No pong in 30s. Retry 1/3
2025-10-01 22:48:06,100 - [WinError 2] The system cannot find the file specified
2025-10-01 22:48:11,107 - [WinError 2] The system cannot find the file specified
2025-10-01 22:48:13,887 - ❌ Socket error: [WinError 10061] No connection could be made because the target machine actively refused it
2025-10-01 22:48:15,955 - ❌ Socket error: [WinError 10061] No connection could be made because the target machine actively refused it
2025-10-01 22:48:15,969 - 🔄 No pong in 30s. Retry 2/3
2025-10-01 22:48:16,107 - [WinError 2] The system cannot find the file specified
2025-10-01 22:48:21,103 - [WinError 2] The system cannot find the file specified
2025-10-01 22:48:25,971 - 🔄 No pong in 30s. Retry 3/3
2025-10-01 22:48:25,971 - ❌ Connection lost.
2025-10-01 22:48:26,100 - [WinError 2] The system cannot find the file specified
2025-10-01 22:48:29,004 - ❌ Socket error: [WinError 10061] No connection could be made because the target machine actively refused it
2025-10-01 22:48:31,039 - ❌ Socket error: [WinError 10061] No connection could be made because the target machine actively refused it
2025-10-01 22:48:31,088 - [WinError 2] The system cannot find the file specified
2025-10-01 22:48:35,978 - 🔄 No pong in 30s. Retry 1/3
2025-10-01 22:48:36,212 - [WinError 2] The system cannot find the file specified
2025-10-01 22:48:41,101 - [WinError 2] The system cannot find the file specified
2025-10-01 22:48:43,909 - ❌ Socket error: [WinError 10061] No connection could be made because the target machine actively refused it
2025-10-01 22:48:45,950 - ❌ Socket error: [WinError 10061] No connection could be made because the target machine actively refused it
2025-10-01 22:48:45,979 - 🔄 No pong in 30s. Retry 2/3
2025-10-01 22:48:46,108 - [WinError 2] The system cannot find the file specified
2025-10-01 22:48:51,121 - [WinError 2] The system cannot find the file specified
2025-10-01 22:48:55,997 - 🔄 No pong in 30s. Retry 3/3
2025-10-01 22:48:56,011 - ❌ Connection lost.
2025-10-01 22:48:56,118 - [WinError 2] The system cannot find the file specified
2025-10-01 22:48:58,904 - ❌ Socket error: [WinError 10061] No connection could be made because the target machine actively refused it
2025-10-01 22:49:00,935 - ❌ Socket error: [WinError 10061] No connection could be made because the target machine actively refused it
2025-10-01 22:49:01,112 - [WinError 2] The system cannot find the file specified
2025-10-01 22:49:06,021 - 🔄 No pong in 30s. Retry 1/3
2025-10-01 22:49:06,114 - [WinError 2] The system cannot find the file specified
2025-10-01 22:49:11,123 - [WinError 2] The system cannot find the file specified
2025-10-01 22:49:13,928 - ❌ Socket error: [WinError 10061] No connection could be made because the target machine actively refused it
2025-10-01 22:49:15,965 - ❌ Socket error: [WinError 10061] No connection could be made because the target machine actively refused it
2025-10-01 22:49:16,079 - 🔄 No pong in 30s. Retry 2/3
2025-10-01 22:49:16,127 - [WinError 2] The system cannot find the file specified
2025-10-01 22:49:21,232 - [WinError 2] The system cannot find the file specified
2025-10-01 22:49:26,098 - 🔄 No pong in 30s. Retry 3/3
2025-10-01 22:49:26,101 - ❌ Connection lost.
2025-10-01 22:49:26,143 - [WinError 2] The system cannot find the file specified
2025-10-01 22:49:28,928 - ❌ Socket error: [WinError 10061] No connection could be made because the target machine actively refused it
2025-10-01 22:49:30,968 - ❌ Socket error: [WinError 10061] No connection could be made because the target machine actively refused it
2025-10-01 22:49:31,142 - [WinError 2] The system cannot find the file specified
2025-10-01 22:49:36,104 - 🔄 No pong in 30s. Retry 1/3
2025-10-01 22:49:36,150 - [WinError 2] The system cannot find the file specified
2025-10-01 22:49:41,150 - [WinError 2] The system cannot find the file specified
2025-10-01 22:49:43,930 - ❌ Socket error: [WinError 10061] No connection could be made because the target machine actively refused it
2025-10-01 22:49:45,965 - ❌ Socket error: [WinError 10061] No connection could be made because the target machine actively refused it
2025-10-01 22:49:46,107 - 🔄 No pong in 30s. Retry 2/3
2025-10-01 22:49:46,146 - [WinError 2] The system cannot find the file specified
2025-10-01 22:49:51,147 - [WinError 2] The system cannot find the file specified
2025-10-01 22:49:56,110 - 🔄 No pong in 30s. Retry 3/3
2025-10-01 22:49:56,111 - ❌ Connection lost.
2025-10-01 22:49:56,147 - [WinError 2] The system cannot find the file specified
2025-10-01 22:49:58,976 - ❌ Socket error: [WinError 10061] No connection could be made because the target machine actively refused it
2025-10-01 22:50:01,018 - ❌ Socket error: [WinError 10061] No connection could be made because the target machine actively refused it
2025-10-01 22:50:01,140 - [WinError 2] The system cannot find the file specified
2025-10-01 22:50:06,112 - 🔄 No pong in 30s. Retry 1/3
2025-10-01 22:50:06,153 - [WinError 2] The system cannot find the file specified
2025-10-01 22:50:11,149 - [WinError 2] The system cannot find the file specified
2025-10-01 22:50:13,921 - ❌ Socket error: [WinError 10061] No connection could be made because the target machine actively refused it
2025-10-01 22:50:16,028 - ❌ Socket error: [WinError 10061] No connection could be made because the target machine actively refused it
2025-10-01 22:50:16,116 - 🔄 No pong in 30s. Retry 2/3
2025-10-01 22:50:16,137 - [WinError 2] The system cannot find the file specified
2025-10-01 22:50:21,145 - [WinError 2] The system cannot find the file specified
2025-10-01 22:50:26,117 - 🔄 No pong in 30s. Retry 3/3
2025-10-01 22:50:26,119 - ❌ Connection lost.
2025-10-01 22:50:26,147 - [WinError 2] The system cannot find the file specified
2025-10-01 22:50:28,915 - ❌ Socket error: [WinError 10061] No connection could be made because the target machine actively refused it
2025-10-01 22:50:30,949 - ❌ Socket error: [WinError 10061] No connection could be made because the target machine actively refused it
2025-10-01 22:50:31,150 - [WinError 2] The system cannot find the file specified
2025-10-01 22:50:36,121 - 🔄 No pong in 30s. Retry 1/3
2025-10-01 22:50:36,140 - [WinError 2] The system cannot find the file specified
2025-10-01 22:50:41,150 - [WinError 2] The system cannot find the file specified
2025-10-01 22:50:43,922 - ❌ Socket error: [WinError 10061] No connection could be made because the target machine actively refused it
2025-10-01 22:50:45,962 - ❌ Socket error: [WinError 10061] No connection could be made because the target machine actively refused it
2025-10-01 22:50:46,122 - 🔄 No pong in 30s. Retry 2/3
2025-10-01 22:50:46,145 - [WinError 2] The system cannot find the file specified
2025-10-01 22:50:51,140 - [WinError 2] The system cannot find the file specified
2025-10-01 22:50:56,125 - 🔄 No pong in 30s. Retry 3/3
2025-10-01 22:50:56,126 - ❌ Connection lost.
2025-10-01 22:50:56,138 - [WinError 2] The system cannot find the file specified
2025-10-01 22:50:58,926 - ❌ Socket error: [WinError 10061] No connection could be made because the target machine actively refused it
2025-10-01 22:51:00,960 - ❌ Socket error: [WinError 10061] No connection could be made because the target machine actively refused it
2025-10-01 22:51:01,137 - [WinError 2] The system cannot find the file specified
2025-10-01 22:51:06,127 - 🔄 No pong in 30s. Retry 1/3
2025-10-01 22:51:06,146 - [WinError 2] The system cannot find the file specified
2025-10-01 22:51:11,145 - [WinError 2] The system cannot find the file specified
2025-10-01 22:51:13,915 - ❌ Socket error: [WinError 10061] No connection could be made because the target machine actively refused it
2025-10-01 22:51:15,959 - ❌ Socket error: [WinError 10061] No connection could be made because the target machine actively refused it
2025-10-01 22:51:16,129 - 🔄 No pong in 30s. Retry 2/3
2025-10-01 22:51:16,148 - [WinError 2] The system cannot find the file specified
2025-10-01 22:51:21,147 - [WinError 2] The system cannot find the file specified
2025-10-01 22:51:26,131 - 🔄 No pong in 30s. Retry 3/3
2025-10-01 22:51:26,131 - ❌ Connection lost.
2025-10-01 22:51:26,140 - [WinError 2] The system cannot find the file specified
2025-10-01 22:51:28,973 - ❌ Socket error: [WinError 10061] No connection could be made because the target machine actively refused it
2025-10-01 22:51:30,992 - ❌ Socket error: [WinError 10061] No connection could be made because the target machine actively refused it
2025-10-01 22:51:31,139 - [WinError 2] The system cannot find the file specified
2025-10-01 22:51:36,133 - 🔄 No pong in 30s. Retry 1/3
2025-10-01 22:51:36,143 - [WinError 2] The system cannot find the file specified
2025-10-01 22:51:41,142 - [WinError 2] The system cannot find the file specified
2025-10-01 22:51:43,927 - ❌ Socket error: [WinError 10061] No connection could be made because the target machine actively refused it
2025-10-01 22:51:45,965 - ❌ Socket error: [WinError 10061] No connection could be made because the target machine actively refused it
2025-10-01 22:51:46,136 - 🔄 No pong in 30s. Retry 2/3
2025-10-01 22:51:46,148 - [WinError 2] The system cannot find the file specified
2025-10-01 22:51:51,143 - [WinError 2] The system cannot find the file specified
2025-10-01 22:51:56,140 - 🔄 No pong in 30s. Retry 3/3
2025-10-01 22:51:56,142 - ❌ Connection lost.
2025-10-01 22:51:56,147 - [WinError 2] The system cannot find the file specified
2025-10-01 22:51:58,928 - ❌ Socket error: [WinError 10061] No connection could be made because the target machine actively refused it
2025-10-01 22:52:00,969 - ❌ Socket error: [WinError 10061] No connection could be made because the target machine actively refused it
2025-10-01 22:52:01,142 - [WinError 2] The system cannot find the file specified
2025-10-01 22:52:06,145 - 🔄 No pong in 30s. Retry 1/3
2025-10-01 22:52:06,159 - [WinError 2] The system cannot find the file specified
2025-10-01 22:52:11,170 - [WinError 2] The system cannot find the file specified
2025-10-01 22:52:13,939 - ❌ Socket error: [WinError 10061] No connection could be made because the target machine actively refused it
2025-10-01 22:52:15,963 - ❌ Socket error: [WinError 10061] No connection could be made because the target machine actively refused it
2025-10-01 22:52:16,182 - 🔄 No pong in 30s. Retry 2/3
2025-10-01 22:52:16,187 - [WinError 2] The system cannot find the file specified
2025-10-01 22:52:21,203 - [WinError 2] The system cannot find the file specified
2025-10-01 22:52:26,184 - 🔄 No pong in 30s. Retry 3/3
2025-10-01 22:52:26,185 - ❌ Connection lost.
2025-10-01 22:52:26,261 - [WinError 2] The system cannot find the file specified
2025-10-01 22:52:28,920 - ❌ Socket error: [WinError 10061] No connection could be made because the target machine actively refused it
2025-10-01 22:52:30,963 - ❌ Socket error: [WinError 10061] No connection could be made because the target machine actively refused it
2025-10-01 22:52:31,190 - [WinError 2] The system cannot find the file specified
2025-10-01 22:52:36,186 - 🔄 No pong in 30s. Retry 1/3
2025-10-01 22:52:36,198 - [WinError 2] The system cannot find the file specified
2025-10-01 22:52:41,191 - [WinError 2] The system cannot find the file specified
2025-10-01 22:52:43,928 - ❌ Socket error: [WinError 10061] No connection could be made because the target machine actively refused it
2025-10-01 22:52:45,955 - ❌ Socket error: [WinError 10061] No connection could be made because the target machine actively refused it
2025-10-01 22:52:46,189 - 🔄 No pong in 30s. Retry 2/3
2025-10-01 22:52:46,200 - [WinError 2] The system cannot find the file specified
2025-10-01 22:52:51,186 - [WinError 2] The system cannot find the file specified
2025-10-01 22:52:56,192 - 🔄 No pong in 30s. Retry 3/3
2025-10-01 22:52:56,193 - [WinError 2] The system cannot find the file specified
2025-10-01 22:52:56,196 - ❌ Connection lost.
2025-10-01 22:52:58,936 - ❌ Socket error: [WinError 10061] No connection could be made because the target machine actively refused it
2025-10-01 22:53:01,006 - ❌ Socket error: [WinError 10061] No connection could be made because the target machine actively refused it
2025-10-01 22:53:01,202 - [WinError 2] The system cannot find the file specified
2025-10-01 22:53:06,198 - 🔄 No pong in 30s. Retry 1/3
2025-10-01 22:53:06,210 - [WinError 2] The system cannot find the file specified
2025-10-01 22:53:11,203 - [WinError 2] The system cannot find the file specified
2025-10-01 22:53:13,925 - ❌ Socket error: [WinError 10061] No connection could be made because the target machine actively refused it
2025-10-01 22:53:15,954 - ❌ Socket error: [WinError 10061] No connection could be made because the target machine actively refused it
2025-10-01 22:53:16,201 - 🔄 No pong in 30s. Retry 2/3
2025-10-01 22:53:16,227 - [WinError 2] The system cannot find the file specified
2025-10-01 22:53:21,227 - [WinError 2] The system cannot find the file specified
2025-10-01 22:53:26,202 - 🔄 No pong in 30s. Retry 3/3
2025-10-01 22:53:26,205 - ❌ Connection lost.
2025-10-01 22:53:26,240 - [WinError 2] The system cannot find the file specified
2025-10-01 22:53:28,930 - ❌ Socket error: [WinError 10061] No connection could be made because the target machine actively refused it
2025-10-01 22:53:30,971 - ❌ Socket error: [WinError 10061] No connection could be made because the target machine actively refused it
2025-10-01 22:53:31,239 - [WinError 2] The system cannot find the file specified
2025-10-01 22:53:36,208 - 🔄 No pong in 30s. Retry 1/3
2025-10-01 22:53:36,258 - [WinError 2] The system cannot find the file specified
2025-10-01 22:53:41,240 - [WinError 2] The system cannot find the file specified
2025-10-01 22:53:43,958 - ❌ Socket error: [WinError 10061] No connection could be made because the target machine actively refused it
2025-10-01 22:53:46,002 - ❌ Socket error: [WinError 10061] No connection could be made because the target machine actively refused it
2025-10-01 22:53:46,212 - 🔄 No pong in 30s. Retry 2/3
2025-10-01 22:53:46,255 - [WinError 2] The system cannot find the file specified
2025-10-01 22:53:51,263 - [WinError 2] The system cannot find the file specified
2025-10-01 22:53:56,213 - 🔄 No pong in 30s. Retry 3/3
2025-10-01 22:53:56,217 - ❌ Connection lost.
2025-10-01 22:53:56,283 - [WinError 2] The system cannot find the file specified
2025-10-01 22:53:58,940 - ❌ Socket error: [WinError 10061] No connection could be made because the target machine actively refused it
2025-10-01 22:54:00,972 - ❌ Socket error: [WinError 10061] No connection could be made because the target machine actively refused it
2025-10-01 22:54:01,277 - [WinError 2] The system cannot find the file specified
2025-10-01 22:54:06,219 - 🔄 No pong in 30s. Retry 1/3
2025-10-01 22:54:06,269 - [WinError 2] The system cannot find the file specified
2025-10-01 22:54:11,285 - [WinError 2] The system cannot find the file specified
2025-10-01 22:54:13,948 - ❌ Socket error: [WinError 10061] No connection could be made because the target machine actively refused it
2025-10-01 22:54:15,990 - ❌ Socket error: [WinError 10061] No connection could be made because the target machine actively refused it
2025-10-01 22:54:16,244 - 🔄 No pong in 30s. Retry 2/3
2025-10-01 22:54:16,260 - [WinError 2] The system cannot find the file specified
2025-10-01 22:54:21,282 - [WinError 2] The system cannot find the file specified
2025-10-01 22:54:26,299 - 🔄 No pong in 30s. Retry 3/3
2025-10-01 22:54:26,310 - ❌ Connection lost.
2025-10-01 22:54:26,312 - [WinError 2] The system cannot find the file specified
2025-10-01 22:54:28,961 - ❌ Socket error: [WinError 10061] No connection could be made because the target machine actively refused it
2025-10-01 22:54:31,005 - ❌ Socket error: [WinError 10061] No connection could be made because the target machine actively refused it
2025-10-01 22:54:31,280 - [WinError 2] The system cannot find the file specified
2025-10-01 22:54:36,283 - [WinError 2] The system cannot find the file specified
2025-10-01 22:54:36,312 - 🔄 No pong in 30s. Retry 1/3
2025-10-01 22:54:41,279 - [WinError 2] The system cannot find the file specified
2025-10-01 22:54:43,962 - ❌ Socket error: [WinError 10061] No connection could be made because the target machine actively refused it
2025-10-01 22:54:46,020 - ❌ Socket error: [WinError 10061] No connection could be made because the target machine actively refused it
2025-10-01 22:54:46,275 - [WinError 2] The system cannot find the file specified
2025-10-01 22:54:46,314 - 🔄 No pong in 30s. Retry 2/3
2025-10-01 22:54:51,287 - [WinError 2] The system cannot find the file specified
2025-10-01 22:54:56,288 - [WinError 2] The system cannot find the file specified
2025-10-01 22:54:56,315 - 🔄 No pong in 30s. Retry 3/3
2025-10-01 22:54:56,317 - ❌ Connection lost.
2025-10-01 22:54:58,957 - ❌ Socket error: [WinError 10061] No connection could be made because the target machine actively refused it
2025-10-01 22:55:00,994 - ❌ Socket error: [WinError 10061] No connection could be made because the target machine actively refused it
2025-10-01 22:55:01,284 - [WinError 2] The system cannot find the file specified
2025-10-01 22:55:06,290 - [WinError 2] The system cannot find the file specified
2025-10-01 22:55:06,318 - 🔄 No pong in 30s. Retry 1/3
2025-10-01 22:55:11,293 - [WinError 2] The system cannot find the file specified
2025-10-01 22:55:13,972 - ❌ Socket error: [WinError 10061] No connection could be made because the target machine actively refused it
2025-10-01 22:55:16,030 - ❌ Socket error: [WinError 10061] No connection could be made because the target machine actively refused it
2025-10-01 22:55:16,306 - [WinError 2] The system cannot find the file specified
2025-10-01 22:55:16,320 - 🔄 No pong in 30s. Retry 2/3
2025-10-01 22:55:21,292 - [WinError 2] The system cannot find the file specified
2025-10-01 22:55:26,325 - 🔄 No pong in 30s. Retry 3/3
2025-10-01 22:55:26,328 - ❌ Connection lost.
2025-10-01 22:55:26,341 - [WinError 2] The system cannot find the file specified
2025-10-01 22:55:28,949 - ❌ Socket error: [WinError 10061] No connection could be made because the target machine actively refused it
2025-10-01 22:55:30,992 - ❌ Socket error: [WinError 10061] No connection could be made because the target machine actively refused it
2025-10-01 22:55:31,362 - [WinError 2] The system cannot find the file specified
2025-10-01 22:55:36,331 - 🔄 No pong in 30s. Retry 1/3
2025-10-01 22:55:36,357 - [WinError 2] The system cannot find the file specified
2025-10-01 22:55:41,370 - [WinError 2] The system cannot find the file specified
2025-10-01 22:55:43,945 - ❌ Socket error: [WinError 10061] No connection could be made because the target machine actively refused it
2025-10-01 22:55:45,974 - ❌ Socket error: [WinError 10061] No connection could be made because the target machine actively refused it
2025-10-01 22:55:46,333 - 🔄 No pong in 30s. Retry 2/3
2025-10-01 22:55:46,359 - [WinError 2] The system cannot find the file specified
2025-10-01 22:55:51,385 - [WinError 2] The system cannot find the file specified
2025-10-01 22:55:56,337 - 🔄 No pong in 30s. Retry 3/3
2025-10-01 22:55:56,342 - ❌ Connection lost.
2025-10-01 22:55:56,407 - [WinError 2] The system cannot find the file specified
2025-10-01 22:55:58,962 - ❌ Socket error: [WinError 10061] No connection could be made because the target machine actively refused it
2025-10-01 22:56:00,995 - ❌ Socket error: [WinError 10061] No connection could be made because the target machine actively refused it
2025-10-01 22:56:01,386 - [WinError 2] The system cannot find the file specified
2025-10-01 22:56:06,476 - [WinError 2] The system cannot find the file specified
2025-10-01 22:56:06,491 - 🔄 No pong in 30s. Retry 1/3
2025-10-01 22:56:11,402 - [WinError 2] The system cannot find the file specified
2025-10-01 22:56:13,980 - ❌ Socket error: [WinError 10061] No connection could be made because the target machine actively refused it
2025-10-01 22:56:16,008 - ❌ Socket error: [WinError 10061] No connection could be made because the target machine actively refused it
2025-10-01 22:56:16,385 - [WinError 2] The system cannot find the file specified
2025-10-01 22:56:16,508 - 🔄 No pong in 30s. Retry 2/3
2025-10-01 22:56:21,396 - [WinError 2] The system cannot find the file specified
2025-10-01 22:56:26,393 - [WinError 2] The system cannot find the file specified
2025-10-01 22:56:26,509 - 🔄 No pong in 30s. Retry 3/3
2025-10-01 22:56:26,510 - ❌ Connection lost.
2025-10-01 22:56:28,956 - ❌ Socket error: [WinError 10061] No connection could be made because the target machine actively refused it
2025-10-01 22:56:30,992 - ❌ Socket error: [WinError 10061] No connection could be made because the target machine actively refused it
2025-10-01 22:56:31,400 - [WinError 2] The system cannot find the file specified
2025-10-01 22:56:36,399 - [WinError 2] The system cannot find the file specified
2025-10-01 22:56:36,511 - 🔄 No pong in 30s. Retry 1/3
2025-10-01 22:56:41,401 - [WinError 2] The system cannot find the file specified
2025-10-01 22:56:43,962 - ❌ Socket error: [WinError 10061] No connection could be made because the target machine actively refused it
2025-10-01 22:56:46,005 - ❌ Socket error: [WinError 10061] No connection could be made because the target machine actively refused it
2025-10-01 22:56:46,392 - [WinError 2] The system cannot find the file specified
2025-10-01 22:56:46,515 - 🔄 No pong in 30s. Retry 2/3
2025-10-01 22:56:51,394 - [WinError 2] The system cannot find the file specified
2025-10-01 22:56:56,390 - [WinError 2] The system cannot find the file specified
2025-10-01 22:56:56,517 - 🔄 No pong in 30s. Retry 3/3
2025-10-01 22:56:56,519 - ❌ Connection lost.
2025-10-01 22:56:58,957 - ❌ Socket error: [WinError 10061] No connection could be made because the target machine actively refused it
2025-10-01 22:57:00,982 - ❌ Socket error: [WinError 10061] No connection could be made because the target machine actively refused it
2025-10-01 22:57:01,402 - [WinError 2] The system cannot find the file specified
2025-10-01 22:57:06,385 - [WinError 2] The system cannot find the file specified
2025-10-01 22:57:06,522 - 🔄 No pong in 30s. Retry 1/3
2025-10-01 22:57:11,396 - [WinError 2] The system cannot find the file specified
2025-10-01 22:57:13,972 - ❌ Socket error: [WinError 10061] No connection could be made because the target machine actively refused it
2025-10-01 22:57:16,022 - ❌ Socket error: [WinError 10061] No connection could be made because the target machine actively refused it
2025-10-01 22:57:16,406 - [WinError 2] The system cannot find the file specified
2025-10-01 22:57:16,525 - 🔄 No pong in 30s. Retry 2/3
2025-10-01 22:57:21,442 - [WinError 2] The system cannot find the file specified
2025-10-01 22:57:26,397 - [WinError 2] The system cannot find the file specified
2025-10-01 22:57:26,540 - 🔄 No pong in 30s. Retry 3/3
2025-10-01 22:57:26,569 - ❌ Connection lost.
2025-10-01 22:57:29,030 - ❌ Socket error: [WinError 10061] No connection could be made because the target machine actively refused it
2025-10-01 22:57:31,092 - ❌ Socket error: [WinError 10061] No connection could be made because the target machine actively refused it
2025-10-01 22:57:31,547 - [WinError 2] The system cannot find the file specified
2025-10-01 22:57:36,420 - [WinError 2] The system cannot find the file specified
2025-10-01 22:57:36,572 - 🔄 No pong in 30s. Retry 1/3
2025-10-01 22:57:41,386 - [WinError 2] The system cannot find the file specified
2025-10-01 22:57:43,968 - ❌ Socket error: [WinError 10061] No connection could be made because the target machine actively refused it
2025-10-01 22:57:46,000 - ❌ Socket error: [WinError 10061] No connection could be made because the target machine actively refused it
2025-10-01 22:57:46,397 - [WinError 2] The system cannot find the file specified
2025-10-01 22:57:46,589 - 🔄 No pong in 30s. Retry 2/3
2025-10-01 22:57:51,399 - [WinError 2] The system cannot find the file specified
2025-10-01 22:57:56,398 - [WinError 2] The system cannot find the file specified
2025-10-01 22:57:56,591 - 🔄 No pong in 30s. Retry 3/3
2025-10-01 22:57:56,592 - ❌ Connection lost.
2025-10-01 22:57:58,958 - ❌ Socket error: [WinError 10061] No connection could be made because the target machine actively refused it
2025-10-01 22:58:01,023 - ❌ Socket error: [WinError 10061] No connection could be made because the target machine actively refused it
2025-10-01 22:58:01,406 - [WinError 2] The system cannot find the file specified
2025-10-01 22:58:06,393 - [WinError 2] The system cannot find the file specified
2025-10-01 22:58:06,594 - 🔄 No pong in 30s. Retry 1/3
2025-10-01 22:58:11,411 - [WinError 2] The system cannot find the file specified
2025-10-01 22:58:13,977 - ❌ Socket error: [WinError 10061] No connection could be made because the target machine actively refused it
2025-10-01 22:58:16,014 - ❌ Socket error: [WinError 10061] No connection could be made because the target machine actively refused it
2025-10-01 22:58:16,391 - [WinError 2] The system cannot find the file specified
2025-10-01 22:58:16,597 - 🔄 No pong in 30s. Retry 2/3
2025-10-01 22:58:21,396 - [WinError 2] The system cannot find the file specified
2025-10-01 22:58:26,412 - [WinError 2] The system cannot find the file specified
2025-10-01 22:58:26,600 - 🔄 No pong in 30s. Retry 3/3
2025-10-01 22:58:26,600 - ❌ Connection lost.
2025-10-01 22:58:28,990 - ❌ Socket error: [WinError 10061] No connection could be made because the target machine actively refused it
2025-10-01 22:58:31,023 - ❌ Socket error: [WinError 10061] No connection could be made because the target machine actively refused it
2025-10-01 22:58:31,409 - [WinError 2] The system cannot find the file specified
2025-10-01 22:58:36,408 - [WinError 2] The system cannot find the file specified
2025-10-01 22:58:36,601 - 🔄 No pong in 30s. Retry 1/3
2025-10-01 22:58:41,410 - [WinError 2] The system cannot find the file specified
2025-10-01 22:58:43,958 - ❌ Socket error: [WinError 10061] No connection could be made because the target machine actively refused it
2025-10-01 22:58:45,998 - ❌ Socket error: [WinError 10061] No connection could be made because the target machine actively refused it
2025-10-01 22:58:46,412 - [WinError 2] The system cannot find the file specified
2025-10-01 22:58:46,602 - 🔄 No pong in 30s. Retry 2/3
2025-10-01 22:58:51,403 - [WinError 2] The system cannot find the file specified
2025-10-01 22:58:56,411 - [WinError 2] The system cannot find the file specified
2025-10-01 22:58:56,603 - 🔄 No pong in 30s. Retry 3/3
2025-10-01 22:58:56,605 - ❌ Connection lost.
2025-10-01 22:58:58,997 - ❌ Socket error: [WinError 10061] No connection could be made because the target machine actively refused it
2025-10-01 22:59:01,040 - ❌ Socket error: [WinError 10061] No connection could be made because the target machine actively refused it
2025-10-01 22:59:06,416 - [WinError 2] The system cannot find the file specified
2025-10-01 22:59:06,606 - 🔄 No pong in 30s. Retry 1/3
2025-10-01 22:59:19,014 - ❌ Socket error: [WinError 10061] No connection could be made because the target machine actively refused it
2025-10-01 22:59:24,080 - 🔄 No pong in 30s. Retry 1/3
2025-10-01 22:59:46,643 - ❌ Socket error: [WinError 10061] No connection could be made because the target machine actively refused it
2025-10-01 22:59:52,373 - 🔄 No pong in 30s. Retry 1/3
2025-10-01 22:59:58,479 - [WinError 2] The system cannot find the file specified
2025-10-01 23:02:39,123 - ❌ Socket error: [WinError 10061] No connection could be made because the target machine actively refused it
2025-10-01 23:02:41,170 - ❌ Socket error: [WinError 10061] No connection could be made because the target machine actively refused it
2025-10-01 23:02:45,822 - 🔄 No pong in 30s. Retry 1/3
2025-10-01 23:02:46,240 - [WinError 2] The system cannot find the file specified
2025-10-01 23:02:48,341 - ❌ Could not connect: [WinError 10061] No connection could be made because the target machine actively refused it
2025-10-01 23:02:51,248 - [WinError 2] The system cannot find the file specified
2025-10-01 23:02:54,154 - ❌ Socket error: [WinError 10061] No connection could be made because the target machine actively refused it
2025-10-01 23:02:55,823 - 🔄 No pong in 30s. Retry 2/3
2025-10-01 23:02:56,191 - ❌ Socket error: [WinError 10061] No connection could be made because the target machine actively refused it
2025-10-01 23:02:56,292 - [WinError 2] The system cannot find the file specified
2025-10-01 23:03:01,282 - [WinError 2] The system cannot find the file specified
2025-10-01 23:03:05,825 - 🔄 No pong in 30s. Retry 3/3
2025-10-01 23:03:05,826 - ❌ Connection lost.
2025-10-01 23:03:06,268 - [WinError 2] The system cannot find the file specified
2025-10-01 23:03:09,134 - ❌ Socket error: [WinError 10061] No connection could be made because the target machine actively refused it
2025-10-01 23:03:11,169 - ❌ Socket error: [WinError 10061] No connection could be made because the target machine actively refused it
2025-10-01 23:03:11,265 - [WinError 2] The system cannot find the file specified
2025-10-01 23:03:15,828 - 🔄 No pong in 30s. Retry 1/3
2025-10-01 23:03:16,278 - [WinError 2] The system cannot find the file specified
2025-10-01 23:03:21,287 - [WinError 2] The system cannot find the file specified
2025-10-01 23:03:24,145 - ❌ Socket error: [WinError 10061] No connection could be made because the target machine actively refused it
2025-10-01 23:03:25,832 - 🔄 No pong in 30s. Retry 2/3
2025-10-01 23:03:26,163 - ❌ Socket error: [WinError 10061] No connection could be made because the target machine actively refused it
2025-10-01 23:03:26,272 - [WinError 2] The system cannot find the file specified
2025-10-01 23:03:31,271 - [WinError 2] The system cannot find the file specified
2025-10-01 23:03:35,834 - 🔄 No pong in 30s. Retry 3/3
2025-10-01 23:03:35,836 - ❌ Connection lost.
2025-10-01 23:03:36,274 - [WinError 2] The system cannot find the file specified
2025-10-01 23:03:39,139 - ❌ Socket error: [WinError 10061] No connection could be made because the target machine actively refused it
2025-10-01 23:03:41,173 - ❌ Socket error: [WinError 10061] No connection could be made because the target machine actively refused it
2025-10-01 23:03:41,272 - [WinError 2] The system cannot find the file specified
2025-10-01 23:03:45,839 - 🔄 No pong in 30s. Retry 1/3
2025-10-01 23:03:46,281 - [WinError 2] The system cannot find the file specified
2025-10-01 23:03:51,264 - [WinError 2] The system cannot find the file specified
2025-10-01 23:03:54,172 - ❌ Socket error: [WinError 10061] No connection could be made because the target machine actively refused it
2025-10-01 23:03:55,841 - 🔄 No pong in 30s. Retry 2/3
2025-10-01 23:03:56,203 - ❌ Socket error: [WinError 10061] No connection could be made because the target machine actively refused it
2025-10-01 23:03:56,307 - [WinError 2] The system cannot find the file specified
2025-10-01 23:04:01,278 - [WinError 2] The system cannot find the file specified
2025-10-01 23:04:05,842 - 🔄 No pong in 30s. Retry 3/3
2025-10-01 23:04:05,843 - ❌ Connection lost.
2025-10-01 23:04:06,272 - [WinError 2] The system cannot find the file specified
2025-10-01 23:04:09,145 - ❌ Socket error: [WinError 10061] No connection could be made because the target machine actively refused it
2025-10-01 23:04:11,197 - ❌ Socket error: [WinError 10061] No connection could be made because the target machine actively refused it
2025-10-01 23:04:11,264 - [WinError 2] The system cannot find the file specified
2025-10-01 23:04:15,845 - 🔄 No pong in 30s. Retry 1/3
2025-10-01 23:04:16,276 - [WinError 2] The system cannot find the file specified
2025-10-01 23:04:21,276 - [WinError 2] The system cannot find the file specified
2025-10-01 23:04:24,156 - ❌ Socket error: [WinError 10061] No connection could be made because the target machine actively refused it
2025-10-01 23:04:25,849 - 🔄 No pong in 30s. Retry 2/3
2025-10-01 23:04:26,188 - ❌ Socket error: [WinError 10061] No connection could be made because the target machine actively refused it
2025-10-01 23:04:26,272 - [WinError 2] The system cannot find the file specified
2025-10-01 23:04:31,440 - [WinError 2] The system cannot find the file specified
2025-10-01 23:04:35,852 - 🔄 No pong in 30s. Retry 3/3
2025-10-01 23:04:35,853 - ❌ Connection lost.
2025-10-01 23:04:36,286 - [WinError 2] The system cannot find the file specified
2025-10-01 23:04:39,145 - ❌ Socket error: [WinError 10061] No connection could be made because the target machine actively refused it
2025-10-01 23:04:41,185 - ❌ Socket error: [WinError 10061] No connection could be made because the target machine actively refused it
2025-10-01 23:04:41,298 - [WinError 2] The system cannot find the file specified
2025-10-01 23:04:45,855 - 🔄 No pong in 30s. Retry 1/3
2025-10-01 23:04:46,289 - [WinError 2] The system cannot find the file specified
2025-10-01 23:04:51,286 - [WinError 2] The system cannot find the file specified
2025-10-01 23:04:54,163 - ❌ Socket error: [WinError 10061] No connection could be made because the target machine actively refused it
2025-10-01 23:04:55,858 - 🔄 No pong in 30s. Retry 2/3
2025-10-01 23:04:56,210 - ❌ Socket error: [WinError 10061] No connection could be made because the target machine actively refused it
2025-10-01 23:04:56,303 - [WinError 2] The system cannot find the file specified
2025-10-01 23:05:01,302 - [WinError 2] The system cannot find the file specified
2025-10-01 23:05:05,859 - 🔄 No pong in 30s. Retry 3/3
2025-10-01 23:05:05,861 - ❌ Connection lost.
2025-10-01 23:05:06,302 - [WinError 2] The system cannot find the file specified
2025-10-01 23:05:09,152 - ❌ Socket error: [WinError 10061] No connection could be made because the target machine actively refused it
2025-10-01 23:05:11,187 - ❌ Socket error: [WinError 10061] No connection could be made because the target machine actively refused it
2025-10-01 23:05:11,323 - [WinError 2] The system cannot find the file specified
2025-10-01 23:05:15,864 - 🔄 No pong in 30s. Retry 1/3
2025-10-01 23:05:16,319 - [WinError 2] The system cannot find the file specified
2025-10-01 23:05:21,325 - [WinError 2] The system cannot find the file specified
2025-10-01 23:05:24,158 - ❌ Socket error: [WinError 10061] No connection could be made because the target machine actively refused it
2025-10-01 23:05:25,868 - 🔄 No pong in 30s. Retry 2/3
2025-10-01 23:05:26,184 - ❌ Socket error: [WinError 10061] No connection could be made because the target machine actively refused it
2025-10-01 23:05:26,318 - [WinError 2] The system cannot find the file specified
2025-10-01 23:05:31,322 - [WinError 2] The system cannot find the file specified
2025-10-01 23:05:35,870 - 🔄 No pong in 30s. Retry 3/3
2025-10-01 23:05:35,873 - ❌ Connection lost.
2025-10-01 23:05:36,315 - [WinError 2] The system cannot find the file specified
2025-10-01 23:05:39,163 - ❌ Socket error: [WinError 10061] No connection could be made because the target machine actively refused it
2025-10-01 23:05:41,196 - ❌ Socket error: [WinError 10061] No connection could be made because the target machine actively refused it
2025-10-01 23:05:41,310 - [WinError 2] The system cannot find the file specified
2025-10-01 23:05:45,875 - 🔄 No pong in 30s. Retry 1/3
2025-10-01 23:05:46,316 - [WinError 2] The system cannot find the file specified
2025-10-01 23:05:51,315 - [WinError 2] The system cannot find the file specified
2025-10-01 23:05:54,158 - ❌ Socket error: [WinError 10061] No connection could be made because the target machine actively refused it
2025-10-01 23:05:55,877 - 🔄 No pong in 30s. Retry 2/3
2025-10-01 23:05:56,198 - ❌ Socket error: [WinError 10061] No connection could be made because the target machine actively refused it
2025-10-01 23:05:56,324 - [WinError 2] The system cannot find the file specified
2025-10-01 23:06:01,341 - [WinError 2] The system cannot find the file specified
2025-10-01 23:06:05,880 - 🔄 No pong in 30s. Retry 3/3
2025-10-01 23:06:05,884 - ❌ Connection lost.
2025-10-01 23:06:06,334 - [WinError 2] The system cannot find the file specified
2025-10-01 23:06:09,143 - ❌ Socket error: [WinError 10061] No connection could be made because the target machine actively refused it
2025-10-01 23:06:11,173 - ❌ Socket error: [WinError 10061] No connection could be made because the target machine actively refused it
2025-10-01 23:06:11,337 - [WinError 2] The system cannot find the file specified
2025-10-01 23:06:15,889 - 🔄 No pong in 30s. Retry 1/3
2025-10-01 23:06:16,353 - [WinError 2] The system cannot find the file specified
2025-10-01 23:06:21,350 - [WinError 2] The system cannot find the file specified
2025-10-01 23:06:24,173 - ❌ Socket error: [WinError 10061] No connection could be made because the target machine actively refused it
2025-10-01 23:06:25,892 - 🔄 No pong in 30s. Retry 2/3
2025-10-01 23:06:26,213 - ❌ Socket error: [WinError 10061] No connection could be made because the target machine actively refused it
2025-10-01 23:06:26,370 - [WinError 2] The system cannot find the file specified
2025-10-01 23:06:31,379 - [WinError 2] The system cannot find the file specified
2025-10-01 23:06:35,899 - 🔄 No pong in 30s. Retry 3/3
2025-10-01 23:06:35,902 - ❌ Connection lost.
2025-10-01 23:06:36,387 - [WinError 2] The system cannot find the file specified
2025-10-01 23:06:39,182 - ❌ Socket error: [WinError 10061] No connection could be made because the target machine actively refused it
2025-10-01 23:06:41,235 - ❌ Socket error: [WinError 10061] No connection could be made because the target machine actively refused it
2025-10-01 23:06:41,405 - [WinError 2] The system cannot find the file specified
2025-10-01 23:06:45,907 - 🔄 No pong in 30s. Retry 1/3
2025-10-01 23:06:46,387 - [WinError 2] The system cannot find the file specified
2025-10-01 23:06:51,397 - [WinError 2] The system cannot find the file specified
2025-10-01 23:06:54,190 - ❌ Socket error: [WinError 10061] No connection could be made because the target machine actively refused it
2025-10-01 23:06:55,910 - 🔄 No pong in 30s. Retry 2/3
2025-10-01 23:06:56,243 - ❌ Socket error: [WinError 10061] No connection could be made because the target machine actively refused it
2025-10-01 23:06:56,389 - [WinError 2] The system cannot find the file specified
2025-10-01 23:07:01,403 - [WinError 2] The system cannot find the file specified
2025-10-01 23:07:05,912 - 🔄 No pong in 30s. Retry 3/3
2025-10-01 23:07:05,915 - ❌ Connection lost.
2025-10-01 23:07:06,398 - [WinError 2] The system cannot find the file specified
2025-10-01 23:07:09,200 - ❌ Socket error: [WinError 10061] No connection could be made because the target machine actively refused it
2025-10-01 23:07:11,235 - ❌ Socket error: [WinError 10061] No connection could be made because the target machine actively refused it
2025-10-01 23:07:11,405 - [WinError 2] The system cannot find the file specified
2025-10-01 23:07:15,918 - 🔄 No pong in 30s. Retry 1/3
2025-10-01 23:07:16,398 - [WinError 2] The system cannot find the file specified
2025-10-01 23:07:21,398 - [WinError 2] The system cannot find the file specified
2025-10-01 23:07:24,206 - ❌ Socket error: [WinError 10061] No connection could be made because the target machine actively refused it
2025-10-01 23:07:25,921 - 🔄 No pong in 30s. Retry 2/3
2025-10-01 23:07:26,247 - ❌ Socket error: [WinError 10061] No connection could be made because the target machine actively refused it
2025-10-01 23:07:26,400 - [WinError 2] The system cannot find the file specified
2025-10-01 23:07:31,388 - [WinError 2] The system cannot find the file specified
2025-10-01 23:07:35,923 - 🔄 No pong in 30s. Retry 3/3
2025-10-01 23:07:35,926 - ❌ Connection lost.
2025-10-01 23:07:36,397 - [WinError 2] The system cannot find the file specified
2025-10-01 23:07:39,189 - ❌ Socket error: [WinError 10061] No connection could be made because the target machine actively refused it
2025-10-01 23:07:41,225 - ❌ Socket error: [WinError 10061] No connection could be made because the target machine actively refused it
2025-10-01 23:07:41,391 - [WinError 2] The system cannot find the file specified
2025-10-01 23:07:45,929 - 🔄 No pong in 30s. Retry 1/3
2025-10-01 23:07:46,404 - [WinError 2] The system cannot find the file specified
2025-10-01 23:08:01,158 - ❌ Socket error: [WinError 10061] No connection could be made because the target machine actively refused it
2025-10-01 23:08:03,208 - ❌ Socket error: [WinError 10061] No connection could be made because the target machine actively refused it
2025-10-01 23:08:07,483 - 🔄 No pong in 30s. Retry 1/3
2025-10-01 23:08:08,276 - [WinError 2] The system cannot find the file specified
2025-10-01 23:08:12,345 - ❌ Could not connect: [WinError 10061] No connection could be made because the target machine actively refused it
2025-10-01 23:08:13,340 - [WinError 2] The system cannot find the file specified
2025-10-01 23:08:16,145 - ❌ Socket error: [WinError 10061] No connection could be made because the target machine actively refused it
2025-10-01 23:08:17,485 - 🔄 No pong in 30s. Retry 2/3
2025-10-01 23:08:18,167 - ❌ Socket error: [WinError 10061] No connection could be made because the target machine actively refused it
2025-10-01 23:08:18,285 - [WinError 2] The system cannot find the file specified
2025-10-01 23:08:23,285 - [WinError 2] The system cannot find the file specified
2025-10-01 23:08:27,486 - 🔄 No pong in 30s. Retry 3/3
2025-10-01 23:08:27,487 - ❌ Connection lost.
2025-10-01 23:08:28,287 - [WinError 2] The system cannot find the file specified
2025-10-01 23:08:31,168 - ❌ Socket error: [WinError 10061] No connection could be made because the target machine actively refused it
2025-10-01 23:08:33,204 - ❌ Socket error: [WinError 10061] No connection could be made because the target machine actively refused it
2025-10-01 23:08:33,292 - [WinError 2] The system cannot find the file specified
2025-10-01 23:08:37,488 - 🔄 No pong in 30s. Retry 1/3
2025-10-01 23:08:38,289 - [WinError 2] The system cannot find the file specified
2025-10-01 23:08:43,304 - [WinError 2] The system cannot find the file specified
2025-10-01 23:08:46,156 - ❌ Socket error: [WinError 10061] No connection could be made because the target machine actively refused it
2025-10-01 23:08:47,489 - 🔄 No pong in 30s. Retry 2/3
2025-10-01 23:08:48,187 - ❌ Socket error: [WinError 10061] No connection could be made because the target machine actively refused it
2025-10-01 23:08:48,327 - [WinError 2] The system cannot find the file specified
2025-10-01 23:08:53,323 - [WinError 2] The system cannot find the file specified
2025-10-01 23:08:57,491 - 🔄 No pong in 30s. Retry 3/3
2025-10-01 23:08:57,493 - ❌ Connection lost.
2025-10-01 23:08:58,326 - [WinError 2] The system cannot find the file specified
2025-10-01 23:09:01,171 - ❌ Socket error: [WinError 10061] No connection could be made because the target machine actively refused it
2025-10-01 23:09:03,215 - ❌ Socket error: [WinError 10061] No connection could be made because the target machine actively refused it
2025-10-01 23:09:03,318 - [WinError 2] The system cannot find the file specified
2025-10-01 23:09:07,493 - 🔄 No pong in 30s. Retry 1/3
2025-10-01 23:09:08,316 - [WinError 2] The system cannot find the file specified
2025-10-01 23:09:13,314 - [WinError 2] The system cannot find the file specified
2025-10-01 23:09:16,153 - ❌ Socket error: [WinError 10061] No connection could be made because the target machine actively refused it
2025-10-01 23:09:17,495 - 🔄 No pong in 30s. Retry 2/3
2025-10-01 23:09:18,200 - ❌ Socket error: [WinError 10061] No connection could be made because the target machine actively refused it
2025-10-01 23:09:18,321 - [WinError 2] The system cannot find the file specified
2025-10-01 23:09:23,324 - [WinError 2] The system cannot find the file specified
2025-10-01 23:09:27,497 - 🔄 No pong in 30s. Retry 3/3
2025-10-01 23:09:27,499 - ❌ Connection lost.
2025-10-01 23:09:28,331 - [WinError 2] The system cannot find the file specified
2025-10-01 23:09:31,163 - ❌ Socket error: [WinError 10061] No connection could be made because the target machine actively refused it
2025-10-01 23:09:33,192 - ❌ Socket error: [WinError 10061] No connection could be made because the target machine actively refused it
2025-10-01 23:09:33,344 - [WinError 2] The system cannot find the file specified
2025-10-01 23:09:37,501 - 🔄 No pong in 30s. Retry 1/3
2025-10-01 23:09:38,355 - [WinError 2] The system cannot find the file specified
2025-10-01 23:09:43,353 - [WinError 2] The system cannot find the file specified
2025-10-01 23:09:46,171 - ❌ Socket error: [WinError 10061] No connection could be made because the target machine actively refused it
2025-10-01 23:09:47,505 - 🔄 No pong in 30s. Retry 2/3
2025-10-01 23:09:48,202 - ❌ Socket error: [WinError 10061] No connection could be made because the target machine actively refused it
2025-10-01 23:09:48,352 - [WinError 2] The system cannot find the file specified
2025-10-01 23:09:53,360 - [WinError 2] The system cannot find the file specified
2025-10-01 23:09:57,509 - 🔄 No pong in 30s. Retry 3/3
2025-10-01 23:09:57,511 - ❌ Connection lost.
2025-10-01 23:09:58,366 - [WinError 2] The system cannot find the file specified
2025-10-01 23:10:01,187 - ❌ Socket error: [WinError 10061] No connection could be made because the target machine actively refused it
2025-10-01 23:10:03,222 - ❌ Socket error: [WinError 10061] No connection could be made because the target machine actively refused it
2025-10-01 23:10:03,362 - [WinError 2] The system cannot find the file specified
2025-10-01 23:10:07,512 - 🔄 No pong in 30s. Retry 1/3
2025-10-01 23:10:08,387 - [WinError 2] The system cannot find the file specified
2025-10-01 23:10:13,384 - [WinError 2] The system cannot find the file specified
2025-10-01 23:10:16,188 - ❌ Socket error: [WinError 10061] No connection could be made because the target machine actively refused it
2025-10-01 23:10:17,514 - 🔄 No pong in 30s. Retry 2/3
2025-10-01 23:10:18,221 - ❌ Socket error: [WinError 10061] No connection could be made because the target machine actively refused it
2025-10-01 23:10:18,390 - [WinError 2] The system cannot find the file specified
2025-10-01 23:10:23,391 - [WinError 2] The system cannot find the file specified
2025-10-01 23:10:27,516 - 🔄 No pong in 30s. Retry 3/3
2025-10-01 23:10:27,518 - ❌ Connection lost.
2025-10-01 23:10:28,378 - [WinError 2] The system cannot find the file specified
2025-10-01 23:10:31,166 - ❌ Socket error: [WinError 10061] No connection could be made because the target machine actively refused it
2025-10-01 23:10:33,199 - ❌ Socket error: [WinError 10061] No connection could be made because the target machine actively refused it
2025-10-01 23:10:33,394 - [WinError 2] The system cannot find the file specified
2025-10-01 23:10:37,521 - 🔄 No pong in 30s. Retry 1/3
2025-10-01 23:10:38,400 - [WinError 2] The system cannot find the file specified
2025-10-01 23:10:43,412 - [WinError 2] The system cannot find the file specified
2025-10-01 23:10:46,176 - ❌ Socket error: [WinError 10061] No connection could be made because the target machine actively refused it
2025-10-01 23:10:47,524 - 🔄 No pong in 30s. Retry 2/3
2025-10-01 23:10:48,213 - ❌ Socket error: [WinError 10061] No connection could be made because the target machine actively refused it
2025-10-01 23:10:48,411 - [WinError 2] The system cannot find the file specified
2025-10-01 23:10:53,415 - [WinError 2] The system cannot find the file specified
2025-10-01 23:10:57,527 - 🔄 No pong in 30s. Retry 3/3
2025-10-01 23:10:57,528 - ❌ Connection lost.
2025-10-01 23:10:58,434 - [WinError 2] The system cannot find the file specified
2025-10-01 23:11:01,161 - ❌ Socket error: [WinError 10061] No connection could be made because the target machine actively refused it
2025-10-01 23:11:03,188 - ❌ Socket error: [WinError 10061] No connection could be made because the target machine actively refused it
2025-10-01 23:11:03,444 - [WinError 2] The system cannot find the file specified
2025-10-01 23:11:07,529 - 🔄 No pong in 30s. Retry 1/3
2025-10-01 23:11:08,437 - [WinError 2] The system cannot find the file specified
2025-10-01 23:11:13,434 - [WinError 2] The system cannot find the file specified
2025-10-01 23:11:16,211 - ❌ Socket error: [WinError 10061] No connection could be made because the target machine actively refused it
2025-10-01 23:11:17,531 - 🔄 No pong in 30s. Retry 2/3
2025-10-01 23:11:18,255 - ❌ Socket error: [WinError 10061] No connection could be made because the target machine actively refused it
2025-10-01 23:11:18,434 - [WinError 2] The system cannot find the file specified
2025-10-01 23:11:23,438 - [WinError 2] The system cannot find the file specified
2025-10-01 23:11:27,532 - 🔄 No pong in 30s. Retry 3/3
2025-10-01 23:11:27,533 - ❌ Connection lost.
2025-10-01 23:11:28,438 - [WinError 2] The system cannot find the file specified
2025-10-01 23:11:31,183 - ❌ Socket error: [WinError 10061] No connection could be made because the target machine actively refused it
2025-10-01 23:11:33,230 - ❌ Socket error: [WinError 10061] No connection could be made because the target machine actively refused it
2025-10-01 23:11:33,441 - [WinError 2] The system cannot find the file specified
2025-10-01 23:11:37,534 - 🔄 No pong in 30s. Retry 1/3
2025-10-01 23:11:38,444 - [WinError 2] The system cannot find the file specified
2025-10-01 23:11:43,436 - [WinError 2] The system cannot find the file specified
2025-10-01 23:11:46,172 - ❌ Socket error: [WinError 10061] No connection could be made because the target machine actively refused it
2025-10-01 23:11:47,536 - 🔄 No pong in 30s. Retry 2/3
2025-10-01 23:11:48,213 - ❌ Socket error: [WinError 10061] No connection could be made because the target machine actively refused it
2025-10-01 23:11:48,445 - [WinError 2] The system cannot find the file specified
2025-10-01 23:11:53,432 - [WinError 2] The system cannot find the file specified
2025-10-01 23:11:57,538 - 🔄 No pong in 30s. Retry 3/3
2025-10-01 23:11:57,538 - ❌ Connection lost.
2025-10-01 23:11:58,440 - [WinError 2] The system cannot find the file specified
2025-10-01 23:12:01,191 - ❌ Socket error: [WinError 10061] No connection could be made because the target machine actively refused it
2025-10-01 23:12:03,224 - ❌ Socket error: [WinError 10061] No connection could be made because the target machine actively refused it
2025-10-01 23:12:03,443 - [WinError 2] The system cannot find the file specified
2025-10-01 23:12:07,540 - 🔄 No pong in 30s. Retry 1/3
2025-10-01 23:12:08,445 - [WinError 2] The system cannot find the file specified
2025-10-01 23:12:13,436 - [WinError 2] The system cannot find the file specified
2025-10-01 23:12:16,201 - ❌ Socket error: [WinError 10061] No connection could be made because the target machine actively refused it
2025-10-01 23:12:17,550 - 🔄 No pong in 30s. Retry 2/3
2025-10-01 23:12:18,250 - ❌ Socket error: [WinError 10061] No connection could be made because the target machine actively refused it
2025-10-01 23:12:18,442 - [WinError 2] The system cannot find the file specified
2025-10-01 23:12:23,435 - [WinError 2] The system cannot find the file specified
2025-10-01 23:12:27,552 - 🔄 No pong in 30s. Retry 3/3
2025-10-01 23:12:27,553 - ❌ Connection lost.
2025-10-01 23:12:28,444 - [WinError 2] The system cannot find the file specified
2025-10-01 23:12:31,199 - ❌ Socket error: [WinError 10061] No connection could be made because the target machine actively refused it
2025-10-01 23:12:33,222 - ❌ Socket error: [WinError 10061] No connection could be made because the target machine actively refused it
2025-10-01 23:12:33,447 - [WinError 2] The system cannot find the file specified
2025-10-01 23:12:37,553 - 🔄 No pong in 30s. Retry 1/3
2025-10-01 23:12:38,471 - [WinError 2] The system cannot find the file specified
2025-10-01 23:12:43,465 - [WinError 2] The system cannot find the file specified
2025-10-01 23:12:46,204 - ❌ Socket error: [WinError 10061] No connection could be made because the target machine actively refused it
2025-10-01 23:12:47,559 - 🔄 No pong in 30s. Retry 2/3
2025-10-01 23:12:48,236 - ❌ Socket error: [WinError 10061] No connection could be made because the target machine actively refused it
2025-10-01 23:12:48,474 - [WinError 2] The system cannot find the file specified
2025-10-01 23:12:53,479 - [WinError 2] The system cannot find the file specified
2025-10-01 23:12:57,561 - 🔄 No pong in 30s. Retry 3/3
2025-10-01 23:12:57,564 - ❌ Connection lost.
2025-10-01 23:12:58,466 - [WinError 2] The system cannot find the file specified
2025-10-01 23:13:01,217 - ❌ Socket error: [WinError 10061] No connection could be made because the target machine actively refused it
2025-10-01 23:13:03,265 - ❌ Socket error: [WinError 10061] No connection could be made because the target machine actively refused it
2025-10-01 23:13:03,474 - [WinError 2] The system cannot find the file specified
2025-10-01 23:13:07,567 - 🔄 No pong in 30s. Retry 1/3
2025-10-01 23:13:08,466 - [WinError 2] The system cannot find the file specified
2025-10-01 23:13:13,473 - [WinError 2] The system cannot find the file specified
2025-10-01 23:13:16,211 - ❌ Socket error: [WinError 10061] No connection could be made because the target machine actively refused it
2025-10-01 23:13:17,569 - 🔄 No pong in 30s. Retry 2/3
2025-10-01 23:13:18,255 - ❌ Socket error: [WinError 10061] No connection could be made because the target machine actively refused it
2025-10-01 23:13:18,473 - [WinError 2] The system cannot find the file specified
2025-10-01 23:13:23,474 - [WinError 2] The system cannot find the file specified
2025-10-01 23:13:27,571 - 🔄 No pong in 30s. Retry 3/3
2025-10-01 23:13:27,574 - ❌ Connection lost.
2025-10-01 23:13:28,469 - [WinError 2] The system cannot find the file specified
2025-10-01 23:13:31,204 - ❌ Socket error: [WinError 10061] No connection could be made because the target machine actively refused it
2025-10-01 23:13:33,241 - ❌ Socket error: [WinError 10061] No connection could be made because the target machine actively refused it
2025-10-01 23:13:33,472 - [WinError 2] The system cannot find the file specified
2025-10-01 23:13:37,576 - 🔄 No pong in 30s. Retry 1/3
2025-10-01 23:13:38,463 - [WinError 2] The system cannot find the file specified
2025-10-01 23:13:43,483 - [WinError 2] The system cannot find the file specified
2025-10-01 23:13:46,212 - ❌ Socket error: [WinError 10061] No connection could be made because the target machine actively refused it
2025-10-01 23:13:47,580 - 🔄 No pong in 30s. Retry 2/3
2025-10-01 23:13:48,256 - ❌ Socket error: [WinError 10061] No connection could be made because the target machine actively refused it
2025-10-01 23:13:48,468 - [WinError 2] The system cannot find the file specified
2025-10-01 23:13:53,470 - [WinError 2] The system cannot find the file specified
2025-10-01 23:13:57,581 - 🔄 No pong in 30s. Retry 3/3
2025-10-01 23:13:57,582 - ❌ Connection lost.
2025-10-01 23:13:58,470 - [WinError 2] The system cannot find the file specified
2025-10-01 23:14:01,214 - ❌ Socket error: [WinError 10061] No connection could be made because the target machine actively refused it
2025-10-01 23:14:03,257 - ❌ Socket error: [WinError 10061] No connection could be made because the target machine actively refused it
2025-10-01 23:14:03,464 - [WinError 2] The system cannot find the file specified
2025-10-01 23:14:07,583 - 🔄 No pong in 30s. Retry 1/3
2025-10-01 23:14:08,464 - [WinError 2] The system cannot find the file specified
2025-10-01 23:14:13,472 - [WinError 2] The system cannot find the file specified
2025-10-01 23:14:16,222 - ❌ Socket error: [WinError 10061] No connection could be made because the target machine actively refused it
2025-10-01 23:14:17,585 - 🔄 No pong in 30s. Retry 2/3
2025-10-01 23:14:18,264 - ❌ Socket error: [WinError 10061] No connection could be made because the target machine actively refused it
2025-10-01 23:14:18,479 - [WinError 2] The system cannot find the file specified
2025-10-01 23:14:23,482 - [WinError 2] The system cannot find the file specified
2025-10-01 23:14:27,587 - 🔄 No pong in 30s. Retry 3/3
2025-10-01 23:14:27,588 - ❌ Connection lost.
2025-10-01 23:14:28,473 - [WinError 2] The system cannot find the file specified
2025-10-01 23:14:31,237 - ❌ Socket error: [WinError 10061] No connection could be made because the target machine actively refused it
2025-10-01 23:14:33,279 - ❌ Socket error: [WinError 10061] No connection could be made because the target machine actively refused it
2025-10-01 23:14:33,483 - [WinError 2] The system cannot find the file specified
2025-10-01 23:14:37,590 - 🔄 No pong in 30s. Retry 1/3
2025-10-01 23:14:38,495 - [WinError 2] The system cannot find the file specified
2025-10-01 23:14:43,516 - [WinError 2] The system cannot find the file specified
2025-10-01 23:14:46,215 - ❌ Socket error: [WinError 10061] No connection could be made because the target machine actively refused it
2025-10-01 23:14:47,591 - 🔄 No pong in 30s. Retry 2/3
2025-10-01 23:14:48,248 - ❌ Socket error: [WinError 10061] No connection could be made because the target machine actively refused it
2025-10-01 23:14:48,527 - [WinError 2] The system cannot find the file specified
2025-10-01 23:14:53,511 - [WinError 2] The system cannot find the file specified
2025-10-01 23:14:57,592 - 🔄 No pong in 30s. Retry 3/3
2025-10-01 23:14:57,593 - ❌ Connection lost.
2025-10-01 23:14:58,520 - [WinError 2] The system cannot find the file specified
2025-10-01 23:15:46,957 - ❌ Socket error: [WinError 10061] No connection could be made because the target machine actively refused it
2025-10-01 23:15:48,980 - ❌ Socket error: [WinError 10061] No connection could be made because the target machine actively refused it
2025-10-01 23:15:53,699 - 🔄 No pong in 30s. Retry 1/3
2025-10-01 23:15:54,000 - [WinError 2] The system cannot find the file specified
2025-10-01 23:15:59,006 - [WinError 2] The system cannot find the file specified
2025-10-01 23:16:01,964 - ❌ Socket error: [WinError 10061] No connection could be made because the target machine actively refused it
2025-10-01 23:16:03,701 - 🔄 No pong in 30s. Retry 2/3
2025-10-01 23:16:03,986 - ❌ Socket error: [WinError 10061] No connection could be made because the target machine actively refused it
2025-10-01 23:16:03,998 - [WinError 2] The system cannot find the file specified
2025-10-01 23:16:09,500 - ❌ Could not connect: [WinError 10061] No connection could be made because the target machine actively refused it
2025-10-01 23:16:09,508 - [WinError 2] The system cannot find the file specified
2025-10-01 23:16:13,702 - 🔄 No pong in 30s. Retry 3/3
2025-10-01 23:16:13,703 - ❌ Connection lost.
2025-10-01 23:16:14,029 - [WinError 2] The system cannot find the file specified
2025-10-01 23:16:16,966 - ❌ Socket error: [WinError 10061] No connection could be made because the target machine actively refused it
2025-10-01 23:16:18,999 - ❌ Socket error: [WinError 10061] No connection could be made because the target machine actively refused it
2025-10-01 23:16:19,035 - [WinError 2] The system cannot find the file specified
2025-10-01 23:16:23,704 - 🔄 No pong in 30s. Retry 1/3
2025-10-01 23:16:24,040 - [WinError 2] The system cannot find the file specified
2025-10-01 23:16:29,041 - [WinError 2] The system cannot find the file specified
2025-10-01 23:16:31,961 - ❌ Socket error: [WinError 10061] No connection could be made because the target machine actively refused it
2025-10-01 23:16:33,705 - 🔄 No pong in 30s. Retry 2/3
2025-10-01 23:16:33,995 - ❌ Socket error: [WinError 10061] No connection could be made because the target machine actively refused it
2025-10-01 23:16:34,045 - [WinError 2] The system cannot find the file specified
2025-10-01 23:16:39,063 - [WinError 2] The system cannot find the file specified
2025-10-01 23:16:43,707 - 🔄 No pong in 30s. Retry 3/3
2025-10-01 23:16:43,709 - ❌ Connection lost.
2025-10-01 23:16:44,065 - [WinError 2] The system cannot find the file specified
2025-10-01 23:16:46,963 - ❌ Socket error: [WinError 10061] No connection could be made because the target machine actively refused it
2025-10-01 23:16:49,000 - ❌ Socket error: [WinError 10061] No connection could be made because the target machine actively refused it
2025-10-01 23:16:49,065 - [WinError 2] The system cannot find the file specified
2025-10-01 23:16:53,710 - 🔄 No pong in 30s. Retry 1/3
2025-10-01 23:16:54,079 - [WinError 2] The system cannot find the file specified
2025-10-01 23:16:59,073 - [WinError 2] The system cannot find the file specified
2025-10-01 23:17:01,969 - ❌ Socket error: [WinError 10061] No connection could be made because the target machine actively refused it
2025-10-01 23:17:03,711 - 🔄 No pong in 30s. Retry 2/3
2025-10-01 23:17:04,016 - ❌ Socket error: [WinError 10061] No connection could be made because the target machine actively refused it
2025-10-01 23:17:04,076 - [WinError 2] The system cannot find the file specified
2025-10-01 23:17:09,074 - [WinError 2] The system cannot find the file specified
2025-10-01 23:17:13,713 - 🔄 No pong in 30s. Retry 3/3
2025-10-01 23:17:13,713 - ❌ Connection lost.
2025-10-01 23:17:14,666 - ❌ Could not connect: [WinError 10061] No connection could be made because the target machine actively refused it
2025-10-01 23:17:14,671 - [WinError 2] The system cannot find the file specified
2025-10-01 23:17:16,967 - ❌ Socket error: [WinError 10061] No connection could be made because the target machine actively refused it
2025-10-01 23:17:18,994 - ❌ Socket error: [WinError 10061] No connection could be made because the target machine actively refused it
2025-10-01 23:17:19,090 - [WinError 2] The system cannot find the file specified
2025-10-01 23:17:23,713 - 🔄 No pong in 30s. Retry 1/3
2025-10-01 23:17:24,111 - [WinError 2] The system cannot find the file specified
2025-10-01 23:17:29,090 - [WinError 2] The system cannot find the file specified
2025-10-01 23:17:31,952 - ❌ Socket error: [WinError 10061] No connection could be made because the target machine actively refused it
2025-10-01 23:17:33,715 - 🔄 No pong in 30s. Retry 2/3
2025-10-01 23:17:33,983 - ❌ Socket error: [WinError 10061] No connection could be made because the target machine actively refused it
2025-10-01 23:17:34,099 - [WinError 2] The system cannot find the file specified
2025-10-01 23:17:39,094 - [WinError 2] The system cannot find the file specified
2025-10-01 23:17:43,716 - 🔄 No pong in 30s. Retry 3/3
2025-10-01 23:17:43,716 - ❌ Connection lost.
2025-10-01 23:17:44,099 - [WinError 2] The system cannot find the file specified
2025-10-01 23:17:46,966 - ❌ Socket error: [WinError 10061] No connection could be made because the target machine actively refused it
2025-10-01 23:17:48,998 - ❌ Socket error: [WinError 10061] No connection could be made because the target machine actively refused it
2025-10-01 23:17:49,093 - [WinError 2] The system cannot find the file specified
2025-10-01 23:17:53,718 - 🔄 No pong in 30s. Retry 1/3
2025-10-01 23:17:54,091 - [WinError 2] The system cannot find the file specified
2025-10-01 23:17:59,092 - [WinError 2] The system cannot find the file specified
2025-10-01 23:18:01,963 - ❌ Socket error: [WinError 10061] No connection could be made because the target machine actively refused it
2025-10-01 23:18:03,719 - 🔄 No pong in 30s. Retry 2/3
2025-10-01 23:18:03,978 - ❌ Socket error: [WinError 10061] No connection could be made because the target machine actively refused it
2025-10-01 23:18:04,095 - [WinError 2] The system cannot find the file specified
2025-10-01 23:18:09,099 - [WinError 2] The system cannot find the file specified
2025-10-01 23:18:13,721 - 🔄 No pong in 30s. Retry 3/3
2025-10-01 23:18:13,723 - ❌ Connection lost.
2025-10-01 23:18:14,101 - [WinError 2] The system cannot find the file specified
2025-10-01 23:18:16,951 - ❌ Socket error: [WinError 10061] No connection could be made because the target machine actively refused it
2025-10-01 23:18:18,981 - ❌ Socket error: [WinError 10061] No connection could be made because the target machine actively refused it
2025-10-01 23:18:19,104 - [WinError 2] The system cannot find the file specified
2025-10-01 23:18:23,727 - 🔄 No pong in 30s. Retry 1/3
2025-10-01 23:18:24,101 - [WinError 2] The system cannot find the file specified
2025-10-01 23:18:29,097 - [WinError 2] The system cannot find the file specified
2025-10-01 23:18:31,965 - ❌ Socket error: [WinError 10061] No connection could be made because the target machine actively refused it
2025-10-01 23:18:33,731 - 🔄 No pong in 30s. Retry 2/3
2025-10-01 23:18:33,994 - ❌ Socket error: [WinError 10061] No connection could be made because the target machine actively refused it
2025-10-01 23:18:34,089 - [WinError 2] The system cannot find the file specified
2025-10-01 23:18:39,093 - [WinError 2] The system cannot find the file specified
2025-10-01 23:18:43,733 - 🔄 No pong in 30s. Retry 3/3
2025-10-01 23:18:43,735 - ❌ Connection lost.
2025-10-01 23:18:44,102 - [WinError 2] The system cannot find the file specified
2025-10-01 23:18:46,968 - ❌ Socket error: [WinError 10061] No connection could be made because the target machine actively refused it
2025-10-01 23:18:49,002 - ❌ Socket error: [WinError 10061] No connection could be made because the target machine actively refused it
2025-10-01 23:18:49,104 - [WinError 2] The system cannot find the file specified
2025-10-01 23:18:53,740 - 🔄 No pong in 30s. Retry 1/3
2025-10-01 23:18:54,105 - [WinError 2] The system cannot find the file specified
2025-10-01 23:18:59,123 - [WinError 2] The system cannot find the file specified
2025-10-01 23:19:01,970 - ❌ Socket error: [WinError 10061] No connection could be made because the target machine actively refused it
2025-10-01 23:19:03,741 - 🔄 No pong in 30s. Retry 2/3
2025-10-01 23:19:03,992 - ❌ Socket error: [WinError 10061] No connection could be made because the target machine actively refused it
2025-10-01 23:19:04,122 - [WinError 2] The system cannot find the file specified
2025-10-01 23:19:09,125 - [WinError 2] The system cannot find the file specified
2025-10-01 23:19:13,742 - 🔄 No pong in 30s. Retry 3/3
2025-10-01 23:19:13,743 - ❌ Connection lost.
2025-10-01 23:19:14,126 - [WinError 2] The system cannot find the file specified
2025-10-01 23:19:16,987 - ❌ Socket error: [WinError 10061] No connection could be made because the target machine actively refused it
2025-10-01 23:19:19,019 - ❌ Socket error: [WinError 10061] No connection could be made because the target machine actively refused it
2025-10-01 23:19:19,146 - [WinError 2] The system cannot find the file specified
2025-10-01 23:19:23,747 - 🔄 No pong in 30s. Retry 1/3
2025-10-01 23:19:24,159 - [WinError 2] The system cannot find the file specified
2025-10-01 23:19:29,151 - [WinError 2] The system cannot find the file specified
2025-10-01 23:19:31,966 - ❌ Socket error: [WinError 10061] No connection could be made because the target machine actively refused it
2025-10-01 23:19:33,750 - 🔄 No pong in 30s. Retry 2/3
2025-10-01 23:19:33,996 - ❌ Socket error: [WinError 10061] No connection could be made because the target machine actively refused it
2025-10-01 23:19:34,168 - [WinError 2] The system cannot find the file specified
2025-10-01 23:19:39,152 - [WinError 2] The system cannot find the file specified
2025-10-01 23:19:43,752 - 🔄 No pong in 30s. Retry 3/3
2025-10-01 23:19:43,753 - ❌ Connection lost.
2025-10-01 23:19:44,165 - [WinError 2] The system cannot find the file specified
2025-10-01 23:19:46,963 - ❌ Socket error: [WinError 10061] No connection could be made because the target machine actively refused it
2025-10-01 23:19:49,005 - ❌ Socket error: [WinError 10061] No connection could be made because the target machine actively refused it
2025-10-01 23:19:49,165 - [WinError 2] The system cannot find the file specified
2025-10-01 23:19:53,754 - 🔄 No pong in 30s. Retry 1/3
2025-10-01 23:19:54,171 - [WinError 2] The system cannot find the file specified
2025-10-01 23:19:59,177 - [WinError 2] The system cannot find the file specified
2025-10-01 23:20:01,956 - ❌ Socket error: [WinError 10061] No connection could be made because the target machine actively refused it
2025-10-01 23:20:03,755 - 🔄 No pong in 30s. Retry 2/3
2025-10-01 23:20:03,991 - ❌ Socket error: [WinError 10061] No connection could be made because the target machine actively refused it
2025-10-01 23:20:04,167 - [WinError 2] The system cannot find the file specified
2025-10-01 23:20:09,173 - [WinError 2] The system cannot find the file specified
2025-10-01 23:20:13,756 - 🔄 No pong in 30s. Retry 3/3
2025-10-01 23:20:13,758 - ❌ Connection lost.
2025-10-01 23:20:14,192 - [WinError 2] The system cannot find the file specified
2025-10-01 23:20:16,977 - ❌ Socket error: [WinError 10061] No connection could be made because the target machine actively refused it
2025-10-01 23:20:19,013 - ❌ Socket error: [WinError 10061] No connection could be made because the target machine actively refused it
2025-10-01 23:20:19,188 - [WinError 2] The system cannot find the file specified
2025-10-01 23:20:23,759 - 🔄 No pong in 30s. Retry 1/3
2025-10-01 23:20:24,202 - [WinError 2] The system cannot find the file specified
2025-10-01 23:20:29,209 - [WinError 2] The system cannot find the file specified
2025-10-01 23:20:31,963 - ❌ Socket error: [WinError 10061] No connection could be made because the target machine actively refused it
2025-10-01 23:20:33,762 - 🔄 No pong in 30s. Retry 2/3
2025-10-01 23:20:33,993 - ❌ Socket error: [WinError 10061] No connection could be made because the target machine actively refused it
2025-10-01 23:20:34,211 - [WinError 2] The system cannot find the file specified
2025-10-01 23:20:39,198 - [WinError 2] The system cannot find the file specified
2025-10-01 23:20:43,763 - 🔄 No pong in 30s. Retry 3/3
2025-10-01 23:20:43,766 - ❌ Connection lost.
2025-10-01 23:20:44,225 - [WinError 2] The system cannot find the file specified
2025-10-01 23:20:46,976 - ❌ Socket error: [WinError 10061] No connection could be made because the target machine actively refused it
2025-10-01 23:20:49,010 - ❌ Socket error: [WinError 10061] No connection could be made because the target machine actively refused it
2025-10-01 23:20:49,214 - [WinError 2] The system cannot find the file specified
2025-10-01 23:20:53,768 - 🔄 No pong in 30s. Retry 1/3
2025-10-01 23:20:54,218 - [WinError 2] The system cannot find the file specified
2025-10-01 23:20:59,217 - [WinError 2] The system cannot find the file specified
2025-10-01 23:21:01,971 - ❌ Socket error: [WinError 10061] No connection could be made because the target machine actively refused it
2025-10-01 23:21:03,769 - 🔄 No pong in 30s. Retry 2/3
2025-10-01 23:21:03,995 - ❌ Socket error: [WinError 10061] No connection could be made because the target machine actively refused it
2025-10-01 23:21:04,224 - [WinError 2] The system cannot find the file specified
2025-10-01 23:21:09,220 - [WinError 2] The system cannot find the file specified
2025-10-01 23:21:13,769 - 🔄 No pong in 30s. Retry 3/3
2025-10-01 23:21:13,770 - ❌ Connection lost.
2025-10-01 23:21:14,214 - [WinError 2] The system cannot find the file specified
2025-10-01 23:21:16,979 - ❌ Socket error: [WinError 10061] No connection could be made because the target machine actively refused it
2025-10-01 23:21:19,008 - ❌ Socket error: [WinError 10061] No connection could be made because the target machine actively refused it
2025-10-01 23:21:19,228 - [WinError 2] The system cannot find the file specified
2025-10-01 23:21:23,772 - 🔄 No pong in 30s. Retry 1/3
2025-10-01 23:21:24,233 - [WinError 2] The system cannot find the file specified
2025-10-01 23:21:29,235 - [WinError 2] The system cannot find the file specified
2025-10-01 23:21:31,972 - ❌ Socket error: [WinError 10061] No connection could be made because the target machine actively refused it
2025-10-01 23:21:33,775 - 🔄 No pong in 30s. Retry 2/3
2025-10-01 23:21:34,007 - ❌ Socket error: [WinError 10061] No connection could be made because the target machine actively refused it
2025-10-01 23:21:34,238 - [WinError 2] The system cannot find the file specified
2025-10-01 23:21:39,230 - [WinError 2] The system cannot find the file specified
2025-10-01 23:21:43,777 - 🔄 No pong in 30s. Retry 3/3
2025-10-01 23:21:43,777 - ❌ Connection lost.
2025-10-01 23:21:44,244 - [WinError 2] The system cannot find the file specified
2025-10-01 23:21:46,961 - ❌ Socket error: [WinError 10061] No connection could be made because the target machine actively refused it
2025-10-01 23:21:49,004 - ❌ Socket error: [WinError 10061] No connection could be made because the target machine actively refused it
2025-10-01 23:21:49,237 - [WinError 2] The system cannot find the file specified
2025-10-01 23:21:53,778 - 🔄 No pong in 30s. Retry 1/3
2025-10-01 23:21:54,241 - [WinError 2] The system cannot find the file specified
2025-10-01 23:21:59,254 - [WinError 2] The system cannot find the file specified
2025-10-01 23:22:01,971 - ❌ Socket error: [WinError 10061] No connection could be made because the target machine actively refused it
2025-10-01 23:22:03,780 - 🔄 No pong in 30s. Retry 2/3
2025-10-01 23:22:04,010 - ❌ Socket error: [WinError 10061] No connection could be made because the target machine actively refused it
2025-10-01 23:22:04,258 - [WinError 2] The system cannot find the file specified
2025-10-01 23:22:09,252 - [WinError 2] The system cannot find the file specified
2025-10-01 23:22:13,781 - 🔄 No pong in 30s. Retry 3/3
2025-10-01 23:22:13,785 - ❌ Connection lost.
2025-10-01 23:22:14,265 - [WinError 2] The system cannot find the file specified
2025-10-01 23:22:16,977 - ❌ Socket error: [WinError 10061] No connection could be made because the target machine actively refused it
2025-10-01 23:22:19,001 - ❌ Socket error: [WinError 10061] No connection could be made because the target machine actively refused it
2025-10-01 23:22:19,270 - [WinError 2] The system cannot find the file specified
2025-10-01 23:22:23,787 - 🔄 No pong in 30s. Retry 1/3
2025-10-01 23:22:24,260 - [WinError 2] The system cannot find the file specified
2025-10-01 23:22:29,265 - [WinError 2] The system cannot find the file specified
2025-10-01 23:22:31,958 - ❌ Socket error: [WinError 10061] No connection could be made because the target machine actively refused it
2025-10-01 23:22:33,788 - 🔄 No pong in 30s. Retry 2/3
2025-10-01 23:22:33,991 - ❌ Socket error: [WinError 10061] No connection could be made because the target machine actively refused it
2025-10-01 23:22:34,273 - [WinError 2] The system cannot find the file specified
2025-10-01 23:22:39,269 - [WinError 2] The system cannot find the file specified
2025-10-01 23:22:43,790 - 🔄 No pong in 30s. Retry 3/3
2025-10-01 23:22:43,793 - ❌ Connection lost.
2025-10-01 23:22:44,265 - [WinError 2] The system cannot find the file specified
2025-10-01 23:22:46,976 - ❌ Socket error: [WinError 10061] No connection could be made because the target machine actively refused it
2025-10-01 23:22:49,023 - ❌ Socket error: [WinError 10061] No connection could be made because the target machine actively refused it
2025-10-01 23:22:49,261 - [WinError 2] The system cannot find the file specified
2025-10-01 23:22:53,797 - 🔄 No pong in 30s. Retry 1/3
2025-10-01 23:22:54,277 - [WinError 2] The system cannot find the file specified
2025-10-01 23:22:59,264 - [WinError 2] The system cannot find the file specified
2025-10-01 23:23:01,975 - ❌ Socket error: [WinError 10061] No connection could be made because the target machine actively refused it
2025-10-01 23:23:03,798 - 🔄 No pong in 30s. Retry 2/3
2025-10-01 23:23:04,011 - ❌ Socket error: [WinError 10061] No connection could be made because the target machine actively refused it
2025-10-01 23:26:00,698 - ❌ Socket error: [WinError 10061] No connection could be made because the target machine actively refused it
2025-10-01 23:26:02,744 - ❌ Socket error: [WinError 10061] No connection could be made because the target machine actively refused it
2025-10-01 23:26:07,272 - 🔄 No pong in 30s. Retry 1/3
2025-10-01 23:26:07,765 - [WinError 2] The system cannot find the file specified
2025-10-01 23:26:12,762 - [WinError 2] The system cannot find the file specified
2025-10-01 23:26:15,729 - ❌ Socket error: [WinError 10061] No connection could be made because the target machine actively refused it
2025-10-01 23:26:17,274 - 🔄 No pong in 30s. Retry 2/3
2025-10-01 23:26:17,764 - ❌ Socket error: [WinError 10061] No connection could be made because the target machine actively refused it
2025-10-01 23:26:17,777 - [WinError 2] The system cannot find the file specified
2025-10-01 23:26:22,773 - [WinError 2] The system cannot find the file specified
2025-10-01 23:26:27,276 - 🔄 No pong in 30s. Retry 3/3
2025-10-01 23:26:27,279 - ❌ Connection lost.
2025-10-01 23:26:27,779 - [WinError 2] The system cannot find the file specified
2025-10-01 23:26:30,730 - ❌ Socket error: [WinError 10061] No connection could be made because the target machine actively refused it
2025-10-01 23:26:32,767 - ❌ Socket error: [WinError 10061] No connection could be made because the target machine actively refused it
2025-10-01 23:26:32,783 - [WinError 2] The system cannot find the file specified
2025-10-01 23:26:37,282 - 🔄 No pong in 30s. Retry 1/3
2025-10-01 23:26:37,768 - [WinError 2] The system cannot find the file specified
2025-10-01 23:26:42,767 - [WinError 2] The system cannot find the file specified
2025-10-01 23:26:45,716 - ❌ Socket error: [WinError 10061] No connection could be made because the target machine actively refused it
2025-10-01 23:26:47,286 - 🔄 No pong in 30s. Retry 2/3
2025-10-01 23:26:47,749 - ❌ Socket error: [WinError 10061] No connection could be made because the target machine actively refused it
2025-10-01 23:26:47,775 - [WinError 2] The system cannot find the file specified
2025-10-01 23:26:52,773 - [WinError 2] The system cannot find the file specified
2025-10-01 23:26:57,287 - 🔄 No pong in 30s. Retry 3/3
2025-10-01 23:26:57,287 - ❌ Connection lost.
2025-10-01 23:26:57,773 - [WinError 2] The system cannot find the file specified
2025-10-01 23:27:00,733 - ❌ Socket error: [WinError 10061] No connection could be made because the target machine actively refused it
2025-10-01 23:27:02,753 - ❌ Socket error: [WinError 10061] No connection could be made because the target machine actively refused it
2025-10-01 23:27:02,781 - [WinError 2] The system cannot find the file specified
2025-10-01 23:27:07,288 - 🔄 No pong in 30s. Retry 1/3
2025-10-01 23:27:07,776 - [WinError 2] The system cannot find the file specified
2025-10-01 23:27:12,777 - [WinError 2] The system cannot find the file specified
2025-10-01 23:27:15,753 - ❌ Socket error: [WinError 10061] No connection could be made because the target machine actively refused it
2025-10-01 23:27:17,289 - 🔄 No pong in 30s. Retry 2/3
2025-10-01 23:27:17,771 - ❌ Socket error: [WinError 10061] No connection could be made because the target machine actively refused it
2025-10-01 23:27:17,800 - [WinError 2] The system cannot find the file specified
2025-10-01 23:27:22,774 - [WinError 2] The system cannot find the file specified
2025-10-01 23:27:27,291 - 🔄 No pong in 30s. Retry 3/3
2025-10-01 23:27:27,292 - ❌ Connection lost.
2025-10-01 23:27:27,779 - [WinError 2] The system cannot find the file specified
2025-10-01 23:27:30,756 - ❌ Socket error: [WinError 10061] No connection could be made because the target machine actively refused it
2025-10-01 23:27:32,788 - ❌ Socket error: [WinError 10061] No connection could be made because the target machine actively refused it
2025-10-01 23:27:32,793 - [WinError 2] The system cannot find the file specified
2025-10-01 23:27:37,294 - 🔄 No pong in 30s. Retry 1/3
2025-10-01 23:27:37,799 - [WinError 2] The system cannot find the file specified
2025-10-01 23:27:42,793 - [WinError 2] The system cannot find the file specified
2025-10-01 23:27:45,757 - ❌ Socket error: [WinError 10061] No connection could be made because the target machine actively refused it
2025-10-01 23:27:47,298 - 🔄 No pong in 30s. Retry 2/3
2025-10-01 23:27:47,787 - ❌ Socket error: [WinError 10061] No connection could be made because the target machine actively refused it
2025-10-01 23:27:47,794 - [WinError 2] The system cannot find the file specified
2025-10-01 23:27:52,810 - [WinError 2] The system cannot find the file specified
2025-10-01 23:27:57,300 - 🔄 No pong in 30s. Retry 3/3
2025-10-01 23:27:57,301 - ❌ Connection lost.
2025-10-01 23:27:57,810 - [WinError 2] The system cannot find the file specified
2025-10-01 23:28:00,741 - ❌ Socket error: [WinError 10061] No connection could be made because the target machine actively refused it
2025-10-01 23:28:02,789 - ❌ Socket error: [WinError 10061] No connection could be made because the target machine actively refused it
2025-10-01 23:28:02,807 - [WinError 2] The system cannot find the file specified
2025-10-01 23:28:07,302 - 🔄 No pong in 30s. Retry 1/3
2025-10-01 23:28:07,824 - [WinError 2] The system cannot find the file specified
2025-10-01 23:28:12,826 - [WinError 2] The system cannot find the file specified
2025-10-01 23:28:15,756 - ❌ Socket error: [WinError 10061] No connection could be made because the target machine actively refused it
2025-10-01 23:28:17,303 - 🔄 No pong in 30s. Retry 2/3
2025-10-01 23:28:17,767 - ❌ Socket error: [WinError 10061] No connection could be made because the target machine actively refused it
2025-10-01 23:28:17,828 - [WinError 2] The system cannot find the file specified
2025-10-01 23:28:22,826 - [WinError 2] The system cannot find the file specified
2025-10-01 23:28:27,304 - 🔄 No pong in 30s. Retry 3/3
2025-10-01 23:28:27,307 - ❌ Connection lost.
2025-10-01 23:28:27,827 - [WinError 2] The system cannot find the file specified
2025-10-01 23:28:30,759 - ❌ Socket error: [WinError 10061] No connection could be made because the target machine actively refused it
2025-10-01 23:28:32,791 - ❌ Socket error: [WinError 10061] No connection could be made because the target machine actively refused it
2025-10-01 23:28:32,827 - [WinError 2] The system cannot find the file specified
2025-10-01 23:28:37,311 - 🔄 No pong in 30s. Retry 1/3
2025-10-01 23:28:37,836 - [WinError 2] The system cannot find the file specified
2025-10-01 23:28:42,834 - [WinError 2] The system cannot find the file specified
2025-10-01 23:28:45,758 - ❌ Socket error: [WinError 10061] No connection could be made because the target machine actively refused it
2025-10-01 23:28:47,313 - 🔄 No pong in 30s. Retry 2/3
2025-10-01 23:28:47,778 - ❌ Socket error: [WinError 10061] No connection could be made because the target machine actively refused it
2025-10-01 23:28:47,829 - [WinError 2] The system cannot find the file specified
2025-10-01 23:28:52,830 - [WinError 2] The system cannot find the file specified
2025-10-01 23:28:57,314 - 🔄 No pong in 30s. Retry 3/3
2025-10-01 23:28:57,315 - ❌ Connection lost.
2025-10-01 23:28:57,831 - [WinError 2] The system cannot find the file specified
2025-10-01 23:29:00,734 - ❌ Socket error: [WinError 10061] No connection could be made because the target machine actively refused it
2025-10-01 23:29:02,764 - ❌ Socket error: [WinError 10061] No connection could be made because the target machine actively refused it
2025-10-01 23:29:02,830 - [WinError 2] The system cannot find the file specified
2025-10-01 23:29:07,316 - 🔄 No pong in 30s. Retry 1/3
2025-10-01 23:29:07,832 - [WinError 2] The system cannot find the file specified
2025-10-01 23:29:12,834 - [WinError 2] The system cannot find the file specified
2025-10-01 23:29:15,747 - ❌ Socket error: [WinError 10061] No connection could be made because the target machine actively refused it
2025-10-01 23:29:17,317 - 🔄 No pong in 30s. Retry 2/3
2025-10-01 23:29:17,781 - ❌ Socket error: [WinError 10061] No connection could be made because the target machine actively refused it
2025-10-01 23:29:17,833 - [WinError 2] The system cannot find the file specified
2025-10-01 23:29:22,832 - [WinError 2] The system cannot find the file specified
2025-10-01 23:29:27,319 - 🔄 No pong in 30s. Retry 3/3
2025-10-01 23:29:27,320 - ❌ Connection lost.
2025-10-01 23:29:27,833 - [WinError 2] The system cannot find the file specified
2025-10-01 23:29:30,766 - ❌ Socket error: [WinError 10061] No connection could be made because the target machine actively refused it
2025-10-01 23:29:32,799 - ❌ Socket error: [WinError 10061] No connection could be made because the target machine actively refused it
2025-10-01 23:29:32,834 - [WinError 2] The system cannot find the file specified
2025-10-01 23:29:37,322 - 🔄 No pong in 30s. Retry 1/3
2025-10-01 23:29:37,823 - [WinError 2] The system cannot find the file specified
2025-10-01 23:29:40,433 - ❌ Could not connect: [WinError 10061] No connection could be made because the target machine actively refused it
2025-10-01 23:29:42,825 - [WinError 2] The system cannot find the file specified
2025-10-01 23:29:45,766 - ❌ Socket error: [WinError 10061] No connection could be made because the target machine actively refused it
2025-10-01 23:29:47,324 - 🔄 No pong in 30s. Retry 2/3
2025-10-01 23:29:47,799 - ❌ Socket error: [WinError 10061] No connection could be made because the target machine actively refused it
2025-10-01 23:29:47,830 - [WinError 2] The system cannot find the file specified
2025-10-01 23:29:52,835 - [WinError 2] The system cannot find the file specified
2025-10-01 23:29:57,325 - 🔄 No pong in 30s. Retry 3/3
2025-10-01 23:29:57,326 - ❌ Connection lost.
2025-10-01 23:29:57,850 - [WinError 2] The system cannot find the file specified
2025-10-01 23:30:00,752 - ❌ Socket error: [WinError 10061] No connection could be made because the target machine actively refused it
2025-10-01 23:30:02,771 - ❌ Socket error: [WinError 10061] No connection could be made because the target machine actively refused it
2025-10-01 23:30:02,855 - [WinError 2] The system cannot find the file specified
2025-10-01 23:30:07,328 - 🔄 No pong in 30s. Retry 1/3
2025-10-01 23:30:07,855 - [WinError 2] The system cannot find the file specified
2025-10-01 23:30:12,880 - [WinError 2] The system cannot find the file specified
2025-10-01 23:30:15,772 - ❌ Socket error: [WinError 10061] No connection could be made because the target machine actively refused it
2025-10-01 23:30:17,329 - 🔄 No pong in 30s. Retry 2/3
2025-10-01 23:30:17,803 - ❌ Socket error: [WinError 10061] No connection could be made because the target machine actively refused it
2025-10-01 23:30:17,876 - [WinError 2] The system cannot find the file specified
2025-10-01 23:30:22,885 - [WinError 2] The system cannot find the file specified
2025-10-01 23:30:27,330 - 🔄 No pong in 30s. Retry 3/3
2025-10-01 23:30:27,330 - ❌ Connection lost.
2025-10-01 23:30:27,872 - [WinError 2] The system cannot find the file specified
2025-10-01 23:30:30,788 - ❌ Socket error: [WinError 10061] No connection could be made because the target machine actively refused it
2025-10-01 23:30:32,837 - ❌ Socket error: [WinError 10061] No connection could be made because the target machine actively refused it
2025-10-01 23:30:32,873 - [WinError 2] The system cannot find the file specified
2025-10-01 23:30:37,331 - 🔄 No pong in 30s. Retry 1/3
2025-10-01 23:30:37,883 - [WinError 2] The system cannot find the file specified
2025-10-01 23:30:42,875 - [WinError 2] The system cannot find the file specified
2025-10-01 23:30:45,775 - ❌ Socket error: [WinError 10061] No connection could be made because the target machine actively refused it
2025-10-01 23:30:47,334 - 🔄 No pong in 30s. Retry 2/3
2025-10-01 23:30:47,809 - ❌ Socket error: [WinError 10061] No connection could be made because the target machine actively refused it
2025-10-01 23:30:47,878 - [WinError 2] The system cannot find the file specified
2025-10-01 23:30:52,875 - [WinError 2] The system cannot find the file specified
2025-10-01 23:30:57,411 - 🔄 No pong in 30s. Retry 3/3
2025-10-01 23:30:57,537 - ❌ Connection lost.
2025-10-01 23:30:57,897 - [WinError 2] The system cannot find the file specified
2025-10-01 23:31:00,788 - ❌ Socket error: [WinError 10061] No connection could be made because the target machine actively refused it
2025-10-01 23:31:02,813 - ❌ Socket error: [WinError 10061] No connection could be made because the target machine actively refused it
2025-10-01 23:31:02,893 - [WinError 2] The system cannot find the file specified
2025-10-01 23:31:07,539 - 🔄 No pong in 30s. Retry 1/3
2025-10-01 23:31:07,892 - [WinError 2] The system cannot find the file specified
2025-10-01 23:31:12,900 - [WinError 2] The system cannot find the file specified
2025-10-01 23:31:15,798 - ❌ Socket error: [WinError 10061] No connection could be made because the target machine actively refused it
2025-10-01 23:31:17,541 - 🔄 No pong in 30s. Retry 2/3
2025-10-01 23:31:17,842 - ❌ Socket error: [WinError 10061] No connection could be made because the target machine actively refused it
2025-10-01 23:31:17,890 - [WinError 2] The system cannot find the file specified
2025-10-01 23:31:22,892 - [WinError 2] The system cannot find the file specified
2025-10-01 23:31:27,542 - 🔄 No pong in 30s. Retry 3/3
2025-10-01 23:31:27,542 - ❌ Connection lost.
2025-10-01 23:31:27,896 - [WinError 2] The system cannot find the file specified
2025-10-01 23:31:30,789 - ❌ Socket error: [WinError 10061] No connection could be made because the target machine actively refused it
2025-10-01 23:31:32,820 - ❌ Socket error: [WinError 10061] No connection could be made because the target machine actively refused it
2025-10-01 23:31:32,900 - [WinError 2] The system cannot find the file specified
2025-10-01 23:31:37,543 - 🔄 No pong in 30s. Retry 1/3
2025-10-01 23:31:37,918 - [WinError 2] The system cannot find the file specified
2025-10-01 23:31:42,941 - [WinError 2] The system cannot find the file specified
2025-10-01 23:31:45,781 - ❌ Socket error: [WinError 10061] No connection could be made because the target machine actively refused it
2025-10-01 23:31:47,545 - 🔄 No pong in 30s. Retry 2/3
2025-10-01 23:31:47,813 - ❌ Socket error: [WinError 10061] No connection could be made because the target machine actively refused it
2025-10-01 23:31:47,932 - [WinError 2] The system cannot find the file specified
2025-10-01 23:31:52,948 - [WinError 2] The system cannot find the file specified
2025-10-01 23:31:57,546 - 🔄 No pong in 30s. Retry 3/3
2025-10-01 23:31:57,547 - ❌ Connection lost.
2025-10-01 23:31:57,948 - [WinError 2] The system cannot find the file specified
2025-10-01 23:32:00,778 - ❌ Socket error: [WinError 10061] No connection could be made because the target machine actively refused it
2025-10-01 23:32:02,815 - ❌ Socket error: [WinError 10061] No connection could be made because the target machine actively refused it
2025-10-01 23:32:02,952 - [WinError 2] The system cannot find the file specified
2025-10-01 23:32:07,548 - 🔄 No pong in 30s. Retry 1/3
2025-10-01 23:32:07,970 - [WinError 2] The system cannot find the file specified
2025-10-01 23:32:12,969 - [WinError 2] The system cannot find the file specified
2025-10-01 23:32:15,808 - ❌ Socket error: [WinError 10061] No connection could be made because the target machine actively refused it
2025-10-01 23:32:17,549 - 🔄 No pong in 30s. Retry 2/3
2025-10-01 23:32:17,836 - ❌ Socket error: [WinError 10061] No connection could be made because the target machine actively refused it
2025-10-01 23:32:17,974 - [WinError 2] The system cannot find the file specified
2025-10-01 23:32:22,981 - [WinError 2] The system cannot find the file specified
2025-10-01 23:32:27,551 - 🔄 No pong in 30s. Retry 3/3
2025-10-01 23:32:27,551 - ❌ Connection lost.
2025-10-01 23:32:27,991 - [WinError 2] The system cannot find the file specified
2025-10-01 23:32:30,817 - ❌ Socket error: [WinError 10061] No connection could be made because the target machine actively refused it
2025-10-01 23:32:32,832 - ❌ Socket error: [WinError 10061] No connection could be made because the target machine actively refused it
2025-10-01 23:32:32,988 - [WinError 2] The system cannot find the file specified
2025-10-01 23:32:37,552 - 🔄 No pong in 30s. Retry 1/3
2025-10-01 23:32:38,001 - [WinError 2] The system cannot find the file specified
2025-10-01 23:32:43,020 - [WinError 2] The system cannot find the file specified
2025-10-01 23:32:45,832 - ❌ Socket error: [WinError 10061] No connection could be made because the target machine actively refused it
2025-10-01 23:32:47,554 - 🔄 No pong in 30s. Retry 2/3
2025-10-01 23:32:47,847 - ❌ Socket error: [WinError 10061] No connection could be made because the target machine actively refused it
2025-10-01 23:32:48,234 - [WinError 2] The system cannot find the file specified
2025-10-01 23:32:53,034 - [WinError 2] The system cannot find the file specified
2025-10-01 23:32:57,555 - 🔄 No pong in 30s. Retry 3/3
2025-10-01 23:32:57,556 - ❌ Connection lost.
2025-10-01 23:32:58,019 - [WinError 2] The system cannot find the file specified
2025-10-01 23:33:00,840 - ❌ Socket error: [WinError 10061] No connection could be made because the target machine actively refused it
2025-10-01 23:33:02,866 - ❌ Socket error: [WinError 10061] No connection could be made because the target machine actively refused it
2025-10-01 23:33:03,010 - [WinError 2] The system cannot find the file specified
2025-10-01 23:33:07,557 - 🔄 No pong in 30s. Retry 1/3
2025-10-01 23:33:08,021 - [WinError 2] The system cannot find the file specified
2025-10-01 23:33:13,015 - [WinError 2] The system cannot find the file specified
2025-10-01 23:33:15,834 - ❌ Socket error: [WinError 10061] No connection could be made because the target machine actively refused it
2025-10-01 23:33:17,558 - 🔄 No pong in 30s. Retry 2/3
2025-10-01 23:33:17,865 - ❌ Socket error: [WinError 10061] No connection could be made because the target machine actively refused it
2025-10-01 23:33:18,023 - [WinError 2] The system cannot find the file specified
2025-10-01 23:33:23,015 - [WinError 2] The system cannot find the file specified
2025-10-01 23:33:27,559 - 🔄 No pong in 30s. Retry 3/3
2025-10-01 23:33:27,560 - ❌ Connection lost.
2025-10-01 23:33:28,019 - [WinError 2] The system cannot find the file specified
2025-10-01 23:33:30,853 - ❌ Socket error: [WinError 10061] No connection could be made because the target machine actively refused it
2025-10-01 23:33:32,888 - ❌ Socket error: [WinError 10061] No connection could be made because the target machine actively refused it
2025-10-01 23:33:33,027 - [WinError 2] The system cannot find the file specified
2025-10-01 23:33:37,561 - 🔄 No pong in 30s. Retry 1/3
2025-10-01 23:33:38,029 - [WinError 2] The system cannot find the file specified
2025-10-01 23:33:43,032 - [WinError 2] The system cannot find the file specified
2025-10-01 23:33:45,839 - ❌ Socket error: [WinError 10061] No connection could be made because the target machine actively refused it
2025-10-01 23:33:47,563 - 🔄 No pong in 30s. Retry 2/3
2025-10-01 23:33:47,861 - ❌ Socket error: [WinError 10061] No connection could be made because the target machine actively refused it
2025-10-01 23:33:48,021 - [WinError 2] The system cannot find the file specified
2025-10-01 23:33:53,030 - [WinError 2] The system cannot find the file specified
2025-10-01 23:33:57,564 - 🔄 No pong in 30s. Retry 3/3
2025-10-01 23:33:57,564 - ❌ Connection lost.
2025-10-01 23:33:58,027 - [WinError 2] The system cannot find the file specified
2025-10-01 23:34:00,836 - ❌ Socket error: [WinError 10061] No connection could be made because the target machine actively refused it
2025-10-01 23:34:02,864 - ❌ Socket error: [WinError 10061] No connection could be made because the target machine actively refused it
2025-10-01 23:34:03,055 - [WinError 2] The system cannot find the file specified
2025-10-01 23:34:07,565 - 🔄 No pong in 30s. Retry 1/3
2025-10-01 23:34:08,048 - [WinError 2] The system cannot find the file specified
2025-10-01 23:34:13,052 - [WinError 2] The system cannot find the file specified
2025-10-01 23:34:15,843 - ❌ Socket error: [WinError 10061] No connection could be made because the target machine actively refused it
2025-10-01 23:34:17,566 - 🔄 No pong in 30s. Retry 2/3
2025-10-01 23:34:17,878 - ❌ Socket error: [WinError 10061] No connection could be made because the target machine actively refused it
2025-10-01 23:34:18,056 - [WinError 2] The system cannot find the file specified
2025-10-01 23:34:23,070 - [WinError 2] The system cannot find the file specified
2025-10-01 23:34:27,567 - 🔄 No pong in 30s. Retry 3/3
2025-10-01 23:34:27,567 - ❌ Connection lost.
2025-10-01 23:34:28,063 - [WinError 2] The system cannot find the file specified
2025-10-01 23:34:30,863 - ❌ Socket error: [WinError 10061] No connection could be made because the target machine actively refused it
2025-10-01 23:34:32,878 - ❌ Socket error: [WinError 10061] No connection could be made because the target machine actively refused it
2025-10-01 23:34:33,069 - [WinError 2] The system cannot find the file specified
2025-10-01 23:34:37,568 - 🔄 No pong in 30s. Retry 1/3
2025-10-01 23:34:38,067 - [WinError 2] The system cannot find the file specified
2025-10-01 23:34:43,071 - [WinError 2] The system cannot find the file specified
2025-10-01 23:34:45,845 - ❌ Socket error: [WinError 10061] No connection could be made because the target machine actively refused it
2025-10-01 23:34:47,569 - 🔄 No pong in 30s. Retry 2/3
2025-10-01 23:34:47,869 - ❌ Socket error: [WinError 10061] No connection could be made because the target machine actively refused it
2025-10-01 23:34:48,062 - [WinError 2] The system cannot find the file specified
2025-10-01 23:34:53,067 - [WinError 2] The system cannot find the file specified
2025-10-01 23:34:57,570 - 🔄 No pong in 30s. Retry 3/3
2025-10-01 23:34:57,571 - ❌ Connection lost.
2025-10-01 23:34:58,062 - [WinError 2] The system cannot find the file specified
2025-10-01 23:35:00,869 - ❌ Socket error: [WinError 10061] No connection could be made because the target machine actively refused it
2025-10-01 23:35:02,887 - ❌ Socket error: [WinError 10061] No connection could be made because the target machine actively refused it
2025-10-01 23:35:03,064 - [WinError 2] The system cannot find the file specified
2025-10-01 23:35:07,572 - 🔄 No pong in 30s. Retry 1/3
2025-10-01 23:35:08,059 - [WinError 2] The system cannot find the file specified
2025-10-01 23:35:13,068 - [WinError 2] The system cannot find the file specified
2025-10-01 23:35:15,854 - ❌ Socket error: [WinError 10061] No connection could be made because the target machine actively refused it
2025-10-01 23:35:17,573 - 🔄 No pong in 30s. Retry 2/3
2025-10-01 23:35:17,876 - ❌ Socket error: [WinError 10061] No connection could be made because the target machine actively refused it
2025-10-01 23:35:18,068 - [WinError 2] The system cannot find the file specified
2025-10-01 23:35:23,065 - [WinError 2] The system cannot find the file specified
2025-10-01 23:35:27,199 - ❌ Could not connect: [WinError 10061] No connection could be made because the target machine actively refused it
2025-10-01 23:35:27,574 - 🔄 No pong in 30s. Retry 3/3
2025-10-01 23:35:27,575 - ❌ Connection lost.
2025-10-01 23:35:28,066 - [WinError 2] The system cannot find the file specified
2025-10-01 23:35:30,878 - ❌ Socket error: [WinError 10061] No connection could be made because the target machine actively refused it
2025-10-01 23:35:32,913 - ❌ Socket error: [WinError 10061] No connection could be made because the target machine actively refused it
2025-10-01 23:35:33,057 - [WinError 2] The system cannot find the file specified
2025-10-01 23:35:37,577 - 🔄 No pong in 30s. Retry 1/3
2025-10-01 23:35:38,068 - [WinError 2] The system cannot find the file specified
2025-10-01 23:35:43,062 - [WinError 2] The system cannot find the file specified
2025-10-01 23:35:45,867 - ❌ Socket error: [WinError 10061] No connection could be made because the target machine actively refused it
2025-10-01 23:35:47,578 - 🔄 No pong in 30s. Retry 2/3
2025-10-01 23:35:47,889 - ❌ Socket error: [WinError 10061] No connection could be made because the target machine actively refused it
2025-10-01 23:35:48,064 - [WinError 2] The system cannot find the file specified
2025-10-01 23:35:53,062 - [WinError 2] The system cannot find the file specified
2025-10-01 23:35:57,578 - 🔄 No pong in 30s. Retry 3/3
2025-10-01 23:35:57,579 - ❌ Connection lost.
2025-10-01 23:35:58,067 - [WinError 2] The system cannot find the file specified
2025-10-01 23:36:00,850 - ❌ Socket error: [WinError 10061] No connection could be made because the target machine actively refused it
2025-10-01 23:36:02,882 - ❌ Socket error: [WinError 10061] No connection could be made because the target machine actively refused it
2025-10-01 23:36:03,072 - [WinError 2] The system cannot find the file specified
2025-10-01 23:36:07,580 - 🔄 No pong in 30s. Retry 1/3
2025-10-01 23:36:08,079 - [WinError 2] The system cannot find the file specified
2025-10-01 23:36:13,084 - [WinError 2] The system cannot find the file specified
2025-10-01 23:36:15,873 - ❌ Socket error: [WinError 10061] No connection could be made because the target machine actively refused it
2025-10-01 23:36:17,581 - 🔄 No pong in 30s. Retry 2/3
2025-10-01 23:36:17,902 - ❌ Socket error: [WinError 10061] No connection could be made because the target machine actively refused it
2025-10-01 23:36:18,084 - [WinError 2] The system cannot find the file specified
2025-10-01 23:36:23,084 - [WinError 2] The system cannot find the file specified
2025-10-01 23:36:27,583 - 🔄 No pong in 30s. Retry 3/3
2025-10-01 23:36:27,586 - ❌ Connection lost.
2025-10-01 23:36:28,096 - [WinError 2] The system cannot find the file specified
2025-10-01 23:36:30,867 - ❌ Socket error: [WinError 10061] No connection could be made because the target machine actively refused it
2025-10-01 23:36:32,904 - ❌ Socket error: [WinError 10061] No connection could be made because the target machine actively refused it
2025-10-01 23:36:33,099 - [WinError 2] The system cannot find the file specified
2025-10-01 23:36:37,589 - 🔄 No pong in 30s. Retry 1/3
2025-10-01 23:36:38,103 - [WinError 2] The system cannot find the file specified
2025-10-01 23:36:43,105 - [WinError 2] The system cannot find the file specified
2025-10-01 23:36:45,879 - ❌ Socket error: [WinError 10061] No connection could be made because the target machine actively refused it
2025-10-01 23:36:47,591 - 🔄 No pong in 30s. Retry 2/3
2025-10-01 23:36:47,914 - ❌ Socket error: [WinError 10061] No connection could be made because the target machine actively refused it
2025-10-01 23:36:48,096 - [WinError 2] The system cannot find the file specified
2025-10-01 23:36:53,096 - [WinError 2] The system cannot find the file specified
2025-10-01 23:36:57,592 - 🔄 No pong in 30s. Retry 3/3
2025-10-01 23:36:57,593 - ❌ Connection lost.
2025-10-01 23:36:58,098 - [WinError 2] The system cannot find the file specified
2025-10-01 23:37:00,856 - ❌ Socket error: [WinError 10061] No connection could be made because the target machine actively refused it
2025-10-01 23:37:02,887 - ❌ Socket error: [WinError 10061] No connection could be made because the target machine actively refused it
2025-10-01 23:37:03,105 - [WinError 2] The system cannot find the file specified
2025-10-01 23:37:07,593 - 🔄 No pong in 30s. Retry 1/3
2025-10-01 23:37:08,102 - [WinError 2] The system cannot find the file specified
2025-10-01 23:37:13,097 - [WinError 2] The system cannot find the file specified
2025-10-01 23:37:15,896 - ❌ Socket error: [WinError 10061] No connection could be made because the target machine actively refused it
2025-10-01 23:37:17,594 - 🔄 No pong in 30s. Retry 2/3
2025-10-01 23:37:17,931 - ❌ Socket error: [WinError 10061] No connection could be made because the target machine actively refused it
2025-10-01 23:37:18,095 - [WinError 2] The system cannot find the file specified
2025-10-01 23:37:23,093 - [WinError 2] The system cannot find the file specified
2025-10-01 23:37:27,596 - 🔄 No pong in 30s. Retry 3/3
2025-10-01 23:37:27,597 - ❌ Connection lost.
2025-10-01 23:37:28,098 - [WinError 2] The system cannot find the file specified
2025-10-01 23:37:30,894 - ❌ Socket error: [WinError 10061] No connection could be made because the target machine actively refused it
2025-10-01 23:37:32,930 - ❌ Socket error: [WinError 10061] No connection could be made because the target machine actively refused it
2025-10-01 23:37:33,102 - [WinError 2] The system cannot find the file specified
2025-10-01 23:37:37,599 - 🔄 No pong in 30s. Retry 1/3
2025-10-01 23:37:38,103 - [WinError 2] The system cannot find the file specified
2025-10-01 23:37:43,102 - [WinError 2] The system cannot find the file specified
2025-10-01 23:37:45,898 - ❌ Socket error: [WinError 10061] No connection could be made because the target machine actively refused it
2025-10-01 23:37:47,601 - 🔄 No pong in 30s. Retry 2/3
2025-10-01 23:37:47,932 - ❌ Socket error: [WinError 10061] No connection could be made because the target machine actively refused it
2025-10-01 23:37:48,101 - [WinError 2] The system cannot find the file specified
2025-10-01 23:37:53,101 - [WinError 2] The system cannot find the file specified
2025-10-01 23:37:57,602 - 🔄 No pong in 30s. Retry 3/3
2025-10-01 23:37:57,603 - ❌ Connection lost.
2025-10-01 23:37:58,096 - [WinError 2] The system cannot find the file specified
2025-10-01 23:38:00,917 - ❌ Socket error: [WinError 10061] No connection could be made because the target machine actively refused it
2025-10-01 23:38:02,935 - ❌ Socket error: [WinError 10061] No connection could be made because the target machine actively refused it
2025-10-01 23:38:03,100 - [WinError 2] The system cannot find the file specified
2025-10-01 23:38:07,604 - 🔄 No pong in 30s. Retry 1/3
2025-10-01 23:38:08,105 - [WinError 2] The system cannot find the file specified
2025-10-01 23:38:13,106 - [WinError 2] The system cannot find the file specified
2025-10-01 23:38:15,918 - ❌ Socket error: [WinError 10061] No connection could be made because the target machine actively refused it
2025-10-01 23:38:17,606 - 🔄 No pong in 30s. Retry 2/3
2025-10-01 23:38:17,950 - ❌ Socket error: [WinError 10061] No connection could be made because the target machine actively refused it
2025-10-01 23:38:18,106 - [WinError 2] The system cannot find the file specified
2025-10-01 23:38:23,105 - [WinError 2] The system cannot find the file specified
2025-10-01 23:38:27,609 - 🔄 No pong in 30s. Retry 3/3
2025-10-01 23:38:27,610 - ❌ Connection lost.
2025-10-01 23:38:28,124 - [WinError 2] The system cannot find the file specified
2025-10-01 23:38:30,918 - ❌ Socket error: [WinError 10061] No connection could be made because the target machine actively refused it
2025-10-01 23:38:32,950 - ❌ Socket error: [WinError 10061] No connection could be made because the target machine actively refused it
2025-10-01 23:38:33,132 - [WinError 2] The system cannot find the file specified
2025-10-01 23:38:37,611 - 🔄 No pong in 30s. Retry 1/3
2025-10-01 23:38:38,124 - [WinError 2] The system cannot find the file specified
2025-10-01 23:38:43,144 - [WinError 2] The system cannot find the file specified
2025-10-01 23:38:45,902 - ❌ Socket error: [WinError 10061] No connection could be made because the target machine actively refused it
2025-10-01 23:38:47,612 - 🔄 No pong in 30s. Retry 2/3
2025-10-01 23:38:47,925 - ❌ Socket error: [WinError 10061] No connection could be made because the target machine actively refused it
2025-10-01 23:38:48,137 - [WinError 2] The system cannot find the file specified
2025-10-01 23:38:53,145 - [WinError 2] The system cannot find the file specified
2025-10-01 23:38:57,613 - 🔄 No pong in 30s. Retry 3/3
2025-10-01 23:38:57,614 - ❌ Connection lost.
2025-10-01 23:38:58,153 - [WinError 2] The system cannot find the file specified
2025-10-01 23:39:00,920 - ❌ Socket error: [WinError 10061] No connection could be made because the target machine actively refused it
2025-10-01 23:39:02,937 - ❌ Socket error: [WinError 10061] No connection could be made because the target machine actively refused it
2025-10-01 23:39:03,143 - [WinError 2] The system cannot find the file specified
2025-10-01 23:39:07,615 - 🔄 No pong in 30s. Retry 1/3
2025-10-01 23:39:08,136 - [WinError 2] The system cannot find the file specified
2025-10-01 23:39:13,140 - [WinError 2] The system cannot find the file specified
2025-10-01 23:39:15,923 - ❌ Socket error: [WinError 10061] No connection could be made because the target machine actively refused it
2025-10-01 23:39:17,617 - 🔄 No pong in 30s. Retry 2/3
2025-10-01 23:39:17,957 - ❌ Socket error: [WinError 10061] No connection could be made because the target machine actively refused it
2025-10-01 23:39:18,149 - [WinError 2] The system cannot find the file specified
2025-10-01 23:39:23,144 - [WinError 2] The system cannot find the file specified
2025-10-01 23:39:27,618 - 🔄 No pong in 30s. Retry 3/3
2025-10-01 23:39:27,618 - ❌ Connection lost.
2025-10-01 23:39:28,152 - [WinError 2] The system cannot find the file specified
2025-10-01 23:39:30,902 - ❌ Socket error: [WinError 10061] No connection could be made because the target machine actively refused it
2025-10-01 23:39:32,922 - ❌ Socket error: [WinError 10061] No connection could be made because the target machine actively refused it
2025-10-01 23:39:33,163 - [WinError 2] The system cannot find the file specified
2025-10-01 23:39:37,620 - 🔄 No pong in 30s. Retry 1/3
2025-10-01 23:39:38,172 - [WinError 2] The system cannot find the file specified
2025-10-01 23:39:43,167 - [WinError 2] The system cannot find the file specified
2025-10-01 23:39:45,930 - ❌ Socket error: [WinError 10061] No connection could be made because the target machine actively refused it
2025-10-01 23:39:47,623 - 🔄 No pong in 30s. Retry 2/3
2025-10-01 23:39:47,977 - ❌ Socket error: [WinError 10061] No connection could be made because the target machine actively refused it
2025-10-01 23:39:48,168 - [WinError 2] The system cannot find the file specified
2025-10-01 23:39:53,190 - [WinError 2] The system cannot find the file specified
2025-10-01 23:39:57,625 - 🔄 No pong in 30s. Retry 3/3
2025-10-01 23:39:57,626 - ❌ Connection lost.
2025-10-01 23:39:58,197 - [WinError 2] The system cannot find the file specified
2025-10-01 23:40:00,941 - ❌ Socket error: [WinError 10061] No connection could be made because the target machine actively refused it
2025-10-01 23:40:02,963 - ❌ Socket error: [WinError 10061] No connection could be made because the target machine actively refused it
2025-10-01 23:40:03,199 - [WinError 2] The system cannot find the file specified
2025-10-01 23:40:07,627 - 🔄 No pong in 30s. Retry 1/3
2025-10-01 23:40:08,216 - [WinError 2] The system cannot find the file specified
2025-10-01 23:40:13,218 - [WinError 2] The system cannot find the file specified
2025-10-01 23:40:15,931 - ❌ Socket error: [WinError 10061] No connection could be made because the target machine actively refused it
2025-10-01 23:40:17,628 - 🔄 No pong in 30s. Retry 2/3
2025-10-01 23:40:17,981 - ❌ Socket error: [WinError 10061] No connection could be made because the target machine actively refused it
2025-10-01 23:40:18,216 - [WinError 2] The system cannot find the file specified
2025-10-01 23:40:23,221 - [WinError 2] The system cannot find the file specified
2025-10-01 23:40:27,629 - 🔄 No pong in 30s. Retry 3/3
2025-10-01 23:40:27,630 - ❌ Connection lost.
2025-10-01 23:40:28,224 - [WinError 2] The system cannot find the file specified
2025-10-01 23:40:30,932 - ❌ Socket error: [WinError 10061] No connection could be made because the target machine actively refused it
2025-10-01 23:40:32,964 - ❌ Socket error: [WinError 10061] No connection could be made because the target machine actively refused it
2025-10-01 23:40:33,214 - [WinError 2] The system cannot find the file specified
2025-10-01 23:40:37,632 - 🔄 No pong in 30s. Retry 1/3
2025-10-01 23:40:38,212 - [WinError 2] The system cannot find the file specified
2025-10-01 23:40:43,227 - [WinError 2] The system cannot find the file specified
2025-10-01 23:40:45,928 - ❌ Socket error: [WinError 10061] No connection could be made because the target machine actively refused it
2025-10-01 23:40:47,634 - 🔄 No pong in 30s. Retry 2/3
2025-10-01 23:40:47,951 - ❌ Socket error: [WinError 10061] No connection could be made because the target machine actively refused it
2025-10-01 23:40:48,223 - [WinError 2] The system cannot find the file specified
2025-10-01 23:40:53,221 - [WinError 2] The system cannot find the file specified
2025-10-01 23:40:57,636 - 🔄 No pong in 30s. Retry 3/3
2025-10-01 23:40:57,639 - ❌ Connection lost.
2025-10-01 23:40:58,223 - [WinError 2] The system cannot find the file specified
2025-10-01 23:41:00,925 - ❌ Socket error: [WinError 10061] No connection could be made because the target machine actively refused it
2025-10-01 23:41:02,946 - ❌ Socket error: [WinError 10061] No connection could be made because the target machine actively refused it
2025-10-01 23:41:03,218 - [WinError 2] The system cannot find the file specified
2025-10-01 23:41:07,641 - 🔄 No pong in 30s. Retry 1/3
2025-10-01 23:41:08,226 - [WinError 2] The system cannot find the file specified
2025-10-01 23:41:13,230 - [WinError 2] The system cannot find the file specified
2025-10-01 23:41:15,947 - ❌ Socket error: [WinError 10061] No connection could be made because the target machine actively refused it
2025-10-01 23:41:17,643 - 🔄 No pong in 30s. Retry 2/3
2025-10-01 23:41:17,974 - ❌ Socket error: [WinError 10061] No connection could be made because the target machine actively refused it
2025-10-01 23:41:18,216 - [WinError 2] The system cannot find the file specified
2025-10-01 23:41:23,241 - [WinError 2] The system cannot find the file specified
2025-10-01 23:41:27,644 - 🔄 No pong in 30s. Retry 3/3
2025-10-01 23:41:27,644 - ❌ Connection lost.
2025-10-01 23:41:28,242 - [WinError 2] The system cannot find the file specified
2025-10-01 23:41:30,945 - ❌ Socket error: [WinError 10061] No connection could be made because the target machine actively refused it
2025-10-01 23:41:32,972 - ❌ Socket error: [WinError 10061] No connection could be made because the target machine actively refused it
2025-10-01 23:41:33,257 - [WinError 2] The system cannot find the file specified
2025-10-01 23:41:37,646 - 🔄 No pong in 30s. Retry 1/3
2025-10-01 23:41:38,059 - ❌ Could not connect: [WinError 10061] No connection could be made because the target machine actively refused it
2025-10-01 23:41:38,252 - [WinError 2] The system cannot find the file specified
2025-10-01 23:41:43,246 - [WinError 2] The system cannot find the file specified
2025-10-01 23:41:45,948 - ❌ Socket error: [WinError 10061] No connection could be made because the target machine actively refused it
2025-10-01 23:41:47,647 - 🔄 No pong in 30s. Retry 2/3
2025-10-01 23:41:47,977 - ❌ Socket error: [WinError 10061] No connection could be made because the target machine actively refused it
2025-10-01 23:41:48,259 - [WinError 2] The system cannot find the file specified
2025-10-01 23:41:53,249 - [WinError 2] The system cannot find the file specified
2025-10-01 23:41:57,648 - 🔄 No pong in 30s. Retry 3/3
2025-10-01 23:41:57,649 - ❌ Connection lost.
2025-10-01 23:41:58,277 - [WinError 2] The system cannot find the file specified
2025-10-01 23:42:00,969 - ❌ Socket error: [WinError 10061] No connection could be made because the target machine actively refused it
2025-10-01 23:42:03,003 - ❌ Socket error: [WinError 10061] No connection could be made because the target machine actively refused it
2025-10-01 23:42:03,275 - [WinError 2] The system cannot find the file specified
2025-10-01 23:42:07,650 - 🔄 No pong in 30s. Retry 1/3
2025-10-01 23:42:08,272 - [WinError 2] The system cannot find the file specified
2025-10-01 23:42:13,266 - [WinError 2] The system cannot find the file specified
2025-10-01 23:42:15,989 - ❌ Socket error: [WinError 10061] No connection could be made because the target machine actively refused it
2025-10-01 23:42:17,651 - 🔄 No pong in 30s. Retry 2/3
2025-10-01 23:42:18,025 - ❌ Socket error: [WinError 10061] No connection could be made because the target machine actively refused it
2025-10-01 23:42:18,262 - [WinError 2] The system cannot find the file specified
2025-10-01 23:42:23,262 - [WinError 2] The system cannot find the file specified
2025-10-01 23:42:27,653 - 🔄 No pong in 30s. Retry 3/3
2025-10-01 23:42:27,655 - ❌ Connection lost.
2025-10-01 23:42:28,273 - [WinError 2] The system cannot find the file specified
2025-10-01 23:42:30,974 - ❌ Socket error: [WinError 10061] No connection could be made because the target machine actively refused it
2025-10-01 23:42:33,008 - ❌ Socket error: [WinError 10061] No connection could be made because the target machine actively refused it
2025-10-01 23:42:33,264 - [WinError 2] The system cannot find the file specified
2025-10-01 23:42:37,657 - 🔄 No pong in 30s. Retry 1/3
2025-10-01 23:42:38,260 - [WinError 2] The system cannot find the file specified
2025-10-01 23:42:43,269 - [WinError 2] The system cannot find the file specified
2025-10-01 23:42:45,978 - ❌ Socket error: [WinError 10061] No connection could be made because the target machine actively refused it
2025-10-01 23:42:47,659 - 🔄 No pong in 30s. Retry 2/3
2025-10-01 23:42:48,010 - ❌ Socket error: [WinError 10061] No connection could be made because the target machine actively refused it
2025-10-01 23:42:48,268 - [WinError 2] The system cannot find the file specified
2025-10-01 23:42:53,261 - [WinError 2] The system cannot find the file specified
2025-10-01 23:42:57,660 - 🔄 No pong in 30s. Retry 3/3
2025-10-01 23:42:57,660 - ❌ Connection lost.
2025-10-01 23:42:58,260 - [WinError 2] The system cannot find the file specified
2025-10-01 23:43:23,374 - ❌ Socket error: [WinError 10061] No connection could be made because the target machine actively refused it
2025-10-01 23:43:25,404 - ❌ Socket error: [WinError 10061] No connection could be made because the target machine actively refused it
2025-10-01 23:43:30,054 - 🔄 No pong in 30s. Retry 1/3
2025-10-01 23:43:30,453 - [WinError 2] The system cannot find the file specified
2025-10-01 23:43:32,619 - ❌ Could not connect: [WinError 10061] No connection could be made because the target machine actively refused it
2025-10-01 23:43:35,461 - [WinError 2] The system cannot find the file specified
2025-10-01 23:43:38,377 - ❌ Socket error: [WinError 10061] No connection could be made because the target machine actively refused it
2025-10-01 23:43:40,056 - 🔄 No pong in 30s. Retry 2/3
2025-10-01 23:43:40,399 - ❌ Socket error: [WinError 10061] No connection could be made because the target machine actively refused it
2025-10-01 23:43:40,450 - [WinError 2] The system cannot find the file specified
2025-10-01 23:43:45,475 - [WinError 2] The system cannot find the file specified
2025-10-01 23:43:50,058 - 🔄 No pong in 30s. Retry 3/3
2025-10-01 23:43:50,058 - ❌ Connection lost.
2025-10-01 23:43:50,478 - [WinError 2] The system cannot find the file specified
2025-10-01 23:43:53,366 - ❌ Socket error: [WinError 10061] No connection could be made because the target machine actively refused it
2025-10-01 23:43:55,402 - ❌ Socket error: [WinError 10061] No connection could be made because the target machine actively refused it
2025-10-01 23:43:55,495 - [WinError 2] The system cannot find the file specified
2025-10-01 23:44:00,060 - 🔄 No pong in 30s. Retry 1/3
2025-10-01 23:44:00,493 - [WinError 2] The system cannot find the file specified
2025-10-01 23:44:05,484 - [WinError 2] The system cannot find the file specified
2025-10-01 23:44:08,385 - ❌ Socket error: [WinError 10061] No connection could be made because the target machine actively refused it
2025-10-01 23:44:10,060 - 🔄 No pong in 30s. Retry 2/3
2025-10-01 23:44:10,421 - ❌ Socket error: [WinError 10061] No connection could be made because the target machine actively refused it
2025-10-01 23:44:10,496 - [WinError 2] The system cannot find the file specified
2025-10-01 23:44:15,496 - [WinError 2] The system cannot find the file specified
2025-10-01 23:44:20,062 - 🔄 No pong in 30s. Retry 3/3
2025-10-01 23:44:20,063 - ❌ Connection lost.
2025-10-01 23:44:20,500 - [WinError 2] The system cannot find the file specified
2025-10-01 23:44:23,373 - ❌ Socket error: [WinError 10061] No connection could be made because the target machine actively refused it
2025-10-01 23:44:25,410 - ❌ Socket error: [WinError 10061] No connection could be made because the target machine actively refused it
2025-10-01 23:44:25,521 - [WinError 2] The system cannot find the file specified
2025-10-01 23:44:30,063 - 🔄 No pong in 30s. Retry 1/3
2025-10-01 23:44:30,515 - [WinError 2] The system cannot find the file specified
2025-10-01 23:44:35,511 - [WinError 2] The system cannot find the file specified
2025-10-01 23:44:38,387 - ❌ Socket error: [WinError 10061] No connection could be made because the target machine actively refused it
2025-10-01 23:44:40,064 - 🔄 No pong in 30s. Retry 2/3
2025-10-01 23:44:40,412 - ❌ Socket error: [WinError 10061] No connection could be made because the target machine actively refused it
2025-10-01 23:44:40,598 - [WinError 2] The system cannot find the file specified
2025-10-01 23:44:45,519 - [WinError 2] The system cannot find the file specified
2025-10-01 23:44:50,065 - 🔄 No pong in 30s. Retry 3/3
2025-10-01 23:44:50,066 - ❌ Connection lost.
2025-10-01 23:44:50,523 - [WinError 2] The system cannot find the file specified
2025-10-01 23:44:53,386 - ❌ Socket error: [WinError 10061] No connection could be made because the target machine actively refused it
2025-10-01 23:44:55,421 - ❌ Socket error: [WinError 10061] No connection could be made because the target machine actively refused it
2025-10-01 23:44:55,532 - [WinError 2] The system cannot find the file specified
2025-10-01 23:45:00,066 - 🔄 No pong in 30s. Retry 1/3
2025-10-01 23:45:00,530 - [WinError 2] The system cannot find the file specified
2025-10-01 23:45:05,531 - [WinError 2] The system cannot find the file specified
2025-10-01 23:45:08,387 - ❌ Socket error: [WinError 10061] No connection could be made because the target machine actively refused it
2025-10-01 23:45:10,068 - 🔄 No pong in 30s. Retry 2/3
2025-10-01 23:45:10,393 - ❌ Socket error: [WinError 10061] No connection could be made because the target machine actively refused it
2025-10-01 23:45:10,545 - [WinError 2] The system cannot find the file specified
2025-10-01 23:45:15,546 - [WinError 2] The system cannot find the file specified
2025-10-01 23:45:20,068 - 🔄 No pong in 30s. Retry 3/3
2025-10-01 23:45:20,069 - ❌ Connection lost.
2025-10-01 23:45:20,554 - [WinError 2] The system cannot find the file specified
2025-10-01 23:45:23,393 - ❌ Socket error: [WinError 10061] No connection could be made because the target machine actively refused it
2025-10-01 23:45:25,429 - ❌ Socket error: [WinError 10061] No connection could be made because the target machine actively refused it
2025-10-01 23:45:25,551 - [WinError 2] The system cannot find the file specified
2025-10-01 23:45:30,070 - 🔄 No pong in 30s. Retry 1/3
2025-10-01 23:45:30,543 - [WinError 2] The system cannot find the file specified
2025-10-01 23:45:35,553 - [WinError 2] The system cannot find the file specified
2025-10-01 23:45:38,414 - ❌ Socket error: [WinError 10061] No connection could be made because the target machine actively refused it
2025-10-01 23:45:40,071 - 🔄 No pong in 30s. Retry 2/3
2025-10-01 23:45:40,432 - ❌ Socket error: [WinError 10061] No connection could be made because the target machine actively refused it
2025-10-01 23:45:40,549 - [WinError 2] The system cannot find the file specified
2025-10-01 23:45:45,556 - [WinError 2] The system cannot find the file specified
2025-10-01 23:45:50,072 - 🔄 No pong in 30s. Retry 3/3
2025-10-01 23:45:50,073 - ❌ Connection lost.
2025-10-01 23:45:50,559 - [WinError 2] The system cannot find the file specified
2025-10-01 23:45:53,403 - ❌ Socket error: [WinError 10061] No connection could be made because the target machine actively refused it
2025-10-01 23:45:55,431 - ❌ Socket error: [WinError 10061] No connection could be made because the target machine actively refused it
2025-10-01 23:45:55,548 - [WinError 2] The system cannot find the file specified
2025-10-01 23:46:00,078 - 🔄 No pong in 30s. Retry 1/3
2025-10-01 23:46:00,546 - [WinError 2] The system cannot find the file specified
2025-10-01 23:46:05,588 - [WinError 2] The system cannot find the file specified
2025-10-01 23:46:08,436 - ❌ Socket error: [WinError 10061] No connection could be made because the target machine actively refused it
2025-10-01 23:46:10,082 - 🔄 No pong in 30s. Retry 2/3
2025-10-01 23:46:10,481 - ❌ Socket error: [WinError 10061] No connection could be made because the target machine actively refused it
2025-10-01 23:46:10,566 - [WinError 2] The system cannot find the file specified
2025-10-01 23:46:15,568 - [WinError 2] The system cannot find the file specified
2025-10-01 23:46:20,083 - 🔄 No pong in 30s. Retry 3/3
2025-10-01 23:46:20,084 - ❌ Connection lost.
2025-10-01 23:46:20,570 - [WinError 2] The system cannot find the file specified
2025-10-01 23:46:23,402 - ❌ Socket error: [WinError 10061] No connection could be made because the target machine actively refused it
2025-10-01 23:46:25,432 - ❌ Socket error: [WinError 10061] No connection could be made because the target machine actively refused it
2025-10-01 23:46:25,573 - [WinError 2] The system cannot find the file specified
2025-10-01 23:46:30,085 - 🔄 No pong in 30s. Retry 1/3
2025-10-01 23:46:30,572 - [WinError 2] The system cannot find the file specified
2025-10-01 23:46:35,571 - [WinError 2] The system cannot find the file specified
2025-10-01 23:46:38,433 - ❌ Socket error: [WinError 10061] No connection could be made because the target machine actively refused it
2025-10-01 23:46:40,086 - 🔄 No pong in 30s. Retry 2/3
2025-10-01 23:46:40,469 - ❌ Socket error: [WinError 10061] No connection could be made because the target machine actively refused it
2025-10-01 23:46:40,571 - [WinError 2] The system cannot find the file specified
2025-10-01 23:46:45,563 - [WinError 2] The system cannot find the file specified
2025-10-01 23:46:50,088 - 🔄 No pong in 30s. Retry 3/3
2025-10-01 23:46:50,089 - ❌ Connection lost.
2025-10-01 23:46:50,571 - [WinError 2] The system cannot find the file specified
2025-10-01 23:46:53,422 - ❌ Socket error: [WinError 10061] No connection could be made because the target machine actively refused it
2025-10-01 23:46:55,474 - ❌ Socket error: [WinError 10061] No connection could be made because the target machine actively refused it
2025-10-01 23:46:55,588 - [WinError 2] The system cannot find the file specified
2025-10-01 23:47:00,099 - 🔄 No pong in 30s. Retry 1/3
2025-10-01 23:47:00,595 - [WinError 2] The system cannot find the file specified
2025-10-01 23:47:05,592 - [WinError 2] The system cannot find the file specified
2025-10-01 23:47:08,440 - ❌ Socket error: [WinError 10061] No connection could be made because the target machine actively refused it
2025-10-01 23:47:10,102 - 🔄 No pong in 30s. Retry 2/3
2025-10-01 23:47:10,453 - ❌ Socket error: [WinError 10061] No connection could be made because the target machine actively refused it
2025-10-01 23:47:10,595 - [WinError 2] The system cannot find the file specified
2025-10-01 23:47:15,615 - [WinError 2] The system cannot find the file specified
2025-10-01 23:47:20,103 - 🔄 No pong in 30s. Retry 3/3
2025-10-01 23:47:20,105 - ❌ Connection lost.
2025-10-01 23:47:20,617 - [WinError 2] The system cannot find the file specified
2025-10-01 23:47:23,409 - ❌ Socket error: [WinError 10061] No connection could be made because the target machine actively refused it
2025-10-01 23:47:25,458 - ❌ Socket error: [WinError 10061] No connection could be made because the target machine actively refused it
2025-10-01 23:47:25,611 - [WinError 2] The system cannot find the file specified
2025-10-01 23:47:30,107 - 🔄 No pong in 30s. Retry 1/3
2025-10-01 23:47:30,611 - [WinError 2] The system cannot find the file specified
2025-10-01 23:47:35,612 - [WinError 2] The system cannot find the file specified
2025-10-01 23:47:38,425 - ❌ Socket error: [WinError 10061] No connection could be made because the target machine actively refused it
2025-10-01 23:47:40,109 - 🔄 No pong in 30s. Retry 2/3
2025-10-01 23:47:40,443 - ❌ Socket error: [WinError 10061] No connection could be made because the target machine actively refused it
2025-10-01 23:47:40,617 - [WinError 2] The system cannot find the file specified
2025-10-01 23:47:45,624 - [WinError 2] The system cannot find the file specified
2025-10-01 23:47:50,110 - 🔄 No pong in 30s. Retry 3/3
2025-10-01 23:47:50,110 - ❌ Connection lost.
2025-10-01 23:47:50,629 - [WinError 2] The system cannot find the file specified
2025-10-01 23:48:08,209 - ❌ Socket error: [WinError 10061] No connection could be made because the target machine actively refused it
2025-10-01 23:48:10,255 - ❌ Socket error: [WinError 10061] No connection could be made because the target machine actively refused it
2025-10-01 23:48:13,978 - 🔄 No pong in 30s. Retry 1/3
2025-10-01 23:48:15,281 - [WinError 2] The system cannot find the file specified
2025-10-01 23:48:20,281 - [WinError 2] The system cannot find the file specified
2025-10-01 23:48:22,378 - ❌ Could not connect: [WinError 10061] No connection could be made because the target machine actively refused it
2025-10-01 23:48:23,980 - 🔄 No pong in 30s. Retry 2/3
2025-10-01 23:48:24,413 - ❌ Socket error: [WinError 10061] No connection could be made because the target machine actively refused it
2025-10-01 23:48:26,447 - ❌ Socket error: [WinError 10061] No connection could be made because the target machine actively refused it
2025-10-01 23:48:26,456 - [WinError 2] The system cannot find the file specified
2025-10-01 23:48:30,282 - [WinError 2] The system cannot find the file specified
2025-10-01 23:48:33,982 - 🔄 No pong in 30s. Retry 3/3
2025-10-01 23:48:33,982 - ❌ Connection lost.
2025-10-01 23:48:35,282 - [WinError 2] The system cannot find the file specified
2025-10-01 23:48:38,196 - ❌ Socket error: [WinError 10061] No connection could be made because the target machine actively refused it
2025-10-01 23:48:40,222 - ❌ Socket error: [WinError 10061] No connection could be made because the target machine actively refused it
2025-10-01 23:48:40,304 - [WinError 2] The system cannot find the file specified
2025-10-01 23:48:43,983 - 🔄 No pong in 30s. Retry 1/3
2025-10-01 23:48:45,295 - [WinError 2] The system cannot find the file specified
2025-10-01 23:48:50,312 - [WinError 2] The system cannot find the file specified
2025-10-01 23:48:53,207 - ❌ Socket error: [WinError 10061] No connection could be made because the target machine actively refused it
2025-10-01 23:48:53,984 - 🔄 No pong in 30s. Retry 2/3
2025-10-01 23:48:55,251 - ❌ Socket error: [WinError 10061] No connection could be made because the target machine actively refused it
2025-10-01 23:48:55,316 - [WinError 2] The system cannot find the file specified
2025-10-01 23:49:00,307 - [WinError 2] The system cannot find the file specified
2025-10-01 23:49:03,985 - 🔄 No pong in 30s. Retry 3/3
2025-10-01 23:49:03,988 - ❌ Connection lost.
2025-10-01 23:49:05,318 - [WinError 2] The system cannot find the file specified
2025-10-01 23:49:08,203 - ❌ Socket error: [WinError 10061] No connection could be made because the target machine actively refused it
2025-10-01 23:49:10,257 - ❌ Socket error: [WinError 10061] No connection could be made because the target machine actively refused it
2025-10-01 23:49:10,313 - [WinError 2] The system cannot find the file specified
2025-10-01 23:49:13,991 - 🔄 No pong in 30s. Retry 1/3
2025-10-01 23:49:15,317 - [WinError 2] The system cannot find the file specified
2025-10-01 23:49:20,310 - [WinError 2] The system cannot find the file specified
2025-10-01 23:49:23,215 - ❌ Socket error: [WinError 10061] No connection could be made because the target machine actively refused it
2025-10-01 23:49:23,993 - 🔄 No pong in 30s. Retry 2/3
2025-10-01 23:49:25,263 - ❌ Socket error: [WinError 10061] No connection could be made because the target machine actively refused it
2025-10-01 23:49:25,312 - [WinError 2] The system cannot find the file specified
2025-10-01 23:49:30,311 - [WinError 2] The system cannot find the file specified
2025-10-01 23:49:33,994 - 🔄 No pong in 30s. Retry 3/3
2025-10-01 23:49:33,994 - ❌ Connection lost.
2025-10-01 23:49:35,330 - [WinError 2] The system cannot find the file specified
2025-10-01 23:49:38,223 - ❌ Socket error: [WinError 10061] No connection could be made because the target machine actively refused it
2025-10-01 23:49:40,251 - ❌ Socket error: [WinError 10061] No connection could be made because the target machine actively refused it
2025-10-01 23:49:40,332 - [WinError 2] The system cannot find the file specified
2025-10-01 23:49:43,996 - 🔄 No pong in 30s. Retry 1/3
2025-10-01 23:49:45,338 - [WinError 2] The system cannot find the file specified
2025-10-01 23:49:50,525 - [WinError 2] The system cannot find the file specified
2025-10-01 23:49:53,231 - ❌ Socket error: [WinError 10061] No connection could be made because the target machine actively refused it
2025-10-01 23:49:53,998 - 🔄 No pong in 30s. Retry 2/3
2025-10-01 23:49:55,261 - ❌ Socket error: [WinError 10061] No connection could be made because the target machine actively refused it
2025-10-01 23:49:55,344 - [WinError 2] The system cannot find the file specified
2025-10-01 23:50:00,348 - [WinError 2] The system cannot find the file specified
2025-10-01 23:50:03,999 - 🔄 No pong in 30s. Retry 3/3
2025-10-01 23:50:04,000 - ❌ Connection lost.
2025-10-01 23:50:05,345 - [WinError 2] The system cannot find the file specified
2025-10-01 23:50:08,219 - ❌ Socket error: [WinError 10061] No connection could be made because the target machine actively refused it
2025-10-01 23:50:10,240 - ❌ Socket error: [WinError 10061] No connection could be made because the target machine actively refused it
2025-10-01 23:50:10,348 - [WinError 2] The system cannot find the file specified
2025-10-01 23:50:14,002 - 🔄 No pong in 30s. Retry 1/3
2025-10-01 23:50:15,352 - [WinError 2] The system cannot find the file specified
2025-10-01 23:50:20,346 - [WinError 2] The system cannot find the file specified
2025-10-01 23:50:23,228 - ❌ Socket error: [WinError 10061] No connection could be made because the target machine actively refused it
2025-10-01 23:50:24,004 - 🔄 No pong in 30s. Retry 2/3
2025-10-01 23:50:25,255 - ❌ Socket error: [WinError 10061] No connection could be made because the target machine actively refused it
2025-10-01 23:50:25,353 - [WinError 2] The system cannot find the file specified
2025-10-01 23:50:30,343 - [WinError 2] The system cannot find the file specified
2025-10-01 23:50:34,006 - 🔄 No pong in 30s. Retry 3/3
2025-10-01 23:50:34,007 - ❌ Connection lost.
2025-10-01 23:50:35,345 - [WinError 2] The system cannot find the file specified
2025-10-01 23:50:38,202 - ❌ Socket error: [WinError 10061] No connection could be made because the target machine actively refused it
2025-10-01 23:50:40,249 - ❌ Socket error: [WinError 10061] No connection could be made because the target machine actively refused it
2025-10-01 23:50:40,342 - [WinError 2] The system cannot find the file specified
2025-10-01 23:50:44,014 - 🔄 No pong in 30s. Retry 1/3
2025-10-01 23:50:45,347 - [WinError 2] The system cannot find the file specified
2025-10-01 23:50:50,342 - [WinError 2] The system cannot find the file specified
2025-10-01 23:50:53,211 - ❌ Socket error: [WinError 10061] No connection could be made because the target machine actively refused it
2025-10-01 23:50:54,016 - 🔄 No pong in 30s. Retry 2/3
2025-10-01 23:50:55,235 - ❌ Socket error: [WinError 10061] No connection could be made because the target machine actively refused it
2025-10-01 23:50:55,350 - [WinError 2] The system cannot find the file specified
2025-10-01 23:51:00,357 - [WinError 2] The system cannot find the file specified
2025-10-01 23:51:04,017 - 🔄 No pong in 30s. Retry 3/3
2025-10-01 23:51:04,018 - ❌ Connection lost.
2025-10-01 23:51:05,367 - [WinError 2] The system cannot find the file specified
2025-10-01 23:51:08,205 - ❌ Socket error: [WinError 10061] No connection could be made because the target machine actively refused it
2025-10-01 23:51:10,232 - ❌ Socket error: [WinError 10061] No connection could be made because the target machine actively refused it
2025-10-01 23:51:10,375 - [WinError 2] The system cannot find the file specified
2025-10-01 23:51:14,019 - 🔄 No pong in 30s. Retry 1/3
2025-10-01 23:51:15,398 - [WinError 2] The system cannot find the file specified
2025-10-01 23:51:20,397 - [WinError 2] The system cannot find the file specified
2025-10-01 23:51:23,198 - ❌ Socket error: [WinError 10061] No connection could be made because the target machine actively refused it
2025-10-01 23:51:24,023 - 🔄 No pong in 30s. Retry 2/3
2025-10-01 23:51:25,228 - ❌ Socket error: [WinError 10061] No connection could be made because the target machine actively refused it
2025-10-01 23:51:25,396 - [WinError 2] The system cannot find the file specified
2025-10-01 23:51:30,399 - [WinError 2] The system cannot find the file specified
2025-10-01 23:51:34,024 - 🔄 No pong in 30s. Retry 3/3
2025-10-01 23:51:34,025 - ❌ Connection lost.
2025-10-01 23:51:35,398 - [WinError 2] The system cannot find the file specified
2025-10-01 23:51:38,228 - ❌ Socket error: [WinError 10061] No connection could be made because the target machine actively refused it
2025-10-01 23:51:40,264 - ❌ Socket error: [WinError 10061] No connection could be made because the target machine actively refused it
2025-10-01 23:51:40,389 - [WinError 2] The system cannot find the file specified
2025-10-01 23:51:44,026 - 🔄 No pong in 30s. Retry 1/3
2025-10-01 23:51:45,401 - [WinError 2] The system cannot find the file specified
2025-10-01 23:51:50,415 - [WinError 2] The system cannot find the file specified
2025-10-01 23:51:53,230 - ❌ Socket error: [WinError 10061] No connection could be made because the target machine actively refused it
2025-10-01 23:51:54,028 - 🔄 No pong in 30s. Retry 2/3
2025-10-01 23:51:55,266 - ❌ Socket error: [WinError 10061] No connection could be made because the target machine actively refused it
2025-10-01 23:51:55,390 - [WinError 2] The system cannot find the file specified
2025-10-01 23:52:00,398 - [WinError 2] The system cannot find the file specified
2025-10-01 23:52:04,028 - 🔄 No pong in 30s. Retry 3/3
2025-10-01 23:52:04,029 - ❌ Connection lost.
2025-10-01 23:52:05,390 - [WinError 2] The system cannot find the file specified
2025-10-01 23:52:08,238 - ❌ Socket error: [WinError 10061] No connection could be made because the target machine actively refused it
2025-10-01 23:52:10,257 - ❌ Socket error: [WinError 10061] No connection could be made because the target machine actively refused it
2025-10-01 23:52:10,386 - [WinError 2] The system cannot find the file specified
2025-10-01 23:52:14,030 - 🔄 No pong in 30s. Retry 1/3
2025-10-01 23:52:15,407 - [WinError 2] The system cannot find the file specified
2025-10-01 23:52:20,407 - [WinError 2] The system cannot find the file specified
2025-10-01 23:52:23,269 - ❌ Socket error: [WinError 10061] No connection could be made because the target machine actively refused it
2025-10-01 23:52:24,031 - 🔄 No pong in 30s. Retry 2/3
2025-10-01 23:52:25,314 - ❌ Socket error: [WinError 10061] No connection could be made because the target machine actively refused it
2025-10-01 23:52:25,412 - [WinError 2] The system cannot find the file specified
2025-10-01 23:52:30,407 - [WinError 2] The system cannot find the file specified
2025-10-01 23:52:34,033 - 🔄 No pong in 30s. Retry 3/3
2025-10-01 23:52:34,036 - ❌ Connection lost.
2025-10-01 23:52:35,410 - [WinError 2] The system cannot find the file specified
2025-10-01 23:52:38,268 - ❌ Socket error: [WinError 10061] No connection could be made because the target machine actively refused it
2025-10-01 23:52:40,308 - ❌ Socket error: [WinError 10061] No connection could be made because the target machine actively refused it
2025-10-01 23:52:40,404 - [WinError 2] The system cannot find the file specified
2025-10-01 23:52:44,039 - 🔄 No pong in 30s. Retry 1/3
2025-10-01 23:52:45,409 - [WinError 2] The system cannot find the file specified
2025-10-01 23:52:50,407 - [WinError 2] The system cannot find the file specified
2025-10-01 23:52:53,265 - ❌ Socket error: [WinError 10061] No connection could be made because the target machine actively refused it
2025-10-01 23:52:54,040 - 🔄 No pong in 30s. Retry 2/3
2025-10-01 23:52:55,301 - ❌ Socket error: [WinError 10061] No connection could be made because the target machine actively refused it
2025-10-01 23:52:55,411 - [WinError 2] The system cannot find the file specified
2025-10-01 23:53:00,406 - [WinError 2] The system cannot find the file specified
2025-10-01 23:53:04,042 - 🔄 No pong in 30s. Retry 3/3
2025-10-01 23:53:04,042 - ❌ Connection lost.
2025-10-01 23:53:05,401 - [WinError 2] The system cannot find the file specified
2025-10-01 23:53:08,257 - ❌ Socket error: [WinError 10061] No connection could be made because the target machine actively refused it
2025-10-01 23:53:10,306 - ❌ Socket error: [WinError 10061] No connection could be made because the target machine actively refused it
2025-10-01 23:53:10,411 - [WinError 2] The system cannot find the file specified
2025-10-01 23:53:14,043 - 🔄 No pong in 30s. Retry 1/3
2025-10-01 23:53:15,405 - [WinError 2] The system cannot find the file specified
2025-10-01 23:53:20,411 - [WinError 2] The system cannot find the file specified
2025-10-01 23:53:23,255 - ❌ Socket error: [WinError 10061] No connection could be made because the target machine actively refused it
2025-10-01 23:53:24,045 - 🔄 No pong in 30s. Retry 2/3
2025-10-01 23:53:25,271 - ❌ Socket error: [WinError 10061] No connection could be made because the target machine actively refused it
2025-10-01 23:53:25,405 - [WinError 2] The system cannot find the file specified
2025-10-01 23:53:30,416 - [WinError 2] The system cannot find the file specified
2025-10-01 23:53:34,046 - 🔄 No pong in 30s. Retry 3/3
2025-10-01 23:53:34,048 - ❌ Connection lost.
2025-10-01 23:53:35,446 - [WinError 2] The system cannot find the file specified
2025-10-01 23:53:38,265 - ❌ Socket error: [WinError 10061] No connection could be made because the target machine actively refused it
2025-10-01 23:53:40,307 - ❌ Socket error: [WinError 10061] No connection could be made because the target machine actively refused it
2025-10-01 23:53:40,449 - [WinError 2] The system cannot find the file specified
2025-10-01 23:53:44,050 - 🔄 No pong in 30s. Retry 1/3
2025-10-01 23:53:45,463 - [WinError 2] The system cannot find the file specified
2025-10-01 23:53:50,471 - [WinError 2] The system cannot find the file specified
2025-10-01 23:53:53,280 - ❌ Socket error: [WinError 10061] No connection could be made because the target machine actively refused it
2025-10-01 23:53:54,052 - 🔄 No pong in 30s. Retry 2/3
2025-10-01 23:53:55,303 - ❌ Socket error: [WinError 10061] No connection could be made because the target machine actively refused it
2025-10-01 23:53:55,480 - [WinError 2] The system cannot find the file specified
2025-10-01 23:54:00,498 - [WinError 2] The system cannot find the file specified
2025-10-01 23:54:04,052 - 🔄 No pong in 30s. Retry 3/3
2025-10-01 23:54:04,053 - ❌ Connection lost.
2025-10-01 23:54:05,505 - [WinError 2] The system cannot find the file specified
2025-10-01 23:54:08,278 - ❌ Socket error: [WinError 10061] No connection could be made because the target machine actively refused it
2025-10-01 23:54:10,316 - ❌ Socket error: [WinError 10061] No connection could be made because the target machine actively refused it
2025-10-01 23:54:10,509 - [WinError 2] The system cannot find the file specified
2025-10-01 23:54:14,055 - 🔄 No pong in 30s. Retry 1/3
2025-10-01 23:54:15,532 - [WinError 2] The system cannot find the file specified
2025-10-01 23:54:20,509 - [WinError 2] The system cannot find the file specified
2025-10-01 23:54:23,281 - ❌ Socket error: [WinError 10061] No connection could be made because the target machine actively refused it
2025-10-01 23:54:24,057 - 🔄 No pong in 30s. Retry 2/3
2025-10-01 23:54:25,318 - ❌ Socket error: [WinError 10061] No connection could be made because the target machine actively refused it
2025-10-01 23:54:25,523 - [WinError 2] The system cannot find the file specified
2025-10-01 23:54:30,514 - [WinError 2] The system cannot find the file specified
2025-10-01 23:54:34,059 - 🔄 No pong in 30s. Retry 3/3
2025-10-01 23:54:34,063 - ❌ Connection lost.
2025-10-01 23:54:35,517 - [WinError 2] The system cannot find the file specified
2025-10-01 23:54:38,293 - ❌ Socket error: [WinError 10061] No connection could be made because the target machine actively refused it
2025-10-01 23:54:40,317 - ❌ Socket error: [WinError 10061] No connection could be made because the target machine actively refused it
2025-10-01 23:54:40,523 - [WinError 2] The system cannot find the file specified
2025-10-01 23:54:44,067 - 🔄 No pong in 30s. Retry 1/3
2025-10-01 23:54:45,522 - [WinError 2] The system cannot find the file specified
2025-10-01 23:55:40,327 - ❌ Socket error: [WinError 10061] No connection could be made because the target machine actively refused it
2025-10-01 23:55:42,362 - ❌ Socket error: [WinError 10061] No connection could be made because the target machine actively refused it
2025-10-01 23:55:46,993 - 🔄 No pong in 30s. Retry 1/3
2025-10-01 23:55:47,376 - [WinError 2] The system cannot find the file specified
2025-10-01 23:55:49,637 - ❌ Could not connect: [WinError 10061] No connection could be made because the target machine actively refused it
2025-10-01 23:55:52,372 - [WinError 2] The system cannot find the file specified
2025-10-01 23:55:55,331 - ❌ Socket error: [WinError 10061] No connection could be made because the target machine actively refused it
2025-10-01 23:55:56,995 - 🔄 No pong in 30s. Retry 2/3
2025-10-01 23:55:57,358 - ❌ Socket error: [WinError 10061] No connection could be made because the target machine actively refused it
2025-10-01 23:55:57,371 - [WinError 2] The system cannot find the file specified
2025-10-01 23:56:02,376 - [WinError 2] The system cannot find the file specified
2025-10-01 23:56:06,997 - 🔄 No pong in 30s. Retry 3/3
2025-10-01 23:56:06,998 - ❌ Connection lost.
2025-10-01 23:56:07,389 - [WinError 2] The system cannot find the file specified
2025-10-01 23:56:10,354 - ❌ Socket error: [WinError 10061] No connection could be made because the target machine actively refused it
2025-10-01 23:56:12,397 - ❌ Socket error: [WinError 10061] No connection could be made because the target machine actively refused it
2025-10-01 23:56:12,410 - [WinError 2] The system cannot find the file specified
2025-10-01 23:56:16,999 - 🔄 No pong in 30s. Retry 1/3
2025-10-01 23:56:17,397 - [WinError 2] The system cannot find the file specified
2025-10-01 23:56:22,391 - [WinError 2] The system cannot find the file specified
2025-10-01 23:56:25,332 - ❌ Socket error: [WinError 10061] No connection could be made because the target machine actively refused it
2025-10-01 23:56:27,000 - 🔄 No pong in 30s. Retry 2/3
2025-10-01 23:56:27,359 - ❌ Socket error: [WinError 10061] No connection could be made because the target machine actively refused it
2025-10-01 23:56:27,392 - [WinError 2] The system cannot find the file specified
2025-10-01 23:56:32,396 - [WinError 2] The system cannot find the file specified
2025-10-01 23:56:37,001 - 🔄 No pong in 30s. Retry 3/3
2025-10-01 23:56:37,003 - ❌ Connection lost.
2025-10-01 23:56:37,384 - [WinError 2] The system cannot find the file specified
2025-10-01 23:56:40,354 - ❌ Socket error: [WinError 10061] No connection could be made because the target machine actively refused it
2025-10-01 23:56:42,404 - ❌ Socket error: [WinError 10061] No connection could be made because the target machine actively refused it
2025-10-01 23:56:42,428 - [WinError 2] The system cannot find the file specified
2025-10-01 23:56:47,004 - 🔄 No pong in 30s. Retry 1/3
2025-10-01 23:56:47,397 - [WinError 2] The system cannot find the file specified
2025-10-01 23:56:52,396 - [WinError 2] The system cannot find the file specified
2025-10-01 23:56:55,351 - ❌ Socket error: [WinError 10061] No connection could be made because the target machine actively refused it
2025-10-01 23:56:57,005 - 🔄 No pong in 30s. Retry 2/3
2025-10-01 23:56:57,395 - ❌ Socket error: [WinError 10061] No connection could be made because the target machine actively refused it
2025-10-01 23:56:57,402 - [WinError 2] The system cannot find the file specified
2025-10-01 23:57:02,396 - [WinError 2] The system cannot find the file specified
2025-10-01 23:57:07,006 - 🔄 No pong in 30s. Retry 3/3
2025-10-01 23:57:07,007 - ❌ Connection lost.
2025-10-01 23:57:07,396 - [WinError 2] The system cannot find the file specified
2025-10-01 23:57:10,349 - ❌ Socket error: [WinError 10061] No connection could be made because the target machine actively refused it
2025-10-01 23:57:12,382 - ❌ Socket error: [WinError 10061] No connection could be made because the target machine actively refused it
2025-10-01 23:57:12,408 - [WinError 2] The system cannot find the file specified
2025-10-01 23:57:17,009 - 🔄 No pong in 30s. Retry 1/3
2025-10-01 23:57:17,389 - [WinError 2] The system cannot find the file specified
2025-10-01 23:57:22,385 - [WinError 2] The system cannot find the file specified
2025-10-01 23:57:25,360 - ❌ Socket error: [WinError 10061] No connection could be made because the target machine actively refused it
2025-10-01 23:57:27,010 - 🔄 No pong in 30s. Retry 2/3
2025-10-01 23:57:27,385 - ❌ Socket error: [WinError 10061] No connection could be made because the target machine actively refused it
2025-10-01 23:57:27,402 - [WinError 2] The system cannot find the file specified
2025-10-01 23:57:32,393 - [WinError 2] The system cannot find the file specified
2025-10-01 23:57:37,011 - 🔄 No pong in 30s. Retry 3/3
2025-10-01 23:57:37,013 - ❌ Connection lost.
2025-10-01 23:57:37,395 - [WinError 2] The system cannot find the file specified
2025-10-01 23:57:40,357 - ❌ Socket error: [WinError 10061] No connection could be made because the target machine actively refused it
2025-10-01 23:57:42,397 - ❌ Socket error: [WinError 10061] No connection could be made because the target machine actively refused it
2025-10-01 23:57:42,417 - [WinError 2] The system cannot find the file specified
2025-10-01 23:57:47,015 - 🔄 No pong in 30s. Retry 1/3
2025-10-01 23:57:47,395 - [WinError 2] The system cannot find the file specified
2025-10-01 23:57:52,407 - [WinError 2] The system cannot find the file specified
2025-10-01 23:57:55,344 - ❌ Socket error: [WinError 10061] No connection could be made because the target machine actively refused it
2025-10-01 23:57:57,016 - 🔄 No pong in 30s. Retry 2/3
2025-10-01 23:57:57,375 - ❌ Socket error: [WinError 10061] No connection could be made because the target machine actively refused it
2025-10-01 23:57:57,390 - [WinError 2] The system cannot find the file specified
2025-10-01 23:58:02,394 - [WinError 2] The system cannot find the file specified
2025-10-01 23:58:07,017 - 🔄 No pong in 30s. Retry 3/3
2025-10-01 23:58:07,018 - ❌ Connection lost.
2025-10-01 23:58:07,393 - [WinError 2] The system cannot find the file specified
2025-10-01 23:58:10,359 - ❌ Socket error: [WinError 10061] No connection could be made because the target machine actively refused it
2025-10-01 23:58:12,404 - ❌ Socket error: [WinError 10061] No connection could be made because the target machine actively refused it
2025-10-01 23:58:12,433 - [WinError 2] The system cannot find the file specified
2025-10-01 23:58:17,020 - 🔄 No pong in 30s. Retry 1/3
2025-10-01 23:58:17,387 - [WinError 2] The system cannot find the file specified
2025-10-01 23:58:22,400 - [WinError 2] The system cannot find the file specified
2025-10-01 23:58:25,365 - ❌ Socket error: [WinError 10061] No connection could be made because the target machine actively refused it
2025-10-01 23:58:27,023 - 🔄 No pong in 30s. Retry 2/3
2025-10-01 23:58:27,393 - ❌ Socket error: [WinError 10061] No connection could be made because the target machine actively refused it
2025-10-01 23:58:27,402 - [WinError 2] The system cannot find the file specified
2025-10-01 23:58:32,392 - [WinError 2] The system cannot find the file specified
2025-10-01 23:58:37,024 - 🔄 No pong in 30s. Retry 3/3
2025-10-01 23:58:37,025 - ❌ Connection lost.
2025-10-01 23:58:37,388 - [WinError 2] The system cannot find the file specified
2025-10-01 23:58:40,361 - ❌ Socket error: [WinError 10061] No connection could be made because the target machine actively refused it
2025-10-01 23:58:42,382 - ❌ Socket error: [WinError 10061] No connection could be made because the target machine actively refused it
2025-10-01 23:58:42,390 - [WinError 2] The system cannot find the file specified
2025-10-01 23:58:47,026 - 🔄 No pong in 30s. Retry 1/3
2025-10-01 23:58:47,401 - [WinError 2] The system cannot find the file specified
2025-10-01 23:58:52,389 - [WinError 2] The system cannot find the file specified
2025-10-01 23:58:55,358 - ❌ Socket error: [WinError 10061] No connection could be made because the target machine actively refused it
2025-10-01 23:58:57,029 - 🔄 No pong in 30s. Retry 2/3
2025-10-01 23:58:57,387 - ❌ Socket error: [WinError 10061] No connection could be made because the target machine actively refused it
2025-10-01 23:58:57,395 - [WinError 2] The system cannot find the file specified
2025-10-01 23:59:02,401 - [WinError 2] The system cannot find the file specified
2025-10-01 23:59:07,030 - 🔄 No pong in 30s. Retry 3/3
2025-10-01 23:59:07,031 - ❌ Connection lost.
2025-10-01 23:59:07,414 - [WinError 2] The system cannot find the file specified
2025-10-01 23:59:10,360 - ❌ Socket error: [WinError 10061] No connection could be made because the target machine actively refused it
2025-10-01 23:59:12,401 - ❌ Socket error: [WinError 10061] No connection could be made because the target machine actively refused it
2025-10-01 23:59:12,426 - [WinError 2] The system cannot find the file specified
2025-10-01 23:59:17,032 - 🔄 No pong in 30s. Retry 1/3
2025-10-01 23:59:17,423 - [WinError 2] The system cannot find the file specified
2025-10-01 23:59:22,425 - [WinError 2] The system cannot find the file specified
2025-10-01 23:59:25,383 - ❌ Socket error: [WinError 10061] No connection could be made because the target machine actively refused it
2025-10-01 23:59:27,033 - 🔄 No pong in 30s. Retry 2/3
2025-10-01 23:59:27,420 - ❌ Socket error: [WinError 10061] No connection could be made because the target machine actively refused it
2025-10-01 23:59:27,439 - [WinError 2] The system cannot find the file specified
2025-10-01 23:59:32,435 - [WinError 2] The system cannot find the file specified
2025-10-01 23:59:37,034 - 🔄 No pong in 30s. Retry 3/3
2025-10-01 23:59:37,037 - ❌ Connection lost.
2025-10-01 23:59:37,438 - [WinError 2] The system cannot find the file specified
2025-10-01 23:59:40,380 - ❌ Socket error: [WinError 10061] No connection could be made because the target machine actively refused it
2025-10-01 23:59:42,423 - ❌ Socket error: [WinError 10061] No connection could be made because the target machine actively refused it
2025-10-01 23:59:42,451 - [WinError 2] The system cannot find the file specified
2025-10-01 23:59:47,040 - 🔄 No pong in 30s. Retry 1/3
2025-10-01 23:59:47,443 - [WinError 2] The system cannot find the file specified
2025-10-01 23:59:52,439 - [WinError 2] The system cannot find the file specified
2025-10-01 23:59:55,369 - ❌ Socket error: [WinError 10061] No connection could be made because the target machine actively refused it
2025-10-01 23:59:57,044 - 🔄 No pong in 30s. Retry 2/3
2025-10-01 23:59:57,411 - ❌ Socket error: [WinError 10061] No connection could be made because the target machine actively refused it
2025-10-01 23:59:57,445 - [WinError 2] The system cannot find the file specified
2025-10-02 00:00:02,433 - [WinError 2] The system cannot find the file specified
2025-10-02 00:00:07,046 - 🔄 No pong in 30s. Retry 3/3
2025-10-02 00:00:07,049 - ❌ Connection lost.
2025-10-02 00:00:07,449 - [WinError 2] The system cannot find the file specified
2025-10-02 00:00:10,367 - ❌ Socket error: [WinError 10061] No connection could be made because the target machine actively refused it
2025-10-02 00:00:12,406 - ❌ Socket error: [WinError 10061] No connection could be made because the target machine actively refused it
2025-10-02 00:00:12,459 - [WinError 2] The system cannot find the file specified
2025-10-02 00:00:17,051 - 🔄 No pong in 30s. Retry 1/3
2025-10-02 00:00:17,454 - [WinError 2] The system cannot find the file specified
2025-10-02 00:00:22,464 - [WinError 2] The system cannot find the file specified
2025-10-02 00:00:25,376 - ❌ Socket error: [WinError 10061] No connection could be made because the target machine actively refused it
2025-10-02 00:00:27,052 - 🔄 No pong in 30s. Retry 2/3
2025-10-02 00:00:27,413 - ❌ Socket error: [WinError 10061] No connection could be made because the target machine actively refused it
2025-10-02 00:00:27,463 - [WinError 2] The system cannot find the file specified
2025-10-02 00:00:32,480 - [WinError 2] The system cannot find the file specified
2025-10-02 00:00:37,053 - 🔄 No pong in 30s. Retry 3/3
2025-10-02 00:00:37,054 - ❌ Connection lost.
2025-10-02 00:00:37,467 - [WinError 2] The system cannot find the file specified
2025-10-02 00:00:40,381 - ❌ Socket error: [WinError 10061] No connection could be made because the target machine actively refused it
2025-10-02 00:00:42,404 - ❌ Socket error: [WinError 10061] No connection could be made because the target machine actively refused it
2025-10-02 00:00:42,469 - [WinError 2] The system cannot find the file specified
2025-10-02 00:00:47,055 - 🔄 No pong in 30s. Retry 1/3
2025-10-02 00:00:47,464 - [WinError 2] The system cannot find the file specified
2025-10-02 00:00:52,475 - [WinError 2] The system cannot find the file specified
2025-10-02 00:00:55,393 - ❌ Socket error: [WinError 10061] No connection could be made because the target machine actively refused it
2025-10-02 00:00:57,056 - 🔄 No pong in 30s. Retry 2/3
2025-10-02 00:00:57,426 - ❌ Socket error: [WinError 10061] No connection could be made because the target machine actively refused it
2025-10-02 00:00:57,483 - [WinError 2] The system cannot find the file specified
2025-10-02 00:01:02,466 - [WinError 2] The system cannot find the file specified
2025-10-02 00:12:47,520 - ❌ Socket error: name 'HOST' is not defined
2025-10-02 00:12:47,522 - ❌ Socket error: name 'HOST' is not defined
2025-10-02 00:12:52,556 - [WinError 2] The system cannot find the file specified
2025-10-02 00:12:55,550 - ❌ Could not connect: [WinError 10061] No connection could be made because the target machine actively refused it
2025-10-02 00:12:56,224 - 🔄 No pong in 30s. Retry 1/3
2025-10-02 00:12:57,572 - [WinError 2] The system cannot find the file specified
2025-10-02 00:13:02,521 - ❌ Socket error: name 'HOST' is not defined
2025-10-02 00:13:02,522 - ❌ Socket error: name 'HOST' is not defined
2025-10-02 00:13:02,570 - [WinError 2] The system cannot find the file specified
2025-10-02 00:13:06,226 - 🔄 No pong in 30s. Retry 2/3
2025-10-02 00:13:07,570 - [WinError 2] The system cannot find the file specified
2025-10-02 00:13:12,573 - [WinError 2] The system cannot find the file specified
2025-10-02 00:13:16,228 - 🔄 No pong in 30s. Retry 3/3
2025-10-02 00:13:16,230 - ❌ Connection lost.
2025-10-02 00:13:17,512 - ❌ Socket error: name 'HOST' is not defined
2025-10-02 00:13:17,513 - ❌ Socket error: name 'HOST' is not defined
2025-10-02 00:13:17,563 - [WinError 2] The system cannot find the file specified
2025-10-02 00:16:09,070 - ❌ Socket error: 'Mt4PredictServer' object has no attribute 'HOST'
2025-10-02 00:16:09,073 - ❌ Socket error: 'Mt4PredictServer' object has no attribute 'HOST'
2025-10-02 00:16:14,100 - [WinError 2] The system cannot find the file specified
2025-10-02 00:16:17,836 - 🔄 No pong in 30s. Retry 1/3
2025-10-02 00:16:19,092 - [WinError 2] The system cannot find the file specified
2025-10-02 00:16:23,451 - ❌ Could not connect: [WinError 10061] No connection could be made because the target machine actively refused it
2025-10-02 00:16:24,065 - ❌ Socket error: 'Mt4PredictServer' object has no attribute 'HOST'
2025-10-02 00:16:24,067 - ❌ Socket error: 'Mt4PredictServer' object has no attribute 'HOST'
2025-10-02 00:16:24,100 - [WinError 2] The system cannot find the file specified
2025-10-02 00:16:27,839 - 🔄 No pong in 30s. Retry 2/3
2025-10-02 00:16:29,095 - [WinError 2] The system cannot find the file specified
2025-10-02 00:16:34,090 - [WinError 2] The system cannot find the file specified
2025-10-02 00:16:37,842 - 🔄 No pong in 30s. Retry 3/3
2025-10-02 00:16:37,843 - ❌ Connection lost.
2025-10-02 00:16:39,057 - ❌ Socket error: 'Mt4PredictServer' object has no attribute 'HOST'
2025-10-02 00:16:39,059 - ❌ Socket error: 'Mt4PredictServer' object has no attribute 'HOST'
2025-10-02 00:16:39,090 - [WinError 2] The system cannot find the file specified
2025-10-02 00:16:44,105 - [WinError 2] The system cannot find the file specified
2025-10-02 00:16:47,847 - 🔄 No pong in 30s. Retry 1/3
2025-10-02 00:16:49,095 - [WinError 2] The system cannot find the file specified
2025-10-02 00:16:54,067 - ❌ Socket error: 'Mt4PredictServer' object has no attribute 'HOST'
2025-10-02 00:16:54,068 - ❌ Socket error: 'Mt4PredictServer' object has no attribute 'HOST'
2025-10-02 00:16:54,101 - [WinError 2] The system cannot find the file specified
2025-10-02 00:16:57,848 - 🔄 No pong in 30s. Retry 2/3
2025-10-02 00:16:59,089 - [WinError 2] The system cannot find the file specified
2025-10-02 00:17:04,103 - [WinError 2] The system cannot find the file specified
2025-10-02 00:17:07,851 - 🔄 No pong in 30s. Retry 3/3
2025-10-02 00:17:07,852 - ❌ Connection lost.
2025-10-02 00:17:09,063 - ❌ Socket error: 'Mt4PredictServer' object has no attribute 'HOST'
2025-10-02 00:17:09,064 - ❌ Socket error: 'Mt4PredictServer' object has no attribute 'HOST'
2025-10-02 00:17:09,096 - [WinError 2] The system cannot find the file specified
2025-10-02 00:17:14,107 - [WinError 2] The system cannot find the file specified
2025-10-02 00:17:17,853 - 🔄 No pong in 30s. Retry 1/3
2025-10-02 00:17:19,100 - [WinError 2] The system cannot find the file specified
2025-10-02 00:17:24,069 - ❌ Socket error: 'Mt4PredictServer' object has no attribute 'HOST'
2025-10-02 00:17:24,070 - ❌ Socket error: 'Mt4PredictServer' object has no attribute 'HOST'
2025-10-02 00:17:24,165 - [WinError 2] The system cannot find the file specified
2025-10-02 00:17:27,856 - 🔄 No pong in 30s. Retry 2/3
2025-10-02 00:17:29,095 - [WinError 2] The system cannot find the file specified
2025-10-02 00:17:34,103 - [WinError 2] The system cannot find the file specified
2025-10-02 00:17:38,145 - 🔄 No pong in 30s. Retry 3/3
2025-10-02 00:17:38,198 - ❌ Connection lost.
2025-10-02 00:17:39,077 - ❌ Socket error: 'Mt4PredictServer' object has no attribute 'HOST'
2025-10-02 00:17:39,078 - ❌ Socket error: 'Mt4PredictServer' object has no attribute 'HOST'
2025-10-02 00:17:39,313 - [WinError 2] The system cannot find the file specified
2025-10-02 00:17:44,139 - [WinError 2] The system cannot find the file specified
2025-10-02 00:17:48,211 - 🔄 No pong in 30s. Retry 1/3
2025-10-02 00:17:49,136 - [WinError 2] The system cannot find the file specified
2025-10-02 00:17:54,061 - ❌ Socket error: 'Mt4PredictServer' object has no attribute 'HOST'
2025-10-02 00:17:54,062 - ❌ Socket error: 'Mt4PredictServer' object has no attribute 'HOST'
2025-10-02 00:17:54,143 - [WinError 2] The system cannot find the file specified
2025-10-02 00:17:58,212 - 🔄 No pong in 30s. Retry 2/3
2025-10-02 00:17:59,138 - [WinError 2] The system cannot find the file specified
2025-10-02 00:18:04,256 - [WinError 2] The system cannot find the file specified
2025-10-02 00:18:08,214 - 🔄 No pong in 30s. Retry 3/3
2025-10-02 00:18:08,215 - ❌ Connection lost.
2025-10-02 00:18:09,060 - ❌ Socket error: 'Mt4PredictServer' object has no attribute 'HOST'
2025-10-02 00:18:09,061 - ❌ Socket error: 'Mt4PredictServer' object has no attribute 'HOST'
2025-10-02 00:18:09,140 - [WinError 2] The system cannot find the file specified
2025-10-02 00:18:14,136 - [WinError 2] The system cannot find the file specified
2025-10-02 00:18:18,216 - 🔄 No pong in 30s. Retry 1/3
2025-10-02 00:18:19,151 - [WinError 2] The system cannot find the file specified
2025-10-02 00:18:24,056 - ❌ Socket error: 'Mt4PredictServer' object has no attribute 'HOST'
2025-10-02 00:18:24,057 - ❌ Socket error: 'Mt4PredictServer' object has no attribute 'HOST'
2025-10-02 00:18:24,154 - [WinError 2] The system cannot find the file specified
2025-10-02 00:18:28,217 - 🔄 No pong in 30s. Retry 2/3
2025-10-02 00:18:29,159 - [WinError 2] The system cannot find the file specified
2025-10-02 00:18:34,167 - [WinError 2] The system cannot find the file specified
2025-10-02 00:18:38,219 - 🔄 No pong in 30s. Retry 3/3
2025-10-02 00:18:38,220 - ❌ Connection lost.
2025-10-02 00:18:39,068 - ❌ Socket error: 'Mt4PredictServer' object has no attribute 'HOST'
2025-10-02 00:18:39,068 - ❌ Socket error: 'Mt4PredictServer' object has no attribute 'HOST'
2025-10-02 00:18:39,167 - [WinError 2] The system cannot find the file specified
2025-10-02 00:18:44,179 - [WinError 2] The system cannot find the file specified
2025-10-02 00:18:48,222 - 🔄 No pong in 30s. Retry 1/3
2025-10-02 00:18:49,174 - [WinError 2] The system cannot find the file specified
2025-10-02 00:18:54,065 - ❌ Socket error: 'Mt4PredictServer' object has no attribute 'HOST'
2025-10-02 00:18:54,068 - ❌ Socket error: 'Mt4PredictServer' object has no attribute 'HOST'
2025-10-02 00:18:54,183 - [WinError 2] The system cannot find the file specified
2025-10-02 00:18:58,223 - 🔄 No pong in 30s. Retry 2/3
2025-10-02 00:18:59,180 - [WinError 2] The system cannot find the file specified
2025-10-02 00:19:04,169 - [WinError 2] The system cannot find the file specified
2025-10-02 00:19:08,224 - 🔄 No pong in 30s. Retry 3/3
2025-10-02 00:19:08,224 - ❌ Connection lost.
2025-10-02 00:19:09,503 - ❌ Could not connect: [WinError 10061] No connection could be made because the target machine actively refused it
2025-10-02 00:19:09,511 - ❌ Socket error: 'Mt4PredictServer' object has no attribute 'HOST'
2025-10-02 00:19:09,512 - ❌ Socket error: 'Mt4PredictServer' object has no attribute 'HOST'
2025-10-02 00:19:09,515 - [WinError 2] The system cannot find the file specified
2025-10-02 00:19:14,190 - [WinError 2] The system cannot find the file specified
2025-10-02 00:19:18,225 - 🔄 No pong in 30s. Retry 1/3
2025-10-02 00:19:19,188 - [WinError 2] The system cannot find the file specified
2025-10-02 00:19:24,067 - ❌ Socket error: 'Mt4PredictServer' object has no attribute 'HOST'
2025-10-02 00:19:24,069 - ❌ Socket error: 'Mt4PredictServer' object has no attribute 'HOST'
2025-10-02 00:19:24,183 - [WinError 2] The system cannot find the file specified
2025-10-02 00:19:28,228 - 🔄 No pong in 30s. Retry 2/3
2025-10-02 00:19:29,201 - [WinError 2] The system cannot find the file specified
2025-10-02 00:19:34,203 - [WinError 2] The system cannot find the file specified
2025-10-02 00:19:38,231 - 🔄 No pong in 30s. Retry 3/3
2025-10-02 00:19:38,234 - ❌ Connection lost.
2025-10-02 00:19:39,068 - ❌ Socket error: 'Mt4PredictServer' object has no attribute 'HOST'
2025-10-02 00:19:39,071 - ❌ Socket error: 'Mt4PredictServer' object has no attribute 'HOST'
2025-10-02 00:19:39,201 - [WinError 2] The system cannot find the file specified
2025-10-02 00:19:44,207 - [WinError 2] The system cannot find the file specified
2025-10-02 00:19:48,236 - 🔄 No pong in 30s. Retry 1/3
2025-10-02 00:19:49,212 - [WinError 2] The system cannot find the file specified
2025-10-02 00:19:54,065 - ❌ Socket error: 'Mt4PredictServer' object has no attribute 'HOST'
2025-10-02 00:19:54,067 - ❌ Socket error: 'Mt4PredictServer' object has no attribute 'HOST'
2025-10-02 00:19:54,214 - [WinError 2] The system cannot find the file specified
2025-10-02 00:19:58,240 - 🔄 No pong in 30s. Retry 2/3
2025-10-02 00:19:59,219 - [WinError 2] The system cannot find the file specified
2025-10-02 00:20:04,210 - [WinError 2] The system cannot find the file specified
2025-10-02 00:20:08,242 - 🔄 No pong in 30s. Retry 3/3
2025-10-02 00:20:08,242 - ❌ Connection lost.
2025-10-02 00:20:09,072 - ❌ Socket error: 'Mt4PredictServer' object has no attribute 'HOST'
2025-10-02 00:20:09,074 - ❌ Socket error: 'Mt4PredictServer' object has no attribute 'HOST'
2025-10-02 00:20:09,212 - [WinError 2] The system cannot find the file specified
2025-10-02 00:20:19,881 - ❌ Socket error: str, bytes or bytearray expected, not NoneType
2025-10-02 00:20:19,884 - ❌ Socket error: str, bytes or bytearray expected, not NoneType
2025-10-02 00:20:24,914 - [WinError 2] The system cannot find the file specified
2025-10-02 00:20:28,260 - 🔄 No pong in 30s. Retry 1/3
2025-10-02 00:20:29,919 - [WinError 2] The system cannot find the file specified
2025-10-02 00:20:34,878 - ❌ Socket error: str, bytes or bytearray expected, not NoneType
2025-10-02 00:20:34,880 - ❌ Socket error: str, bytes or bytearray expected, not NoneType
2025-10-02 00:20:34,912 - [WinError 2] The system cannot find the file specified
2025-10-02 00:20:38,264 - 🔄 No pong in 30s. Retry 2/3
2025-10-02 00:20:39,915 - [WinError 2] The system cannot find the file specified
2025-10-02 00:20:44,909 - [WinError 2] The system cannot find the file specified
2025-10-02 00:20:48,266 - 🔄 No pong in 30s. Retry 3/3
2025-10-02 00:20:48,266 - ❌ Connection lost.
2025-10-02 00:20:49,884 - ❌ Socket error: str, bytes or bytearray expected, not NoneType
2025-10-02 00:20:49,888 - ❌ Socket error: str, bytes or bytearray expected, not NoneType
2025-10-02 00:20:49,905 - [WinError 2] The system cannot find the file specified
2025-10-02 00:20:54,914 - [WinError 2] The system cannot find the file specified
2025-10-02 00:21:04,747 - ❌ Socket error: str, bytes or bytearray expected, not NoneType
2025-10-02 00:21:04,750 - ❌ Socket error: str, bytes or bytearray expected, not NoneType
2025-10-02 00:21:09,762 - [WinError 2] The system cannot find the file specified
2025-10-02 00:21:13,293 - ❌ Could not connect: [WinError 10061] No connection could be made because the target machine actively refused it
2025-10-02 00:21:13,485 - 🔄 No pong in 30s. Retry 1/3
2025-10-02 00:21:14,785 - [WinError 2] The system cannot find the file specified
2025-10-02 00:21:19,744 - ❌ Socket error: str, bytes or bytearray expected, not NoneType
2025-10-02 00:21:19,747 - ❌ Socket error: str, bytes or bytearray expected, not NoneType
2025-10-02 00:21:19,790 - [WinError 2] The system cannot find the file specified
2025-10-02 00:21:23,486 - 🔄 No pong in 30s. Retry 2/3
2025-10-02 00:21:24,793 - [WinError 2] The system cannot find the file specified
2025-10-02 00:21:29,807 - [WinError 2] The system cannot find the file specified
2025-10-02 00:21:33,487 - 🔄 No pong in 30s. Retry 3/3
2025-10-02 00:21:33,487 - ❌ Connection lost.
2025-10-02 00:21:34,772 - ❌ Socket error: str, bytes or bytearray expected, not NoneType
2025-10-02 00:21:34,773 - ❌ Socket error: str, bytes or bytearray expected, not NoneType
2025-10-02 00:21:34,813 - [WinError 2] The system cannot find the file specified
2025-10-02 00:21:39,809 - [WinError 2] The system cannot find the file specified
2025-10-02 00:21:43,488 - 🔄 No pong in 30s. Retry 1/3
2025-10-02 00:21:44,826 - [WinError 2] The system cannot find the file specified
2025-10-02 00:21:49,777 - ❌ Socket error: str, bytes or bytearray expected, not NoneType
2025-10-02 00:21:49,778 - ❌ Socket error: str, bytes or bytearray expected, not NoneType
2025-10-02 00:21:49,811 - [WinError 2] The system cannot find the file specified
2025-10-02 00:21:53,490 - 🔄 No pong in 30s. Retry 2/3
2025-10-02 00:21:54,817 - [WinError 2] The system cannot find the file specified
2025-10-02 00:21:59,815 - [WinError 2] The system cannot find the file specified
2025-10-02 00:22:03,493 - 🔄 No pong in 30s. Retry 3/3
2025-10-02 00:22:03,498 - ❌ Connection lost.
2025-10-02 00:22:04,787 - ❌ Socket error: str, bytes or bytearray expected, not NoneType
2025-10-02 00:22:04,790 - ❌ Socket error: str, bytes or bytearray expected, not NoneType
2025-10-02 00:22:04,814 - [WinError 2] The system cannot find the file specified
2025-10-02 00:22:09,818 - [WinError 2] The system cannot find the file specified
2025-10-02 00:22:13,500 - 🔄 No pong in 30s. Retry 1/3
2025-10-02 00:22:14,814 - [WinError 2] The system cannot find the file specified
2025-10-02 00:22:19,785 - ❌ Socket error: str, bytes or bytearray expected, not NoneType
2025-10-02 00:22:19,786 - ❌ Socket error: str, bytes or bytearray expected, not NoneType
2025-10-02 00:22:19,819 - [WinError 2] The system cannot find the file specified
2025-10-02 00:22:23,501 - 🔄 No pong in 30s. Retry 2/3
2025-10-02 00:22:24,816 - [WinError 2] The system cannot find the file specified
2025-10-02 00:22:29,817 - [WinError 2] The system cannot find the file specified
2025-10-02 00:22:33,503 - 🔄 No pong in 30s. Retry 3/3
2025-10-02 00:22:33,504 - ❌ Connection lost.
2025-10-02 00:22:34,779 - ❌ Socket error: str, bytes or bytearray expected, not NoneType
2025-10-02 00:22:34,781 - ❌ Socket error: str, bytes or bytearray expected, not NoneType
2025-10-02 00:22:34,812 - [WinError 2] The system cannot find the file specified
2025-10-02 00:22:39,815 - [WinError 2] The system cannot find the file specified
2025-10-02 00:22:43,505 - 🔄 No pong in 30s. Retry 1/3
2025-10-02 00:22:44,814 - [WinError 2] The system cannot find the file specified
2025-10-02 00:22:49,802 - ❌ Socket error: str, bytes or bytearray expected, not NoneType
2025-10-02 00:22:49,804 - ❌ Socket error: str, bytes or bytearray expected, not NoneType
2025-10-02 00:22:49,828 - [WinError 2] The system cannot find the file specified
2025-10-02 00:22:53,509 - 🔄 No pong in 30s. Retry 2/3
2025-10-02 00:22:54,815 - [WinError 2] The system cannot find the file specified
2025-10-02 00:22:59,831 - [WinError 2] The system cannot find the file specified
2025-10-02 00:23:03,510 - 🔄 No pong in 30s. Retry 3/3
2025-10-02 00:23:03,510 - ❌ Connection lost.
2025-10-02 00:23:04,788 - ❌ Socket error: str, bytes or bytearray expected, not NoneType
2025-10-02 00:23:04,789 - ❌ Socket error: str, bytes or bytearray expected, not NoneType
2025-10-02 00:23:04,824 - [WinError 2] The system cannot find the file specified
2025-10-02 00:23:09,839 - [WinError 2] The system cannot find the file specified
2025-10-02 00:23:13,512 - 🔄 No pong in 30s. Retry 1/3
2025-10-02 00:23:14,822 - [WinError 2] The system cannot find the file specified
2025-10-02 00:23:19,808 - ❌ Socket error: str, bytes or bytearray expected, not NoneType
2025-10-02 00:23:19,809 - ❌ Socket error: str, bytes or bytearray expected, not NoneType
2025-10-02 00:23:19,827 - [WinError 2] The system cannot find the file specified
2025-10-02 00:23:23,514 - 🔄 No pong in 30s. Retry 2/3
2025-10-02 00:23:24,825 - [WinError 2] The system cannot find the file specified
2025-10-02 00:23:29,840 - [WinError 2] The system cannot find the file specified
2025-10-02 00:23:33,515 - 🔄 No pong in 30s. Retry 3/3
2025-10-02 00:23:33,516 - ❌ Connection lost.
2025-10-02 00:23:34,815 - ❌ Socket error: str, bytes or bytearray expected, not NoneType
2025-10-02 00:23:34,816 - ❌ Socket error: str, bytes or bytearray expected, not NoneType
2025-10-02 00:23:34,833 - [WinError 2] The system cannot find the file specified
2025-10-02 00:23:39,829 - [WinError 2] The system cannot find the file specified
2025-10-02 00:23:43,517 - 🔄 No pong in 30s. Retry 1/3
2025-10-02 00:23:44,838 - [WinError 2] The system cannot find the file specified
2025-10-02 00:23:49,806 - ❌ Socket error: str, bytes or bytearray expected, not NoneType
2025-10-02 00:23:49,809 - ❌ Socket error: str, bytes or bytearray expected, not NoneType
2025-10-02 00:23:49,842 - [WinError 2] The system cannot find the file specified
2025-10-02 00:23:53,518 - 🔄 No pong in 30s. Retry 2/3
2025-10-02 00:23:54,847 - [WinError 2] The system cannot find the file specified
2025-10-02 00:23:59,858 - [WinError 2] The system cannot find the file specified
2025-10-02 00:24:03,520 - 🔄 No pong in 30s. Retry 3/3
2025-10-02 00:24:03,523 - ❌ Connection lost.
2025-10-02 00:24:04,813 - ❌ Socket error: str, bytes or bytearray expected, not NoneType
2025-10-02 00:24:04,814 - ❌ Socket error: str, bytes or bytearray expected, not NoneType
2025-10-02 00:24:04,846 - [WinError 2] The system cannot find the file specified
2025-10-02 00:24:09,839 - [WinError 2] The system cannot find the file specified
2025-10-02 00:24:13,524 - 🔄 No pong in 30s. Retry 1/3
2025-10-02 00:24:14,847 - [WinError 2] The system cannot find the file specified
2025-10-02 00:24:19,819 - ❌ Socket error: str, bytes or bytearray expected, not NoneType
2025-10-02 00:24:19,823 - ❌ Socket error: str, bytes or bytearray expected, not NoneType
2025-10-02 00:24:19,855 - [WinError 2] The system cannot find the file specified
2025-10-02 00:24:23,526 - 🔄 No pong in 30s. Retry 2/3
2025-10-02 00:24:24,852 - [WinError 2] The system cannot find the file specified
2025-10-02 00:24:29,840 - [WinError 2] The system cannot find the file specified
2025-10-02 00:24:33,527 - 🔄 No pong in 30s. Retry 3/3
2025-10-02 00:24:33,529 - ❌ Connection lost.
2025-10-02 00:24:34,805 - ❌ Socket error: str, bytes or bytearray expected, not NoneType
2025-10-02 00:24:34,806 - ❌ Socket error: str, bytes or bytearray expected, not NoneType
2025-10-02 00:24:34,839 - [WinError 2] The system cannot find the file specified
2025-10-02 00:24:39,862 - [WinError 2] The system cannot find the file specified
2025-10-02 00:24:43,530 - 🔄 No pong in 30s. Retry 1/3
2025-10-02 00:24:44,873 - [WinError 2] The system cannot find the file specified
2025-10-02 00:24:49,818 - ❌ Socket error: str, bytes or bytearray expected, not NoneType
2025-10-02 00:24:49,819 - ❌ Socket error: str, bytes or bytearray expected, not NoneType
2025-10-02 00:24:49,882 - [WinError 2] The system cannot find the file specified
2025-10-02 00:24:53,533 - 🔄 No pong in 30s. Retry 2/3
2025-10-02 00:24:54,879 - [WinError 2] The system cannot find the file specified
2025-10-02 00:24:59,894 - [WinError 2] The system cannot find the file specified
2025-10-02 00:25:03,535 - 🔄 No pong in 30s. Retry 3/3
2025-10-02 00:25:03,535 - ❌ Connection lost.
2025-10-02 00:25:04,815 - ❌ Socket error: str, bytes or bytearray expected, not NoneType
2025-10-02 00:25:04,819 - ❌ Socket error: str, bytes or bytearray expected, not NoneType
2025-10-02 00:25:04,903 - [WinError 2] The system cannot find the file specified
2025-10-02 00:25:09,901 - [WinError 2] The system cannot find the file specified
2025-10-02 00:25:13,536 - 🔄 No pong in 30s. Retry 1/3
2025-10-02 00:25:14,904 - [WinError 2] The system cannot find the file specified
2025-10-02 00:25:19,811 - ❌ Socket error: str, bytes or bytearray expected, not NoneType
2025-10-02 00:25:19,814 - ❌ Socket error: str, bytes or bytearray expected, not NoneType
2025-10-02 00:25:19,895 - [WinError 2] The system cannot find the file specified
2025-10-02 00:25:23,537 - 🔄 No pong in 30s. Retry 2/3
2025-10-02 00:25:24,893 - [WinError 2] The system cannot find the file specified
2025-10-02 00:25:29,891 - [WinError 2] The system cannot find the file specified
2025-10-02 00:25:33,538 - 🔄 No pong in 30s. Retry 3/3
2025-10-02 00:25:33,539 - ❌ Connection lost.
2025-10-02 00:25:34,819 - ❌ Socket error: str, bytes or bytearray expected, not NoneType
2025-10-02 00:25:34,822 - ❌ Socket error: str, bytes or bytearray expected, not NoneType
2025-10-02 00:25:34,899 - [WinError 2] The system cannot find the file specified
2025-10-02 00:25:39,906 - [WinError 2] The system cannot find the file specified
2025-10-02 00:25:43,691 - 🔄 No pong in 30s. Retry 1/3
2025-10-02 00:25:44,898 - [WinError 2] The system cannot find the file specified
2025-10-02 00:25:49,813 - ❌ Socket error: str, bytes or bytearray expected, not NoneType
2025-10-02 00:25:49,814 - ❌ Socket error: str, bytes or bytearray expected, not NoneType
2025-10-02 00:25:49,894 - [WinError 2] The system cannot find the file specified
2025-10-02 00:25:53,693 - 🔄 No pong in 30s. Retry 2/3
2025-10-02 00:25:54,906 - [WinError 2] The system cannot find the file specified
2025-10-02 00:25:59,920 - [WinError 2] The system cannot find the file specified
2025-10-02 00:26:03,694 - 🔄 No pong in 30s. Retry 3/3
2025-10-02 00:26:03,697 - ❌ Connection lost.
2025-10-02 00:26:04,809 - ❌ Socket error: str, bytes or bytearray expected, not NoneType
2025-10-02 00:26:04,812 - ❌ Socket error: str, bytes or bytearray expected, not NoneType
2025-10-02 00:26:04,912 - [WinError 2] The system cannot find the file specified
2025-10-02 00:26:09,925 - [WinError 2] The system cannot find the file specified
2025-10-02 00:26:13,699 - 🔄 No pong in 30s. Retry 1/3
2025-10-02 00:26:14,943 - [WinError 2] The system cannot find the file specified
2025-10-02 00:26:19,823 - ❌ Socket error: str, bytes or bytearray expected, not NoneType
2025-10-02 00:26:19,825 - ❌ Socket error: str, bytes or bytearray expected, not NoneType
2025-10-02 00:26:19,935 - [WinError 2] The system cannot find the file specified
2025-10-02 00:26:23,700 - 🔄 No pong in 30s. Retry 2/3
2025-10-02 00:26:24,951 - [WinError 2] The system cannot find the file specified
2025-10-02 00:26:29,947 - [WinError 2] The system cannot find the file specified
2025-10-02 00:26:33,703 - 🔄 No pong in 30s. Retry 3/3
2025-10-02 00:26:33,705 - ❌ Connection lost.
2025-10-02 00:26:34,828 - ❌ Socket error: str, bytes or bytearray expected, not NoneType
2025-10-02 00:26:34,829 - ❌ Socket error: str, bytes or bytearray expected, not NoneType
2025-10-02 00:26:34,956 - [WinError 2] The system cannot find the file specified
2025-10-02 00:26:39,971 - [WinError 2] The system cannot find the file specified
2025-10-02 00:26:43,709 - 🔄 No pong in 30s. Retry 1/3
2025-10-02 00:26:44,970 - [WinError 2] The system cannot find the file specified
2025-10-02 00:26:49,840 - ❌ Socket error: str, bytes or bytearray expected, not NoneType
2025-10-02 00:26:49,842 - ❌ Socket error: str, bytes or bytearray expected, not NoneType
2025-10-02 00:26:49,966 - [WinError 2] The system cannot find the file specified
2025-10-02 00:26:53,712 - 🔄 No pong in 30s. Retry 2/3
2025-10-02 00:26:54,976 - [WinError 2] The system cannot find the file specified
2025-10-02 00:26:59,980 - [WinError 2] The system cannot find the file specified
2025-10-02 00:27:03,715 - 🔄 No pong in 30s. Retry 3/3
2025-10-02 00:27:03,717 - ❌ Connection lost.
2025-10-02 00:27:04,853 - ❌ Socket error: str, bytes or bytearray expected, not NoneType
2025-10-02 00:27:04,856 - ❌ Socket error: str, bytes or bytearray expected, not NoneType
2025-10-02 00:27:04,970 - [WinError 2] The system cannot find the file specified
2025-10-02 00:27:09,971 - [WinError 2] The system cannot find the file specified
2025-10-02 00:27:13,720 - 🔄 No pong in 30s. Retry 1/3
2025-10-02 00:27:14,980 - [WinError 2] The system cannot find the file specified
2025-10-02 00:27:19,859 - ❌ Socket error: str, bytes or bytearray expected, not NoneType
2025-10-02 00:27:19,860 - ❌ Socket error: str, bytes or bytearray expected, not NoneType
2025-10-02 00:27:20,003 - [WinError 2] The system cannot find the file specified
2025-10-02 00:27:23,723 - 🔄 No pong in 30s. Retry 2/3
2025-10-02 00:27:25,004 - [WinError 2] The system cannot find the file specified
2025-10-02 00:27:38,591 - ❌ Socket error: str, bytes or bytearray expected, not NoneType
2025-10-02 00:27:38,593 - ❌ Socket error: str, bytes or bytearray expected, not NoneType
2025-10-02 00:27:43,603 - [WinError 2] The system cannot find the file specified
2025-10-02 00:27:47,312 - 🔄 No pong in 30s. Retry 1/3
2025-10-02 00:27:47,429 - ❌ Could not connect: [WinError 10061] No connection could be made because the target machine actively refused it
2025-10-02 00:27:48,618 - [WinError 2] The system cannot find the file specified
2025-10-02 00:27:53,586 - ❌ Socket error: str, bytes or bytearray expected, not NoneType
2025-10-02 00:27:53,587 - ❌ Socket error: str, bytes or bytearray expected, not NoneType
2025-10-02 00:27:53,609 - [WinError 2] The system cannot find the file specified
2025-10-02 00:27:57,313 - 🔄 No pong in 30s. Retry 2/3
2025-10-02 00:27:58,605 - [WinError 2] The system cannot find the file specified
2025-10-02 00:28:03,634 - [WinError 2] The system cannot find the file specified
2025-10-02 00:28:07,314 - 🔄 No pong in 30s. Retry 3/3
2025-10-02 00:28:07,315 - ❌ Connection lost.
2025-10-02 00:28:08,587 - ❌ Socket error: str, bytes or bytearray expected, not NoneType
2025-10-02 00:28:08,588 - ❌ Socket error: str, bytes or bytearray expected, not NoneType
2025-10-02 00:28:08,637 - [WinError 2] The system cannot find the file specified
2025-10-02 00:28:13,653 - [WinError 2] The system cannot find the file specified
2025-10-02 00:28:17,316 - 🔄 No pong in 30s. Retry 1/3
2025-10-02 00:28:18,648 - [WinError 2] The system cannot find the file specified
2025-10-02 00:28:23,597 - ❌ Socket error: str, bytes or bytearray expected, not NoneType
2025-10-02 00:28:23,600 - ❌ Socket error: str, bytes or bytearray expected, not NoneType
2025-10-02 00:28:23,654 - [WinError 2] The system cannot find the file specified
2025-10-02 00:28:27,319 - 🔄 No pong in 30s. Retry 2/3
2025-10-02 00:28:28,644 - [WinError 2] The system cannot find the file specified
2025-10-02 00:28:33,649 - [WinError 2] The system cannot find the file specified
2025-10-02 00:28:37,321 - 🔄 No pong in 30s. Retry 3/3
2025-10-02 00:28:37,322 - ❌ Connection lost.
2025-10-02 00:28:38,597 - ❌ Socket error: str, bytes or bytearray expected, not NoneType
2025-10-02 00:28:38,598 - ❌ Socket error: str, bytes or bytearray expected, not NoneType
2025-10-02 00:28:38,647 - [WinError 2] The system cannot find the file specified
2025-10-02 00:28:43,665 - [WinError 2] The system cannot find the file specified
2025-10-02 00:28:47,324 - 🔄 No pong in 30s. Retry 1/3
2025-10-02 00:28:48,669 - [WinError 2] The system cannot find the file specified
2025-10-02 00:28:53,593 - ❌ Socket error: str, bytes or bytearray expected, not NoneType
2025-10-02 00:28:53,594 - ❌ Socket error: str, bytes or bytearray expected, not NoneType
2025-10-02 00:28:53,659 - [WinError 2] The system cannot find the file specified
2025-10-02 00:28:57,325 - 🔄 No pong in 30s. Retry 2/3
2025-10-02 00:28:58,659 - [WinError 2] The system cannot find the file specified
2025-10-02 00:29:03,669 - [WinError 2] The system cannot find the file specified
2025-10-02 00:29:07,326 - 🔄 No pong in 30s. Retry 3/3
2025-10-02 00:29:07,330 - ❌ Connection lost.
2025-10-02 00:29:08,593 - ❌ Socket error: str, bytes or bytearray expected, not NoneType
2025-10-02 00:29:08,594 - ❌ Socket error: str, bytes or bytearray expected, not NoneType
2025-10-02 00:29:08,666 - [WinError 2] The system cannot find the file specified
2025-10-02 00:29:13,673 - [WinError 2] The system cannot find the file specified
2025-10-02 00:29:17,334 - 🔄 No pong in 30s. Retry 1/3
2025-10-02 00:29:18,673 - [WinError 2] The system cannot find the file specified
2025-10-02 00:29:23,594 - ❌ Socket error: str, bytes or bytearray expected, not NoneType
2025-10-02 00:29:23,595 - ❌ Socket error: str, bytes or bytearray expected, not NoneType
2025-10-02 00:29:23,685 - [WinError 2] The system cannot find the file specified
2025-10-02 00:29:27,337 - 🔄 No pong in 30s. Retry 2/3
2025-10-02 00:29:28,680 - [WinError 2] The system cannot find the file specified
2025-10-02 00:29:33,680 - [WinError 2] The system cannot find the file specified
2025-10-02 00:29:37,338 - 🔄 No pong in 30s. Retry 3/3
2025-10-02 00:29:37,338 - ❌ Connection lost.
2025-10-02 00:29:38,596 - ❌ Socket error: str, bytes or bytearray expected, not NoneType
2025-10-02 00:29:38,598 - ❌ Socket error: str, bytes or bytearray expected, not NoneType
2025-10-02 00:29:38,692 - [WinError 2] The system cannot find the file specified
2025-10-02 00:29:43,691 - [WinError 2] The system cannot find the file specified
2025-10-02 00:29:47,340 - 🔄 No pong in 30s. Retry 1/3
2025-10-02 00:29:48,695 - [WinError 2] The system cannot find the file specified
2025-10-02 00:29:53,590 - ❌ Socket error: str, bytes or bytearray expected, not NoneType
2025-10-02 00:29:53,591 - ❌ Socket error: str, bytes or bytearray expected, not NoneType
2025-10-02 00:29:53,687 - [WinError 2] The system cannot find the file specified
2025-10-02 00:29:57,342 - 🔄 No pong in 30s. Retry 2/3
2025-10-02 00:29:58,698 - [WinError 2] The system cannot find the file specified
2025-10-02 00:30:03,693 - [WinError 2] The system cannot find the file specified
2025-10-02 00:30:07,343 - 🔄 No pong in 30s. Retry 3/3
2025-10-02 00:30:07,344 - ❌ Connection lost.
2025-10-02 00:30:08,587 - ❌ Socket error: str, bytes or bytearray expected, not NoneType
2025-10-02 00:30:08,588 - ❌ Socket error: str, bytes or bytearray expected, not NoneType
2025-10-02 00:30:08,684 - [WinError 2] The system cannot find the file specified
2025-10-02 00:30:13,693 - [WinError 2] The system cannot find the file specified
2025-10-02 00:30:17,345 - 🔄 No pong in 30s. Retry 1/3
2025-10-02 00:30:18,692 - [WinError 2] The system cannot find the file specified
2025-10-02 00:30:23,592 - ❌ Socket error: str, bytes or bytearray expected, not NoneType
2025-10-02 00:30:23,595 - ❌ Socket error: str, bytes or bytearray expected, not NoneType
2025-10-02 00:30:23,697 - [WinError 2] The system cannot find the file specified
2025-10-02 00:30:27,348 - 🔄 No pong in 30s. Retry 2/3
2025-10-02 00:30:28,690 - [WinError 2] The system cannot find the file specified
2025-10-02 00:30:33,700 - [WinError 2] The system cannot find the file specified
2025-10-02 00:30:37,350 - 🔄 No pong in 30s. Retry 3/3
2025-10-02 00:30:37,352 - ❌ Connection lost.
2025-10-02 00:30:38,587 - ❌ Socket error: str, bytes or bytearray expected, not NoneType
2025-10-02 00:30:38,589 - ❌ Socket error: str, bytes or bytearray expected, not NoneType
2025-10-02 00:30:38,693 - [WinError 2] The system cannot find the file specified
2025-10-02 00:30:43,703 - [WinError 2] The system cannot find the file specified
2025-10-02 00:30:47,353 - 🔄 No pong in 30s. Retry 1/3
2025-10-02 00:30:48,701 - [WinError 2] The system cannot find the file specified
2025-10-02 00:30:53,600 - ❌ Socket error: str, bytes or bytearray expected, not NoneType
2025-10-02 00:30:53,602 - ❌ Socket error: str, bytes or bytearray expected, not NoneType
2025-10-02 00:30:53,725 - [WinError 2] The system cannot find the file specified
2025-10-02 00:30:57,355 - 🔄 No pong in 30s. Retry 2/3
2025-10-02 00:30:58,727 - [WinError 2] The system cannot find the file specified
2025-10-02 00:31:03,734 - [WinError 2] The system cannot find the file specified
2025-10-02 00:31:07,357 - 🔄 No pong in 30s. Retry 3/3
2025-10-02 00:31:07,358 - ❌ Connection lost.
2025-10-02 00:31:08,596 - ❌ Socket error: str, bytes or bytearray expected, not NoneType
2025-10-02 00:31:08,597 - ❌ Socket error: str, bytes or bytearray expected, not NoneType
2025-10-02 00:31:08,730 - [WinError 2] The system cannot find the file specified
2025-10-02 00:31:13,719 - [WinError 2] The system cannot find the file specified
2025-10-02 00:31:17,359 - 🔄 No pong in 30s. Retry 1/3
2025-10-02 00:31:18,714 - [WinError 2] The system cannot find the file specified
2025-10-02 00:31:23,589 - ❌ Socket error: str, bytes or bytearray expected, not NoneType
2025-10-02 00:31:23,591 - ❌ Socket error: str, bytes or bytearray expected, not NoneType
2025-10-02 00:31:23,728 - [WinError 2] The system cannot find the file specified
2025-10-02 00:31:27,360 - 🔄 No pong in 30s. Retry 2/3
2025-10-02 00:31:28,713 - [WinError 2] The system cannot find the file specified
2025-10-02 00:31:33,723 - [WinError 2] The system cannot find the file specified
2025-10-02 00:31:37,363 - 🔄 No pong in 30s. Retry 3/3
2025-10-02 00:31:37,366 - ❌ Connection lost.
2025-10-02 00:31:38,600 - ❌ Socket error: str, bytes or bytearray expected, not NoneType
2025-10-02 00:31:38,601 - ❌ Socket error: str, bytes or bytearray expected, not NoneType
2025-10-02 00:31:38,723 - [WinError 2] The system cannot find the file specified
2025-10-02 00:31:43,724 - [WinError 2] The system cannot find the file specified
2025-10-02 00:31:47,368 - 🔄 No pong in 30s. Retry 1/3
2025-10-02 00:31:48,726 - [WinError 2] The system cannot find the file specified
2025-10-02 00:31:53,590 - ❌ Socket error: str, bytes or bytearray expected, not NoneType
2025-10-02 00:31:53,592 - ❌ Socket error: str, bytes or bytearray expected, not NoneType
2025-10-02 00:31:53,736 - [WinError 2] The system cannot find the file specified
2025-10-02 00:31:57,371 - 🔄 No pong in 30s. Retry 2/3
2025-10-02 00:31:58,718 - [WinError 2] The system cannot find the file specified
2025-10-02 00:32:03,725 - [WinError 2] The system cannot find the file specified
2025-10-02 00:32:07,374 - 🔄 No pong in 30s. Retry 3/3
2025-10-02 00:32:07,375 - ❌ Connection lost.
2025-10-02 00:32:08,593 - ❌ Socket error: str, bytes or bytearray expected, not NoneType
2025-10-02 00:32:08,595 - ❌ Socket error: str, bytes or bytearray expected, not NoneType
2025-10-02 00:32:08,721 - [WinError 2] The system cannot find the file specified
2025-10-02 00:32:13,728 - [WinError 2] The system cannot find the file specified
2025-10-02 00:32:17,376 - 🔄 No pong in 30s. Retry 1/3
2025-10-02 00:32:18,732 - [WinError 2] The system cannot find the file specified
2025-10-02 00:32:23,594 - ❌ Socket error: str, bytes or bytearray expected, not NoneType
2025-10-02 00:32:23,597 - ❌ Socket error: str, bytes or bytearray expected, not NoneType
2025-10-02 00:32:23,734 - [WinError 2] The system cannot find the file specified
2025-10-02 00:32:27,377 - 🔄 No pong in 30s. Retry 2/3
2025-10-02 00:32:28,717 - [WinError 2] The system cannot find the file specified
2025-10-02 00:32:33,729 - [WinError 2] The system cannot find the file specified
2025-10-02 00:32:37,380 - 🔄 No pong in 30s. Retry 3/3
2025-10-02 00:32:37,380 - ❌ Connection lost.
2025-10-02 00:32:38,596 - ❌ Socket error: str, bytes or bytearray expected, not NoneType
2025-10-02 00:32:38,598 - ❌ Socket error: str, bytes or bytearray expected, not NoneType
2025-10-02 00:32:38,733 - [WinError 2] The system cannot find the file specified
2025-10-02 00:32:43,731 - [WinError 2] The system cannot find the file specified
2025-10-02 00:32:47,382 - 🔄 No pong in 30s. Retry 1/3
2025-10-02 00:32:48,720 - [WinError 2] The system cannot find the file specified
2025-10-02 00:33:12,691 - ❌ Ping error: 'PredictServer' object has no attribute 'message_callbacks'
2025-10-02 00:33:13,238 - ❌ Socket error: str, bytes or bytearray expected, not NoneType
2025-10-02 00:33:13,239 - ❌ Socket error: str, bytes or bytearray expected, not NoneType
2025-10-02 00:33:18,258 - [WinError 2] The system cannot find the file specified
2025-10-02 00:33:20,460 - ❌ Could not connect: [WinError 10061] No connection could be made because the target machine actively refused it
2025-10-02 00:33:22,702 - 🔄 No pong in 30s. Retry 1/3
2025-10-02 00:33:23,271 - [WinError 2] The system cannot find the file specified
2025-10-02 00:33:28,230 - ❌ Socket error: str, bytes or bytearray expected, not NoneType
2025-10-02 00:33:28,231 - ❌ Socket error: str, bytes or bytearray expected, not NoneType
2025-10-02 00:33:28,261 - [WinError 2] The system cannot find the file specified
2025-10-02 00:33:32,704 - 🔄 No pong in 30s. Retry 2/3
2025-10-02 00:33:33,261 - [WinError 2] The system cannot find the file specified
2025-10-02 00:33:38,267 - [WinError 2] The system cannot find the file specified
2025-10-02 00:41:11,314 - ❌ Socket error: str, bytes or bytearray expected, not NoneType
2025-10-02 00:41:11,318 - ❌ Socket error: str, bytes or bytearray expected, not NoneType
2025-10-02 00:41:16,339 - [WinError 2] The system cannot find the file specified
2025-10-02 00:41:18,489 - ❌ Could not connect: [WinError 10061] No connection could be made because the target machine actively refused it
2025-10-02 00:41:20,044 - 🔄 No pong in 30s. Retry 1/3
2025-10-02 00:41:21,346 - [WinError 2] The system cannot find the file specified
2025-10-02 00:41:26,319 - ❌ Socket error: str, bytes or bytearray expected, not NoneType
2025-10-02 00:41:26,322 - ❌ Socket error: str, bytes or bytearray expected, not NoneType
2025-10-02 00:41:26,360 - [WinError 2] The system cannot find the file specified
2025-10-02 00:41:30,045 - 🔄 No pong in 30s. Retry 2/3
2025-10-02 00:41:31,366 - [WinError 2] The system cannot find the file specified
2025-10-02 00:41:36,363 - [WinError 2] The system cannot find the file specified
2025-10-02 00:41:40,046 - 🔄 No pong in 30s. Retry 3/3
2025-10-02 00:41:40,046 - ❌ Connection lost.
2025-10-02 00:41:41,306 - ❌ Socket error: str, bytes or bytearray expected, not NoneType
2025-10-02 00:41:41,306 - ❌ Socket error: str, bytes or bytearray expected, not NoneType
2025-10-02 00:41:41,370 - [WinError 2] The system cannot find the file specified
2025-10-02 00:41:46,388 - [WinError 2] The system cannot find the file specified
2025-10-02 00:41:50,047 - 🔄 No pong in 30s. Retry 1/3
2025-10-02 00:41:51,387 - [WinError 2] The system cannot find the file specified
2025-10-02 00:41:56,316 - ❌ Socket error: str, bytes or bytearray expected, not NoneType
2025-10-02 00:41:56,317 - ❌ Socket error: str, bytes or bytearray expected, not NoneType
2025-10-02 00:41:56,387 - [WinError 2] The system cannot find the file specified
2025-10-02 00:42:00,048 - 🔄 No pong in 30s. Retry 2/3
2025-10-02 00:42:01,387 - [WinError 2] The system cannot find the file specified
2025-10-02 00:42:06,395 - [WinError 2] The system cannot find the file specified
2025-10-02 00:42:10,050 - 🔄 No pong in 30s. Retry 3/3
2025-10-02 00:42:10,051 - ❌ Connection lost.
2025-10-02 00:42:11,327 - ❌ Socket error: str, bytes or bytearray expected, not NoneType
2025-10-02 00:42:11,328 - ❌ Socket error: str, bytes or bytearray expected, not NoneType
2025-10-02 00:42:11,406 - [WinError 2] The system cannot find the file specified
2025-10-02 00:42:16,408 - [WinError 2] The system cannot find the file specified
2025-10-02 00:42:20,051 - 🔄 No pong in 30s. Retry 1/3
2025-10-02 00:42:21,416 - [WinError 2] The system cannot find the file specified
2025-10-02 00:42:26,339 - ❌ Socket error: str, bytes or bytearray expected, not NoneType
2025-10-02 00:42:26,340 - ❌ Socket error: str, bytes or bytearray expected, not NoneType
2025-10-02 00:42:26,416 - [WinError 2] The system cannot find the file specified
2025-10-02 00:42:30,054 - 🔄 No pong in 30s. Retry 2/3
2025-10-02 00:42:31,424 - [WinError 2] The system cannot find the file specified
2025-10-02 00:42:36,422 - [WinError 2] The system cannot find the file specified
2025-10-02 00:42:40,059 - 🔄 No pong in 30s. Retry 3/3
2025-10-02 00:42:40,060 - ❌ Connection lost.
2025-10-02 00:42:41,339 - ❌ Socket error: str, bytes or bytearray expected, not NoneType
2025-10-02 00:42:41,340 - ❌ Socket error: str, bytes or bytearray expected, not NoneType
2025-10-02 00:42:41,416 - [WinError 2] The system cannot find the file specified
2025-10-02 00:42:46,428 - [WinError 2] The system cannot find the file specified
2025-10-02 00:42:50,062 - 🔄 No pong in 30s. Retry 1/3
2025-10-02 00:42:51,432 - [WinError 2] The system cannot find the file specified
2025-10-02 00:42:56,346 - ❌ Socket error: str, bytes or bytearray expected, not NoneType
2025-10-02 00:42:56,348 - ❌ Socket error: str, bytes or bytearray expected, not NoneType
2025-10-02 00:42:56,444 - [WinError 2] The system cannot find the file specified
2025-10-02 00:43:00,064 - 🔄 No pong in 30s. Retry 2/3
2025-10-02 00:43:01,436 - [WinError 2] The system cannot find the file specified
2025-10-02 00:43:06,440 - [WinError 2] The system cannot find the file specified
2025-10-02 00:43:10,065 - 🔄 No pong in 30s. Retry 3/3
2025-10-02 00:43:10,066 - ❌ Connection lost.
2025-10-02 00:43:11,344 - ❌ Socket error: str, bytes or bytearray expected, not NoneType
2025-10-02 00:43:11,344 - ❌ Socket error: str, bytes or bytearray expected, not NoneType
2025-10-02 00:43:11,448 - [WinError 2] The system cannot find the file specified
2025-10-02 00:43:16,463 - [WinError 2] The system cannot find the file specified
2025-10-02 00:43:20,067 - 🔄 No pong in 30s. Retry 1/3
2025-10-02 00:43:21,473 - [WinError 2] The system cannot find the file specified
2025-10-02 00:43:26,337 - ❌ Socket error: str, bytes or bytearray expected, not NoneType
2025-10-02 00:43:26,338 - ❌ Socket error: str, bytes or bytearray expected, not NoneType
2025-10-02 00:43:26,467 - [WinError 2] The system cannot find the file specified
2025-10-02 00:43:30,068 - 🔄 No pong in 30s. Retry 2/3
2025-10-02 00:43:31,481 - [WinError 2] The system cannot find the file specified
2025-10-02 00:43:36,467 - [WinError 2] The system cannot find the file specified
2025-10-02 00:43:40,070 - 🔄 No pong in 30s. Retry 3/3
2025-10-02 00:43:40,072 - ❌ Connection lost.
2025-10-02 00:43:41,339 - ❌ Socket error: str, bytes or bytearray expected, not NoneType
2025-10-02 00:43:41,342 - ❌ Socket error: str, bytes or bytearray expected, not NoneType
2025-10-02 00:43:41,469 - [WinError 2] The system cannot find the file specified
2025-10-02 00:43:46,466 - [WinError 2] The system cannot find the file specified
2025-10-02 00:43:50,082 - 🔄 No pong in 30s. Retry 1/3
2025-10-02 00:43:51,471 - [WinError 2] The system cannot find the file specified
2025-10-02 00:43:56,345 - ❌ Socket error: str, bytes or bytearray expected, not NoneType
2025-10-02 00:43:56,347 - ❌ Socket error: str, bytes or bytearray expected, not NoneType
2025-10-02 00:43:56,462 - [WinError 2] The system cannot find the file specified
2025-10-02 00:44:00,122 - 🔄 No pong in 30s. Retry 2/3
2025-10-02 00:44:01,484 - [WinError 2] The system cannot find the file specified
2025-10-02 00:44:06,481 - [WinError 2] The system cannot find the file specified
2025-10-02 00:44:10,126 - 🔄 No pong in 30s. Retry 3/3
2025-10-02 00:44:10,129 - ❌ Connection lost.
2025-10-02 00:44:11,351 - ❌ Socket error: str, bytes or bytearray expected, not NoneType
2025-10-02 00:44:11,352 - ❌ Socket error: str, bytes or bytearray expected, not NoneType
2025-10-02 00:44:11,484 - [WinError 2] The system cannot find the file specified
2025-10-02 00:44:16,501 - [WinError 2] The system cannot find the file specified
2025-10-02 00:44:20,130 - 🔄 No pong in 30s. Retry 1/3
2025-10-02 00:44:21,510 - [WinError 2] The system cannot find the file specified
2025-10-02 00:44:26,365 - ❌ Socket error: str, bytes or bytearray expected, not NoneType
2025-10-02 00:44:26,366 - ❌ Socket error: str, bytes or bytearray expected, not NoneType
2025-10-02 00:44:26,519 - [WinError 2] The system cannot find the file specified
2025-10-02 00:44:30,132 - 🔄 No pong in 30s. Retry 2/3
2025-10-02 00:44:31,524 - [WinError 2] The system cannot find the file specified
2025-10-02 00:44:36,521 - [WinError 2] The system cannot find the file specified
2025-10-02 00:44:40,133 - 🔄 No pong in 30s. Retry 3/3
2025-10-02 00:44:40,134 - ❌ Connection lost.
2025-10-02 00:44:41,354 - ❌ Socket error: str, bytes or bytearray expected, not NoneType
2025-10-02 00:44:41,355 - ❌ Socket error: str, bytes or bytearray expected, not NoneType
2025-10-02 00:44:41,513 - [WinError 2] The system cannot find the file specified
2025-10-02 00:44:46,528 - [WinError 2] The system cannot find the file specified
2025-10-02 00:44:50,137 - 🔄 No pong in 30s. Retry 1/3
2025-10-02 00:44:51,512 - [WinError 2] The system cannot find the file specified
2025-10-02 00:44:56,356 - ❌ Socket error: str, bytes or bytearray expected, not NoneType
2025-10-02 00:44:56,357 - ❌ Socket error: str, bytes or bytearray expected, not NoneType
2025-10-02 00:44:56,517 - [WinError 2] The system cannot find the file specified
2025-10-02 00:45:00,142 - 🔄 No pong in 30s. Retry 2/3
2025-10-02 00:45:01,523 - [WinError 2] The system cannot find the file specified
2025-10-02 00:45:06,513 - [WinError 2] The system cannot find the file specified
2025-10-02 00:45:10,144 - 🔄 No pong in 30s. Retry 3/3
2025-10-02 00:45:10,145 - ❌ Connection lost.
2025-10-02 00:45:11,353 - ❌ Socket error: str, bytes or bytearray expected, not NoneType
2025-10-02 00:45:11,355 - ❌ Socket error: str, bytes or bytearray expected, not NoneType
2025-10-02 00:45:11,509 - [WinError 2] The system cannot find the file specified
2025-10-02 00:45:16,525 - [WinError 2] The system cannot find the file specified
2025-10-02 00:45:20,147 - 🔄 No pong in 30s. Retry 1/3
2025-10-02 00:45:21,530 - [WinError 2] The system cannot find the file specified
2025-10-02 00:45:26,356 - ❌ Socket error: str, bytes or bytearray expected, not NoneType
2025-10-02 00:45:26,357 - ❌ Socket error: str, bytes or bytearray expected, not NoneType
2025-10-02 00:45:26,532 - [WinError 2] The system cannot find the file specified
2025-10-02 00:45:30,148 - 🔄 No pong in 30s. Retry 2/3
2025-10-02 00:45:31,546 - [WinError 2] The system cannot find the file specified
2025-10-02 00:45:36,569 - [WinError 2] The system cannot find the file specified
2025-10-02 00:45:40,149 - 🔄 No pong in 30s. Retry 3/3
2025-10-02 00:45:40,149 - ❌ Connection lost.
2025-10-02 00:45:41,378 - ❌ Socket error: str, bytes or bytearray expected, not NoneType
2025-10-02 00:45:41,379 - ❌ Socket error: str, bytes or bytearray expected, not NoneType
2025-10-02 00:45:41,590 - [WinError 2] The system cannot find the file specified
2025-10-02 00:45:46,568 - [WinError 2] The system cannot find the file specified
2025-10-02 00:45:50,151 - 🔄 No pong in 30s. Retry 1/3
2025-10-02 00:45:51,563 - [WinError 2] The system cannot find the file specified
2025-10-02 00:45:56,394 - ❌ Socket error: str, bytes or bytearray expected, not NoneType
2025-10-02 00:45:56,397 - ❌ Socket error: str, bytes or bytearray expected, not NoneType
2025-10-02 00:45:56,573 - [WinError 2] The system cannot find the file specified
2025-10-02 00:46:00,153 - 🔄 No pong in 30s. Retry 2/3
2025-10-02 00:46:01,568 - [WinError 2] The system cannot find the file specified
2025-10-02 00:46:06,559 - [WinError 2] The system cannot find the file specified
2025-10-02 00:46:10,154 - 🔄 No pong in 30s. Retry 3/3
2025-10-02 00:46:10,155 - ❌ Connection lost.
2025-10-02 00:46:11,387 - ❌ Socket error: str, bytes or bytearray expected, not NoneType
2025-10-02 00:46:11,389 - ❌ Socket error: str, bytes or bytearray expected, not NoneType
2025-10-02 00:46:11,578 - [WinError 2] The system cannot find the file specified
2025-10-02 00:46:41,622 - ❌ Socket error: str, bytes or bytearray expected, not NoneType
2025-10-02 00:46:41,625 - ❌ Socket error: str, bytes or bytearray expected, not NoneType
2025-10-02 00:46:46,642 - [WinError 2] The system cannot find the file specified
2025-10-02 00:46:48,843 - ❌ Could not connect: [WinError 10061] No connection could be made because the target machine actively refused it
2025-10-02 00:46:50,376 - 🔄 No pong in 30s. Retry 1/3
2025-10-02 00:46:51,640 - [WinError 2] The system cannot find the file specified
2025-10-02 00:46:56,627 - ❌ Socket error: str, bytes or bytearray expected, not NoneType
2025-10-02 00:46:56,628 - ❌ Socket error: str, bytes or bytearray expected, not NoneType
2025-10-02 00:46:56,647 - [WinError 2] The system cannot find the file specified
2025-10-02 00:47:00,378 - 🔄 No pong in 30s. Retry 2/3
2025-10-02 00:47:01,644 - [WinError 2] The system cannot find the file specified
2025-10-02 00:47:06,638 - [WinError 2] The system cannot find the file specified
2025-10-02 00:47:10,379 - 🔄 No pong in 30s. Retry 3/3
2025-10-02 00:47:10,380 - ❌ Connection lost.
2025-10-02 00:47:11,625 - ❌ Socket error: str, bytes or bytearray expected, not NoneType
2025-10-02 00:47:11,628 - ❌ Socket error: str, bytes or bytearray expected, not NoneType
2025-10-02 00:47:11,658 - [WinError 2] The system cannot find the file specified
2025-10-02 00:47:16,654 - [WinError 2] The system cannot find the file specified
2025-10-02 00:47:20,382 - 🔄 No pong in 30s. Retry 1/3
2025-10-02 00:47:21,659 - [WinError 2] The system cannot find the file specified
2025-10-02 00:47:26,619 - ❌ Socket error: str, bytes or bytearray expected, not NoneType
2025-10-02 00:47:26,620 - ❌ Socket error: str, bytes or bytearray expected, not NoneType
2025-10-02 00:47:26,653 - [WinError 2] The system cannot find the file specified
2025-10-02 00:47:30,383 - 🔄 No pong in 30s. Retry 2/3
2025-10-02 00:47:31,653 - [WinError 2] The system cannot find the file specified
2025-10-02 00:47:36,679 - [WinError 2] The system cannot find the file specified
2025-10-02 00:47:40,384 - 🔄 No pong in 30s. Retry 3/3
2025-10-02 00:47:40,387 - ❌ Connection lost.
2025-10-02 00:47:41,619 - ❌ Socket error: str, bytes or bytearray expected, not NoneType
2025-10-02 00:47:41,622 - ❌ Socket error: str, bytes or bytearray expected, not NoneType
2025-10-02 00:47:41,689 - [WinError 2] The system cannot find the file specified
2025-10-02 00:47:46,683 - [WinError 2] The system cannot find the file specified
2025-10-02 00:47:50,387 - 🔄 No pong in 30s. Retry 1/3
2025-10-02 00:47:51,687 - [WinError 2] The system cannot find the file specified
2025-10-02 00:47:56,641 - ❌ Socket error: str, bytes or bytearray expected, not NoneType
2025-10-02 00:47:56,642 - ❌ Socket error: str, bytes or bytearray expected, not NoneType
2025-10-02 00:47:56,690 - [WinError 2] The system cannot find the file specified
2025-10-02 00:48:00,417 - 🔄 No pong in 30s. Retry 2/3
2025-10-02 00:48:01,687 - [WinError 2] The system cannot find the file specified
2025-10-02 00:48:06,719 - [WinError 2] The system cannot find the file specified
2025-10-02 00:48:10,418 - 🔄 No pong in 30s. Retry 3/3
2025-10-02 00:48:10,419 - ❌ Connection lost.
2025-10-02 00:48:11,722 - [WinError 2] The system cannot find the file specified
2025-10-02 00:48:16,721 - [WinError 2] The system cannot find the file specified
2025-10-02 00:48:25,304 - ❌ Socket error: str, bytes or bytearray expected, not NoneType
2025-10-02 00:48:25,308 - ❌ Socket error: str, bytes or bytearray expected, not NoneType
2025-10-02 00:48:32,159 - ❌ Could not connect: [WinError 10061] No connection could be made because the target machine actively refused it
2025-10-02 00:48:32,161 - [WinError 2] The system cannot find the file specified
2025-10-02 00:48:33,976 - 🔄 No pong in 30s. Retry 1/3
2025-10-02 00:48:35,347 - [WinError 2] The system cannot find the file specified
2025-10-02 00:48:40,301 - ❌ Socket error: str, bytes or bytearray expected, not NoneType
2025-10-02 00:48:40,303 - ❌ Socket error: str, bytes or bytearray expected, not NoneType
2025-10-02 00:48:40,350 - [WinError 2] The system cannot find the file specified
2025-10-02 00:48:43,977 - 🔄 No pong in 30s. Retry 2/3
2025-10-02 00:48:45,340 - [WinError 2] The system cannot find the file specified
2025-10-02 00:48:50,353 - [WinError 2] The system cannot find the file specified
2025-10-02 00:48:53,978 - 🔄 No pong in 30s. Retry 3/3
2025-10-02 00:48:53,979 - ❌ Connection lost.
2025-10-02 00:48:55,292 - ❌ Socket error: str, bytes or bytearray expected, not NoneType
2025-10-02 00:48:55,293 - ❌ Socket error: str, bytes or bytearray expected, not NoneType
2025-10-02 00:48:55,341 - [WinError 2] The system cannot find the file specified
2025-10-02 00:49:00,345 - [WinError 2] The system cannot find the file specified
2025-10-02 00:49:03,980 - 🔄 No pong in 30s. Retry 1/3
2025-10-02 00:49:05,345 - [WinError 2] The system cannot find the file specified
2025-10-02 00:49:10,307 - ❌ Socket error: str, bytes or bytearray expected, not NoneType
2025-10-02 00:49:10,308 - ❌ Socket error: str, bytes or bytearray expected, not NoneType
2025-10-02 00:49:10,357 - [WinError 2] The system cannot find the file specified
2025-10-02 00:49:13,982 - 🔄 No pong in 30s. Retry 2/3
2025-10-02 00:49:15,356 - [WinError 2] The system cannot find the file specified
2025-10-02 00:49:20,363 - [WinError 2] The system cannot find the file specified
2025-10-02 00:49:32,339 - ❌ Socket error: str, bytes or bytearray expected, not NoneType
2025-10-02 00:49:32,343 - ❌ Socket error: str, bytes or bytearray expected, not NoneType
2025-10-02 00:49:39,373 - ❌ Could not connect: [WinError 10061] No connection could be made because the target machine actively refused it
2025-10-02 00:49:39,377 - [WinError 2] The system cannot find the file specified
2025-10-02 00:49:41,031 - 🔄 No pong in 30s. Retry 1/3
2025-10-02 00:49:42,377 - [WinError 2] The system cannot find the file specified
2025-10-02 00:49:47,349 - ❌ Socket error: str, bytes or bytearray expected, not NoneType
2025-10-02 00:49:47,353 - ❌ Socket error: str, bytes or bytearray expected, not NoneType
2025-10-02 00:49:47,389 - [WinError 2] The system cannot find the file specified
2025-10-02 00:49:51,033 - 🔄 No pong in 30s. Retry 2/3
2025-10-02 00:49:52,400 - [WinError 2] The system cannot find the file specified
2025-10-02 00:49:57,401 - [WinError 2] The system cannot find the file specified
2025-10-02 00:50:01,037 - 🔄 No pong in 30s. Retry 3/3
2025-10-02 00:50:01,040 - ❌ Connection lost.
2025-10-02 00:50:02,347 - ❌ Socket error: str, bytes or bytearray expected, not NoneType
2025-10-02 00:50:02,348 - ❌ Socket error: str, bytes or bytearray expected, not NoneType
2025-10-02 00:50:02,414 - [WinError 2] The system cannot find the file specified
2025-10-02 00:50:07,401 - [WinError 2] The system cannot find the file specified
2025-10-02 00:50:11,042 - 🔄 No pong in 30s. Retry 1/3
2025-10-02 00:50:12,406 - [WinError 2] The system cannot find the file specified
2025-10-02 00:50:16,199 - ❌ Could not connect: [WinError 10061] No connection could be made because the target machine actively refused it
2025-10-02 00:50:17,339 - ❌ Socket error: str, bytes or bytearray expected, not NoneType
2025-10-02 00:50:17,343 - ❌ Socket error: str, bytes or bytearray expected, not NoneType
2025-10-02 00:50:17,402 - [WinError 2] The system cannot find the file specified
2025-10-02 00:50:21,044 - 🔄 No pong in 30s. Retry 2/3
2025-10-02 00:50:22,407 - [WinError 2] The system cannot find the file specified
2025-10-02 00:50:27,422 - [WinError 2] The system cannot find the file specified
2025-10-02 00:50:31,048 - 🔄 No pong in 30s. Retry 3/3
2025-10-02 00:50:31,050 - ❌ Connection lost.
2025-10-02 00:50:32,339 - ❌ Socket error: str, bytes or bytearray expected, not NoneType
2025-10-02 00:50:32,341 - ❌ Socket error: str, bytes or bytearray expected, not NoneType
2025-10-02 00:50:32,420 - [WinError 2] The system cannot find the file specified
2025-10-02 00:50:37,427 - [WinError 2] The system cannot find the file specified
2025-10-02 00:50:50,816 - ❌ Socket error: str, bytes or bytearray expected, not NoneType
2025-10-02 00:50:50,818 - ❌ Socket error: str, bytes or bytearray expected, not NoneType
2025-10-02 00:50:57,834 - ❌ Could not connect: [WinError 10061] No connection could be made because the target machine actively refused it
2025-10-02 00:50:57,838 - [WinError 2] The system cannot find the file specified
2025-10-02 00:50:59,527 - 🔄 No pong in 30s. Retry 1/3
2025-10-02 00:51:00,845 - [WinError 2] The system cannot find the file specified
2025-10-02 00:51:05,808 - ❌ Socket error: str, bytes or bytearray expected, not NoneType
2025-10-02 00:51:05,808 - ❌ Socket error: str, bytes or bytearray expected, not NoneType
2025-10-02 00:51:05,846 - [WinError 2] The system cannot find the file specified
2025-10-02 00:51:09,529 - 🔄 No pong in 30s. Retry 2/3
2025-10-02 00:51:10,842 - [WinError 2] The system cannot find the file specified
2025-10-02 00:51:15,852 - [WinError 2] The system cannot find the file specified
2025-10-02 00:51:19,530 - 🔄 No pong in 30s. Retry 3/3
2025-10-02 00:51:19,531 - ❌ Connection lost.
2025-10-02 00:51:20,805 - ❌ Socket error: str, bytes or bytearray expected, not NoneType
2025-10-02 00:51:20,807 - ❌ Socket error: str, bytes or bytearray expected, not NoneType
2025-10-02 00:51:20,844 - [WinError 2] The system cannot find the file specified
2025-10-02 00:51:25,856 - [WinError 2] The system cannot find the file specified
2025-10-02 00:51:29,532 - 🔄 No pong in 30s. Retry 1/3
2025-10-02 00:51:30,844 - [WinError 2] The system cannot find the file specified
2025-10-02 00:51:35,808 - ❌ Socket error: str, bytes or bytearray expected, not NoneType
2025-10-02 00:51:35,810 - ❌ Socket error: str, bytes or bytearray expected, not NoneType
2025-10-02 00:51:35,851 - [WinError 2] The system cannot find the file specified
2025-10-02 00:51:39,534 - 🔄 No pong in 30s. Retry 2/3
2025-10-02 00:51:40,851 - [WinError 2] The system cannot find the file specified
2025-10-02 00:51:45,852 - [WinError 2] The system cannot find the file specified
2025-10-02 00:51:49,536 - 🔄 No pong in 30s. Retry 3/3
2025-10-02 00:51:49,537 - ❌ Connection lost.
2025-10-02 00:51:50,820 - ❌ Socket error: str, bytes or bytearray expected, not NoneType
2025-10-02 00:51:50,823 - ❌ Socket error: str, bytes or bytearray expected, not NoneType
2025-10-02 00:51:50,861 - [WinError 2] The system cannot find the file specified
2025-10-02 00:51:55,865 - [WinError 2] The system cannot find the file specified
2025-10-02 00:51:59,539 - 🔄 No pong in 30s. Retry 1/3
2025-10-02 00:52:00,892 - [WinError 2] The system cannot find the file specified
2025-10-02 00:52:05,810 - ❌ Socket error: str, bytes or bytearray expected, not NoneType
2025-10-02 00:52:05,812 - ❌ Socket error: str, bytes or bytearray expected, not NoneType
2025-10-02 00:52:05,881 - [WinError 2] The system cannot find the file specified
2025-10-02 00:52:09,541 - 🔄 No pong in 30s. Retry 2/3
2025-10-02 00:52:10,888 - [WinError 2] The system cannot find the file specified
2025-10-02 00:52:15,908 - [WinError 2] The system cannot find the file specified
2025-10-02 00:52:19,544 - 🔄 No pong in 30s. Retry 3/3
2025-10-02 00:52:19,547 - ❌ Connection lost.
2025-10-02 00:52:20,812 - ❌ Socket error: str, bytes or bytearray expected, not NoneType
2025-10-02 00:52:20,815 - ❌ Socket error: str, bytes or bytearray expected, not NoneType
2025-10-02 00:52:20,902 - [WinError 2] The system cannot find the file specified
2025-10-02 00:52:25,892 - [WinError 2] The system cannot find the file specified
2025-10-02 00:52:29,549 - 🔄 No pong in 30s. Retry 1/3
2025-10-02 00:52:30,891 - [WinError 2] The system cannot find the file specified
2025-10-02 00:52:35,807 - ❌ Socket error: str, bytes or bytearray expected, not NoneType
2025-10-02 00:52:35,810 - ❌ Socket error: str, bytes or bytearray expected, not NoneType
2025-10-02 00:52:35,908 - [WinError 2] The system cannot find the file specified
2025-10-02 00:52:39,551 - 🔄 No pong in 30s. Retry 2/3
2025-10-02 00:52:40,903 - [WinError 2] The system cannot find the file specified
2025-10-02 00:52:45,920 - [WinError 2] The system cannot find the file specified
2025-10-02 00:52:49,553 - 🔄 No pong in 30s. Retry 3/3
2025-10-02 00:52:49,555 - ❌ Connection lost.
2025-10-02 00:52:50,810 - ❌ Socket error: str, bytes or bytearray expected, not NoneType
2025-10-02 00:52:50,813 - ❌ Socket error: str, bytes or bytearray expected, not NoneType
2025-10-02 00:52:50,937 - [WinError 2] The system cannot find the file specified
2025-10-02 00:52:55,931 - [WinError 2] The system cannot find the file specified
2025-10-02 00:52:59,561 - 🔄 No pong in 30s. Retry 1/3
2025-10-02 00:53:00,935 - [WinError 2] The system cannot find the file specified
2025-10-02 00:53:05,814 - ❌ Socket error: str, bytes or bytearray expected, not NoneType
2025-10-02 00:53:05,816 - ❌ Socket error: str, bytes or bytearray expected, not NoneType
2025-10-02 00:53:05,928 - [WinError 2] The system cannot find the file specified
2025-10-02 00:53:09,565 - 🔄 No pong in 30s. Retry 2/3
2025-10-02 00:53:10,953 - [WinError 2] The system cannot find the file specified
2025-10-02 00:53:15,954 - [WinError 2] The system cannot find the file specified
2025-10-02 00:53:19,568 - 🔄 No pong in 30s. Retry 3/3
2025-10-02 00:53:19,572 - ❌ Connection lost.
2025-10-02 00:53:20,823 - ❌ Socket error: str, bytes or bytearray expected, not NoneType
2025-10-02 00:53:20,825 - ❌ Socket error: str, bytes or bytearray expected, not NoneType
2025-10-02 00:53:20,953 - [WinError 2] The system cannot find the file specified
2025-10-02 00:53:25,958 - [WinError 2] The system cannot find the file specified
2025-10-02 00:53:29,576 - 🔄 No pong in 30s. Retry 1/3
2025-10-02 00:53:30,965 - [WinError 2] The system cannot find the file specified
2025-10-02 00:53:35,824 - ❌ Socket error: str, bytes or bytearray expected, not NoneType
2025-10-02 00:53:35,828 - ❌ Socket error: str, bytes or bytearray expected, not NoneType
2025-10-02 00:53:35,961 - [WinError 2] The system cannot find the file specified
2025-10-02 00:53:39,578 - 🔄 No pong in 30s. Retry 2/3
2025-10-02 00:53:40,952 - [WinError 2] The system cannot find the file specified
2025-10-02 00:53:45,961 - [WinError 2] The system cannot find the file specified
2025-10-02 00:53:49,581 - 🔄 No pong in 30s. Retry 3/3
2025-10-02 00:53:49,584 - ❌ Connection lost.
2025-10-02 00:53:50,834 - ❌ Socket error: str, bytes or bytearray expected, not NoneType
2025-10-02 00:53:50,836 - ❌ Socket error: str, bytes or bytearray expected, not NoneType
2025-10-02 00:53:50,962 - [WinError 2] The system cannot find the file specified
2025-10-02 00:53:55,958 - [WinError 2] The system cannot find the file specified
2025-10-02 00:53:59,587 - 🔄 No pong in 30s. Retry 1/3
2025-10-02 00:54:00,965 - [WinError 2] The system cannot find the file specified
2025-10-02 00:54:05,822 - ❌ Socket error: str, bytes or bytearray expected, not NoneType
2025-10-02 00:54:05,823 - ❌ Socket error: str, bytes or bytearray expected, not NoneType
2025-10-02 00:54:05,955 - [WinError 2] The system cannot find the file specified
2025-10-02 00:54:20,182 - ❌ Socket error: str, bytes or bytearray expected, not NoneType
2025-10-02 00:54:20,189 - ❌ Socket error: str, bytes or bytearray expected, not NoneType
2025-10-02 00:54:25,239 - [WinError 2] The system cannot find the file specified
2025-10-02 00:54:27,109 - 🔄 No pong in 30s. Retry 1/3
2025-10-02 00:54:30,238 - [WinError 2] The system cannot find the file specified
2025-10-02 00:54:35,217 - ❌ Socket error: str, bytes or bytearray expected, not NoneType
2025-10-02 00:54:35,240 - ❌ Socket error: str, bytes or bytearray expected, not NoneType
2025-10-02 00:54:35,250 - [WinError 2] The system cannot find the file specified
2025-10-02 00:54:37,111 - 🔄 No pong in 30s. Retry 2/3
2025-10-02 00:54:40,263 - [WinError 2] The system cannot find the file specified
2025-10-02 00:54:45,260 - [WinError 2] The system cannot find the file specified
2025-10-02 00:54:47,112 - 🔄 No pong in 30s. Retry 3/3
2025-10-02 00:54:47,112 - ❌ Connection lost.
2025-10-02 00:54:51,464 - ❌ Could not connect: [WinError 10061] No connection could be made because the target machine actively refused it
2025-10-02 00:54:51,465 - ❌ Socket error: str, bytes or bytearray expected, not NoneType
2025-10-02 00:54:51,466 - ❌ Socket error: str, bytes or bytearray expected, not NoneType
2025-10-02 00:54:51,469 - [WinError 2] The system cannot find the file specified
2025-10-02 00:54:55,253 - [WinError 2] The system cannot find the file specified
2025-10-02 00:54:57,114 - 🔄 No pong in 30s. Retry 1/3
2025-10-02 00:55:00,252 - [WinError 2] The system cannot find the file specified
2025-10-02 00:55:05,191 - ❌ Socket error: str, bytes or bytearray expected, not NoneType
2025-10-02 00:55:05,193 - ❌ Socket error: str, bytes or bytearray expected, not NoneType
2025-10-02 00:55:05,272 - [WinError 2] The system cannot find the file specified
2025-10-02 00:55:07,117 - 🔄 No pong in 30s. Retry 2/3
2025-10-02 00:55:10,274 - [WinError 2] The system cannot find the file specified
2025-10-02 00:55:15,278 - [WinError 2] The system cannot find the file specified
2025-10-02 00:55:17,118 - 🔄 No pong in 30s. Retry 3/3
2025-10-02 00:55:17,119 - ❌ Connection lost.
2025-10-02 00:55:20,178 - ❌ Socket error: str, bytes or bytearray expected, not NoneType
2025-10-02 00:55:20,180 - ❌ Socket error: str, bytes or bytearray expected, not NoneType
2025-10-02 00:55:20,270 - [WinError 2] The system cannot find the file specified
2025-10-02 00:55:25,267 - [WinError 2] The system cannot find the file specified
2025-10-02 00:55:27,120 - 🔄 No pong in 30s. Retry 1/3
2025-10-02 00:55:30,262 - [WinError 2] The system cannot find the file specified
2025-10-02 00:55:35,198 - ❌ Socket error: str, bytes or bytearray expected, not NoneType
2025-10-02 00:55:35,199 - ❌ Socket error: str, bytes or bytearray expected, not NoneType
2025-10-02 00:55:35,267 - [WinError 2] The system cannot find the file specified
2025-10-02 00:55:37,121 - 🔄 No pong in 30s. Retry 2/3
2025-10-02 00:55:40,284 - [WinError 2] The system cannot find the file specified
2025-10-02 00:55:45,283 - [WinError 2] The system cannot find the file specified
2025-10-02 00:55:47,122 - 🔄 No pong in 30s. Retry 3/3
2025-10-02 00:55:47,124 - ❌ Connection lost.
2025-10-02 00:55:50,218 - ❌ Socket error: str, bytes or bytearray expected, not NoneType
2025-10-02 00:55:50,223 - ❌ Socket error: str, bytes or bytearray expected, not NoneType
2025-10-02 00:55:50,304 - [WinError 2] The system cannot find the file specified
2025-10-02 00:55:55,295 - [WinError 2] The system cannot find the file specified
2025-10-02 00:55:57,125 - 🔄 No pong in 30s. Retry 1/3
2025-10-02 00:56:00,280 - [WinError 2] The system cannot find the file specified
2025-10-02 00:56:05,213 - ❌ Socket error: str, bytes or bytearray expected, not NoneType
2025-10-02 00:56:05,215 - ❌ Socket error: str, bytes or bytearray expected, not NoneType
2025-10-02 00:56:05,282 - [WinError 2] The system cannot find the file specified
2025-10-02 00:56:07,127 - 🔄 No pong in 30s. Retry 2/3
2025-10-02 00:56:10,282 - [WinError 2] The system cannot find the file specified
2025-10-02 00:56:15,295 - [WinError 2] The system cannot find the file specified
2025-10-02 00:56:17,128 - 🔄 No pong in 30s. Retry 3/3
2025-10-02 00:56:17,130 - ❌ Connection lost.
2025-10-02 00:56:20,221 - ❌ Socket error: str, bytes or bytearray expected, not NoneType
2025-10-02 00:56:20,222 - ❌ Socket error: str, bytes or bytearray expected, not NoneType
2025-10-02 00:56:20,294 - [WinError 2] The system cannot find the file specified
2025-10-02 00:56:25,301 - [WinError 2] The system cannot find the file specified
2025-10-02 00:56:27,131 - 🔄 No pong in 30s. Retry 1/3
2025-10-02 00:56:30,294 - [WinError 2] The system cannot find the file specified
2025-10-02 00:56:35,212 - ❌ Socket error: str, bytes or bytearray expected, not NoneType
2025-10-02 00:56:35,215 - ❌ Socket error: str, bytes or bytearray expected, not NoneType
2025-10-02 00:56:35,329 - [WinError 2] The system cannot find the file specified
2025-10-02 00:56:37,132 - 🔄 No pong in 30s. Retry 2/3
2025-10-02 00:56:40,326 - [WinError 2] The system cannot find the file specified
2025-10-02 00:56:45,316 - [WinError 2] The system cannot find the file specified
2025-10-02 00:56:47,134 - 🔄 No pong in 30s. Retry 3/3
2025-10-02 00:56:47,135 - ❌ Connection lost.
2025-10-02 00:56:50,228 - ❌ Socket error: str, bytes or bytearray expected, not NoneType
2025-10-02 00:56:50,233 - ❌ Socket error: str, bytes or bytearray expected, not NoneType
2025-10-02 00:56:50,318 - [WinError 2] The system cannot find the file specified
2025-10-02 00:56:55,310 - [WinError 2] The system cannot find the file specified
2025-10-02 00:56:57,137 - 🔄 No pong in 30s. Retry 1/3
2025-10-02 00:57:00,321 - [WinError 2] The system cannot find the file specified
2025-10-02 00:57:05,231 - ❌ Socket error: str, bytes or bytearray expected, not NoneType
2025-10-02 00:57:05,233 - ❌ Socket error: str, bytes or bytearray expected, not NoneType
2025-10-02 00:57:05,314 - [WinError 2] The system cannot find the file specified
2025-10-02 00:57:07,140 - 🔄 No pong in 30s. Retry 2/3
2025-10-02 00:57:10,330 - [WinError 2] The system cannot find the file specified
2025-10-02 00:57:15,510 - [WinError 2] The system cannot find the file specified
2025-10-02 00:57:17,144 - 🔄 No pong in 30s. Retry 3/3
2025-10-02 00:57:17,145 - ❌ Connection lost.
2025-10-02 00:57:20,227 - ❌ Socket error: str, bytes or bytearray expected, not NoneType
2025-10-02 00:57:20,228 - ❌ Socket error: str, bytes or bytearray expected, not NoneType
2025-10-02 00:57:20,310 - [WinError 2] The system cannot find the file specified
2025-10-02 00:57:25,314 - [WinError 2] The system cannot find the file specified
2025-10-02 00:57:27,146 - 🔄 No pong in 30s. Retry 1/3
2025-10-02 00:57:30,315 - [WinError 2] The system cannot find the file specified
2025-10-02 00:57:35,237 - ❌ Socket error: str, bytes or bytearray expected, not NoneType
2025-10-02 00:57:35,241 - ❌ Socket error: str, bytes or bytearray expected, not NoneType
2025-10-02 00:57:35,318 - [WinError 2] The system cannot find the file specified
2025-10-02 00:57:37,147 - 🔄 No pong in 30s. Retry 2/3
2025-10-02 00:57:40,328 - [WinError 2] The system cannot find the file specified
2025-10-02 00:57:45,329 - [WinError 2] The system cannot find the file specified
2025-10-02 00:57:47,152 - 🔄 No pong in 30s. Retry 3/3
2025-10-02 00:57:47,155 - ❌ Connection lost.
2025-10-02 00:57:50,233 - ❌ Socket error: str, bytes or bytearray expected, not NoneType
2025-10-02 00:57:50,235 - ❌ Socket error: str, bytes or bytearray expected, not NoneType
2025-10-02 00:57:50,332 - [WinError 2] The system cannot find the file specified
2025-10-02 00:57:55,342 - [WinError 2] The system cannot find the file specified
2025-10-02 00:57:57,157 - 🔄 No pong in 30s. Retry 1/3
2025-10-02 00:58:00,335 - [WinError 2] The system cannot find the file specified
2025-10-02 00:58:05,252 - ❌ Socket error: str, bytes or bytearray expected, not NoneType
2025-10-02 00:58:05,254 - ❌ Socket error: str, bytes or bytearray expected, not NoneType
2025-10-02 00:58:05,352 - [WinError 2] The system cannot find the file specified
2025-10-02 00:58:07,160 - 🔄 No pong in 30s. Retry 2/3
2025-10-02 00:58:10,348 - [WinError 2] The system cannot find the file specified
2025-10-02 00:58:15,344 - [WinError 2] The system cannot find the file specified
2025-10-02 00:58:17,163 - 🔄 No pong in 30s. Retry 3/3
2025-10-02 00:58:17,166 - ❌ Connection lost.
2025-10-02 00:58:20,264 - ❌ Socket error: str, bytes or bytearray expected, not NoneType
2025-10-02 00:58:20,266 - ❌ Socket error: str, bytes or bytearray expected, not NoneType
2025-10-02 00:58:20,348 - [WinError 2] The system cannot find the file specified
2025-10-02 00:58:25,359 - [WinError 2] The system cannot find the file specified
2025-10-02 00:58:27,168 - 🔄 No pong in 30s. Retry 1/3
2025-10-02 00:58:30,350 - [WinError 2] The system cannot find the file specified
2025-10-02 00:58:35,263 - ❌ Socket error: str, bytes or bytearray expected, not NoneType
2025-10-02 00:58:35,266 - ❌ Socket error: str, bytes or bytearray expected, not NoneType
2025-10-02 00:58:35,355 - [WinError 2] The system cannot find the file specified
2025-10-02 00:58:37,171 - 🔄 No pong in 30s. Retry 2/3
2025-10-02 00:58:40,348 - [WinError 2] The system cannot find the file specified
2025-10-02 00:58:45,358 - [WinError 2] The system cannot find the file specified
2025-10-02 00:58:47,173 - 🔄 No pong in 30s. Retry 3/3
2025-10-02 00:58:47,176 - ❌ Connection lost.
2025-10-02 00:58:50,264 - ❌ Socket error: str, bytes or bytearray expected, not NoneType
2025-10-02 00:58:50,268 - ❌ Socket error: str, bytes or bytearray expected, not NoneType
2025-10-02 00:58:50,352 - [WinError 2] The system cannot find the file specified
2025-10-02 00:58:55,353 - [WinError 2] The system cannot find the file specified
2025-10-02 00:58:57,178 - 🔄 No pong in 30s. Retry 1/3
2025-10-02 00:59:00,364 - [WinError 2] The system cannot find the file specified
2025-10-02 00:59:05,267 - ❌ Socket error: str, bytes or bytearray expected, not NoneType
2025-10-02 00:59:05,268 - ❌ Socket error: str, bytes or bytearray expected, not NoneType
2025-10-02 00:59:05,366 - [WinError 2] The system cannot find the file specified
2025-10-02 00:59:07,181 - 🔄 No pong in 30s. Retry 2/3
2025-10-02 00:59:10,362 - [WinError 2] The system cannot find the file specified
2025-10-02 00:59:15,371 - [WinError 2] The system cannot find the file specified
2025-10-02 00:59:17,184 - 🔄 No pong in 30s. Retry 3/3
2025-10-02 00:59:17,185 - ❌ Connection lost.
2025-10-02 00:59:20,273 - ❌ Socket error: str, bytes or bytearray expected, not NoneType
2025-10-02 00:59:20,277 - ❌ Socket error: str, bytes or bytearray expected, not NoneType
2025-10-02 00:59:20,362 - [WinError 2] The system cannot find the file specified
2025-10-02 00:59:25,373 - [WinError 2] The system cannot find the file specified
2025-10-02 00:59:27,187 - 🔄 No pong in 30s. Retry 1/3
2025-10-02 00:59:30,366 - [WinError 2] The system cannot find the file specified
2025-10-02 00:59:35,305 - ❌ Socket error: str, bytes or bytearray expected, not NoneType
2025-10-02 00:59:35,313 - ❌ Socket error: str, bytes or bytearray expected, not NoneType
2025-10-02 00:59:35,384 - [WinError 2] The system cannot find the file specified
2025-10-02 00:59:37,190 - 🔄 No pong in 30s. Retry 2/3
2025-10-02 00:59:40,374 - [WinError 2] The system cannot find the file specified
2025-10-02 00:59:45,370 - [WinError 2] The system cannot find the file specified
2025-10-02 00:59:47,192 - 🔄 No pong in 30s. Retry 3/3
2025-10-02 00:59:47,193 - ❌ Connection lost.
2025-10-02 00:59:50,295 - ❌ Socket error: str, bytes or bytearray expected, not NoneType
2025-10-02 00:59:50,298 - ❌ Socket error: str, bytes or bytearray expected, not NoneType
2025-10-02 00:59:50,361 - [WinError 2] The system cannot find the file specified
2025-10-02 00:59:55,379 - [WinError 2] The system cannot find the file specified
2025-10-02 00:59:57,195 - 🔄 No pong in 30s. Retry 1/3
2025-10-02 01:00:00,404 - [WinError 2] The system cannot find the file specified
2025-10-02 01:00:05,291 - ❌ Socket error: str, bytes or bytearray expected, not NoneType
2025-10-02 01:00:05,293 - ❌ Socket error: str, bytes or bytearray expected, not NoneType
2025-10-02 01:00:05,394 - [WinError 2] The system cannot find the file specified
2025-10-02 01:00:07,198 - 🔄 No pong in 30s. Retry 2/3
2025-10-02 01:00:10,404 - [WinError 2] The system cannot find the file specified
2025-10-02 01:00:15,409 - [WinError 2] The system cannot find the file specified
2025-10-02 01:00:17,200 - 🔄 No pong in 30s. Retry 3/3
2025-10-02 01:00:17,203 - ❌ Connection lost.
2025-10-02 01:00:20,292 - ❌ Socket error: str, bytes or bytearray expected, not NoneType
2025-10-02 01:00:20,295 - ❌ Socket error: str, bytes or bytearray expected, not NoneType
2025-10-02 01:00:20,406 - [WinError 2] The system cannot find the file specified
2025-10-02 01:00:25,411 - [WinError 2] The system cannot find the file specified
2025-10-02 01:00:27,206 - 🔄 No pong in 30s. Retry 1/3
2025-10-02 01:00:30,443 - [WinError 2] The system cannot find the file specified
2025-10-02 01:00:35,292 - ❌ Socket error: str, bytes or bytearray expected, not NoneType
2025-10-02 01:00:35,293 - ❌ Socket error: str, bytes or bytearray expected, not NoneType
2025-10-02 01:00:35,422 - [WinError 2] The system cannot find the file specified
2025-10-02 01:00:37,209 - 🔄 No pong in 30s. Retry 2/3
2025-10-02 01:00:40,429 - [WinError 2] The system cannot find the file specified
2025-10-02 01:00:45,421 - [WinError 2] The system cannot find the file specified
2025-10-02 01:00:47,211 - 🔄 No pong in 30s. Retry 3/3
2025-10-02 01:00:47,213 - ❌ Connection lost.
2025-10-02 01:00:50,298 - ❌ Socket error: str, bytes or bytearray expected, not NoneType
2025-10-02 01:00:50,302 - ❌ Socket error: str, bytes or bytearray expected, not NoneType
2025-10-02 01:00:50,428 - [WinError 2] The system cannot find the file specified
2025-10-02 01:00:55,447 - [WinError 2] The system cannot find the file specified
2025-10-02 01:00:57,216 - 🔄 No pong in 30s. Retry 1/3
2025-10-02 01:01:00,452 - [WinError 2] The system cannot find the file specified
2025-10-02 01:01:05,314 - ❌ Socket error: str, bytes or bytearray expected, not NoneType
2025-10-02 01:01:05,316 - ❌ Socket error: str, bytes or bytearray expected, not NoneType
2025-10-02 01:01:05,444 - [WinError 2] The system cannot find the file specified
2025-10-02 01:01:07,217 - 🔄 No pong in 30s. Retry 2/3
2025-10-02 01:01:10,440 - [WinError 2] The system cannot find the file specified
2025-10-02 01:01:15,265 - ❌ Could not connect: [WinError 10061] No connection could be made because the target machine actively refused it
2025-10-02 01:01:15,439 - [WinError 2] The system cannot find the file specified
2025-10-02 01:01:17,221 - 🔄 No pong in 30s. Retry 3/3
2025-10-02 01:01:17,222 - ❌ Connection lost.
2025-10-02 01:01:20,316 - ❌ Socket error: str, bytes or bytearray expected, not NoneType
2025-10-02 01:01:20,319 - ❌ Socket error: str, bytes or bytearray expected, not NoneType
2025-10-02 01:01:20,453 - [WinError 2] The system cannot find the file specified
2025-10-02 01:01:25,440 - [WinError 2] The system cannot find the file specified
2025-10-02 01:01:27,223 - 🔄 No pong in 30s. Retry 1/3
2025-10-02 01:01:30,446 - [WinError 2] The system cannot find the file specified
2025-10-02 01:01:35,312 - ❌ Socket error: str, bytes or bytearray expected, not NoneType
2025-10-02 01:01:35,314 - ❌ Socket error: str, bytes or bytearray expected, not NoneType
2025-10-02 01:01:35,444 - [WinError 2] The system cannot find the file specified
2025-10-02 01:01:37,226 - 🔄 No pong in 30s. Retry 2/3
2025-10-02 01:01:40,443 - [WinError 2] The system cannot find the file specified
2025-10-02 01:01:45,450 - [WinError 2] The system cannot find the file specified
2025-10-02 01:01:47,229 - 🔄 No pong in 30s. Retry 3/3
2025-10-02 01:01:47,232 - ❌ Connection lost.
2025-10-02 01:01:50,330 - ❌ Socket error: str, bytes or bytearray expected, not NoneType
2025-10-02 01:01:50,337 - ❌ Socket error: str, bytes or bytearray expected, not NoneType
2025-10-02 01:01:50,449 - [WinError 2] The system cannot find the file specified
2025-10-02 01:01:55,432 - [WinError 2] The system cannot find the file specified
2025-10-02 01:01:57,234 - 🔄 No pong in 30s. Retry 1/3
2025-10-02 01:02:00,444 - [WinError 2] The system cannot find the file specified
2025-10-02 01:02:05,308 - ❌ Socket error: str, bytes or bytearray expected, not NoneType
2025-10-02 01:02:05,309 - ❌ Socket error: str, bytes or bytearray expected, not NoneType
2025-10-02 01:02:05,437 - [WinError 2] The system cannot find the file specified
2025-10-02 01:02:07,237 - 🔄 No pong in 30s. Retry 2/3
2025-10-02 01:02:10,442 - [WinError 2] The system cannot find the file specified
2025-10-02 01:02:15,440 - [WinError 2] The system cannot find the file specified
2025-10-02 01:02:17,239 - 🔄 No pong in 30s. Retry 3/3
2025-10-02 01:02:17,241 - ❌ Connection lost.
2025-10-02 01:02:20,316 - ❌ Socket error: str, bytes or bytearray expected, not NoneType
2025-10-02 01:02:20,317 - ❌ Socket error: str, bytes or bytearray expected, not NoneType
2025-10-02 01:02:20,461 - [WinError 2] The system cannot find the file specified
2025-10-02 01:02:25,475 - [WinError 2] The system cannot find the file specified
2025-10-02 01:02:27,246 - 🔄 No pong in 30s. Retry 1/3
2025-10-02 01:02:30,450 - [WinError 2] The system cannot find the file specified
2025-10-02 01:02:35,321 - ❌ Socket error: str, bytes or bytearray expected, not NoneType
2025-10-02 01:02:35,323 - ❌ Socket error: str, bytes or bytearray expected, not NoneType
2025-10-02 01:02:35,478 - [WinError 2] The system cannot find the file specified
2025-10-02 01:02:37,247 - 🔄 No pong in 30s. Retry 2/3
2025-10-02 01:02:40,467 - [WinError 2] The system cannot find the file specified
2025-10-02 01:02:45,489 - [WinError 2] The system cannot find the file specified
2025-10-02 01:02:47,251 - 🔄 No pong in 30s. Retry 3/3
2025-10-02 01:02:47,256 - ❌ Connection lost.
2025-10-02 01:02:50,333 - ❌ Socket error: str, bytes or bytearray expected, not NoneType
2025-10-02 01:02:50,336 - ❌ Socket error: str, bytes or bytearray expected, not NoneType
2025-10-02 01:02:50,483 - [WinError 2] The system cannot find the file specified
2025-10-02 01:02:55,476 - [WinError 2] The system cannot find the file specified
2025-10-02 01:02:57,259 - 🔄 No pong in 30s. Retry 1/3
2025-10-02 01:03:00,472 - [WinError 2] The system cannot find the file specified
2025-10-02 01:03:05,348 - ❌ Socket error: str, bytes or bytearray expected, not NoneType
2025-10-02 01:03:05,349 - ❌ Socket error: str, bytes or bytearray expected, not NoneType
2025-10-02 01:03:05,479 - [WinError 2] The system cannot find the file specified
2025-10-02 01:03:07,262 - 🔄 No pong in 30s. Retry 2/3
2025-10-02 01:03:10,473 - [WinError 2] The system cannot find the file specified
2025-10-02 01:03:15,480 - [WinError 2] The system cannot find the file specified
2025-10-02 01:03:17,264 - 🔄 No pong in 30s. Retry 3/3
2025-10-02 01:03:17,266 - ❌ Connection lost.
2025-10-02 01:03:20,350 - ❌ Socket error: str, bytes or bytearray expected, not NoneType
2025-10-02 01:03:20,352 - ❌ Socket error: str, bytes or bytearray expected, not NoneType
2025-10-02 01:03:20,480 - [WinError 2] The system cannot find the file specified
2025-10-02 01:03:25,472 - [WinError 2] The system cannot find the file specified
2025-10-02 01:03:27,268 - 🔄 No pong in 30s. Retry 1/3
2025-10-02 01:03:30,485 - [WinError 2] The system cannot find the file specified
2025-10-02 01:03:35,336 - ❌ Socket error: str, bytes or bytearray expected, not NoneType
2025-10-02 01:03:35,339 - ❌ Socket error: str, bytes or bytearray expected, not NoneType
2025-10-02 01:03:35,474 - [WinError 2] The system cannot find the file specified
2025-10-02 01:03:37,270 - 🔄 No pong in 30s. Retry 2/3
2025-10-02 01:03:40,462 - [WinError 2] The system cannot find the file specified
2025-10-02 01:03:45,478 - [WinError 2] The system cannot find the file specified
2025-10-02 01:03:47,272 - 🔄 No pong in 30s. Retry 3/3
2025-10-02 01:03:47,273 - ❌ Connection lost.
2025-10-02 01:03:50,338 - ❌ Socket error: str, bytes or bytearray expected, not NoneType
2025-10-02 01:03:50,342 - ❌ Socket error: str, bytes or bytearray expected, not NoneType
2025-10-02 01:03:50,474 - [WinError 2] The system cannot find the file specified
2025-10-02 01:03:55,470 - [WinError 2] The system cannot find the file specified
2025-10-02 01:03:57,274 - 🔄 No pong in 30s. Retry 1/3
2025-10-02 01:04:00,475 - [WinError 2] The system cannot find the file specified
2025-10-02 01:04:05,343 - ❌ Socket error: str, bytes or bytearray expected, not NoneType
2025-10-02 01:04:05,345 - ❌ Socket error: str, bytes or bytearray expected, not NoneType
2025-10-02 01:04:05,476 - [WinError 2] The system cannot find the file specified
2025-10-02 01:04:07,276 - 🔄 No pong in 30s. Retry 2/3
2025-10-02 01:04:10,483 - [WinError 2] The system cannot find the file specified
2025-10-02 01:04:15,476 - [WinError 2] The system cannot find the file specified
2025-10-02 01:04:17,277 - 🔄 No pong in 30s. Retry 3/3
2025-10-02 01:04:17,283 - ❌ Connection lost.
2025-10-02 01:04:20,342 - ❌ Socket error: str, bytes or bytearray expected, not NoneType
2025-10-02 01:04:20,346 - ❌ Socket error: str, bytes or bytearray expected, not NoneType
2025-10-02 01:04:20,479 - [WinError 2] The system cannot find the file specified
2025-10-02 01:04:25,477 - [WinError 2] The system cannot find the file specified
2025-10-02 01:04:27,288 - 🔄 No pong in 30s. Retry 1/3
2025-10-02 01:04:30,471 - [WinError 2] The system cannot find the file specified
2025-10-02 01:04:35,337 - ❌ Socket error: str, bytes or bytearray expected, not NoneType
2025-10-02 01:04:35,340 - ❌ Socket error: str, bytes or bytearray expected, not NoneType
2025-10-02 01:04:35,465 - [WinError 2] The system cannot find the file specified
2025-10-02 01:04:37,289 - 🔄 No pong in 30s. Retry 2/3
2025-10-02 01:04:40,467 - [WinError 2] The system cannot find the file specified
2025-10-02 01:04:45,481 - [WinError 2] The system cannot find the file specified
2025-10-02 01:04:47,293 - 🔄 No pong in 30s. Retry 3/3
2025-10-02 01:04:47,294 - ❌ Connection lost.
2025-10-02 01:04:50,350 - ❌ Socket error: str, bytes or bytearray expected, not NoneType
2025-10-02 01:04:50,353 - ❌ Socket error: str, bytes or bytearray expected, not NoneType
2025-10-02 01:04:50,474 - [WinError 2] The system cannot find the file specified
2025-10-02 01:04:55,478 - [WinError 2] The system cannot find the file specified
2025-10-02 01:04:57,298 - 🔄 No pong in 30s. Retry 1/3
2025-10-02 01:05:00,483 - [WinError 2] The system cannot find the file specified
2025-10-02 01:05:05,341 - ❌ Socket error: str, bytes or bytearray expected, not NoneType
2025-10-02 01:05:05,342 - ❌ Socket error: str, bytes or bytearray expected, not NoneType
2025-10-02 01:05:05,472 - [WinError 2] The system cannot find the file specified
2025-10-02 01:05:07,302 - 🔄 No pong in 30s. Retry 2/3
2025-10-02 01:05:10,479 - [WinError 2] The system cannot find the file specified
2025-10-02 01:05:15,474 - [WinError 2] The system cannot find the file specified
2025-10-02 01:05:17,306 - 🔄 No pong in 30s. Retry 3/3
2025-10-02 01:05:17,308 - ❌ Connection lost.
2025-10-02 01:05:20,337 - ❌ Socket error: str, bytes or bytearray expected, not NoneType
2025-10-02 01:05:20,339 - ❌ Socket error: str, bytes or bytearray expected, not NoneType
2025-10-02 01:05:20,474 - [WinError 2] The system cannot find the file specified
2025-10-02 01:05:25,494 - [WinError 2] The system cannot find the file specified
2025-10-02 01:05:27,310 - 🔄 No pong in 30s. Retry 1/3
2025-10-02 01:05:30,499 - [WinError 2] The system cannot find the file specified
2025-10-02 01:05:35,355 - ❌ Socket error: str, bytes or bytearray expected, not NoneType
2025-10-02 01:05:35,357 - ❌ Socket error: str, bytes or bytearray expected, not NoneType
2025-10-02 01:05:35,497 - [WinError 2] The system cannot find the file specified
2025-10-02 01:05:37,314 - 🔄 No pong in 30s. Retry 2/3
2025-10-02 01:05:40,494 - [WinError 2] The system cannot find the file specified
2025-10-02 01:05:45,500 - [WinError 2] The system cannot find the file specified
2025-10-02 01:05:47,316 - 🔄 No pong in 30s. Retry 3/3
2025-10-02 01:05:47,319 - ❌ Connection lost.
2025-10-02 01:05:50,375 - ❌ Socket error: str, bytes or bytearray expected, not NoneType
2025-10-02 01:05:50,376 - ❌ Socket error: str, bytes or bytearray expected, not NoneType
2025-10-02 01:05:50,522 - [WinError 2] The system cannot find the file specified
2025-10-02 01:05:55,511 - [WinError 2] The system cannot find the file specified
2025-10-02 01:05:57,321 - 🔄 No pong in 30s. Retry 1/3
2025-10-02 01:06:00,500 - [WinError 2] The system cannot find the file specified
2025-10-02 01:06:05,373 - ❌ Socket error: str, bytes or bytearray expected, not NoneType
2025-10-02 01:06:05,374 - ❌ Socket error: str, bytes or bytearray expected, not NoneType
2025-10-02 01:06:05,511 - [WinError 2] The system cannot find the file specified
2025-10-02 01:06:07,329 - 🔄 No pong in 30s. Retry 2/3
2025-10-02 01:06:10,499 - [WinError 2] The system cannot find the file specified
2025-10-02 01:06:15,507 - [WinError 2] The system cannot find the file specified
2025-10-02 01:06:17,333 - 🔄 No pong in 30s. Retry 3/3
2025-10-02 01:06:17,335 - ❌ Connection lost.
2025-10-02 01:06:20,385 - ❌ Socket error: str, bytes or bytearray expected, not NoneType
2025-10-02 01:06:20,391 - ❌ Socket error: str, bytes or bytearray expected, not NoneType
2025-10-02 01:06:20,516 - [WinError 2] The system cannot find the file specified
2025-10-02 01:06:25,514 - [WinError 2] The system cannot find the file specified
2025-10-02 01:06:27,336 - 🔄 No pong in 30s. Retry 1/3
2025-10-02 01:06:30,521 - [WinError 2] The system cannot find the file specified
2025-10-02 01:06:35,382 - ❌ Socket error: str, bytes or bytearray expected, not NoneType
2025-10-02 01:06:35,383 - ❌ Socket error: str, bytes or bytearray expected, not NoneType
2025-10-02 01:06:35,528 - [WinError 2] The system cannot find the file specified
2025-10-02 01:06:37,338 - 🔄 No pong in 30s. Retry 2/3
2025-10-02 01:06:40,543 - [WinError 2] The system cannot find the file specified
2025-10-02 01:06:45,540 - [WinError 2] The system cannot find the file specified
2025-10-02 01:06:47,340 - 🔄 No pong in 30s. Retry 3/3
2025-10-02 01:06:47,342 - ❌ Connection lost.
2025-10-02 01:06:50,383 - ❌ Socket error: str, bytes or bytearray expected, not NoneType
2025-10-02 01:06:50,387 - ❌ Socket error: str, bytes or bytearray expected, not NoneType
2025-10-02 01:06:50,561 - [WinError 2] The system cannot find the file specified
2025-10-02 01:06:55,593 - [WinError 2] The system cannot find the file specified
2025-10-02 01:06:57,344 - 🔄 No pong in 30s. Retry 1/3
2025-10-02 01:07:00,563 - [WinError 2] The system cannot find the file specified
2025-10-02 01:07:05,385 - ❌ Socket error: str, bytes or bytearray expected, not NoneType
2025-10-02 01:07:05,386 - ❌ Socket error: str, bytes or bytearray expected, not NoneType
2025-10-02 01:07:05,566 - [WinError 2] The system cannot find the file specified
2025-10-02 01:07:07,348 - 🔄 No pong in 30s. Retry 2/3
2025-10-02 01:07:10,579 - [WinError 2] The system cannot find the file specified
2025-10-02 01:07:15,564 - [WinError 2] The system cannot find the file specified
2025-10-02 01:07:17,350 - 🔄 No pong in 30s. Retry 3/3
2025-10-02 01:07:17,351 - ❌ Connection lost.
2025-10-02 01:07:20,386 - ❌ Socket error: str, bytes or bytearray expected, not NoneType
2025-10-02 01:07:20,387 - ❌ Socket error: str, bytes or bytearray expected, not NoneType
2025-10-02 01:07:20,583 - [WinError 2] The system cannot find the file specified
2025-10-02 01:07:25,587 - [WinError 2] The system cannot find the file specified
2025-10-02 01:07:27,356 - 🔄 No pong in 30s. Retry 1/3
2025-10-02 01:07:30,591 - [WinError 2] The system cannot find the file specified
2025-10-02 01:07:35,394 - ❌ Socket error: str, bytes or bytearray expected, not NoneType
2025-10-02 01:07:35,396 - ❌ Socket error: str, bytes or bytearray expected, not NoneType
2025-10-02 01:07:35,603 - [WinError 2] The system cannot find the file specified
2025-10-02 01:07:37,361 - 🔄 No pong in 30s. Retry 2/3
2025-10-02 01:07:40,589 - [WinError 2] The system cannot find the file specified
2025-10-02 01:07:45,592 - [WinError 2] The system cannot find the file specified
2025-10-02 01:07:47,362 - 🔄 No pong in 30s. Retry 3/3
2025-10-02 01:07:47,363 - ❌ Connection lost.
2025-10-02 01:07:50,397 - ❌ Socket error: str, bytes or bytearray expected, not NoneType
2025-10-02 01:07:50,399 - ❌ Socket error: str, bytes or bytearray expected, not NoneType
2025-10-02 01:07:50,591 - [WinError 2] The system cannot find the file specified
2025-10-02 01:07:55,610 - [WinError 2] The system cannot find the file specified
2025-10-02 01:07:57,366 - 🔄 No pong in 30s. Retry 1/3
2025-10-02 01:08:00,600 - [WinError 2] The system cannot find the file specified
2025-10-02 01:08:05,387 - ❌ Socket error: str, bytes or bytearray expected, not NoneType
2025-10-02 01:08:05,389 - ❌ Socket error: str, bytes or bytearray expected, not NoneType
2025-10-02 01:08:05,603 - [WinError 2] The system cannot find the file specified
2025-10-02 01:08:07,369 - 🔄 No pong in 30s. Retry 2/3
2025-10-02 01:08:10,607 - [WinError 2] The system cannot find the file specified
2025-10-02 01:08:15,600 - [WinError 2] The system cannot find the file specified
2025-10-02 01:08:17,372 - 🔄 No pong in 30s. Retry 3/3
2025-10-02 01:08:17,373 - ❌ Connection lost.
2025-10-02 01:08:20,384 - ❌ Socket error: str, bytes or bytearray expected, not NoneType
2025-10-02 01:08:20,386 - ❌ Socket error: str, bytes or bytearray expected, not NoneType
2025-10-02 01:08:20,600 - [WinError 2] The system cannot find the file specified
2025-10-02 01:08:25,600 - [WinError 2] The system cannot find the file specified
2025-10-02 01:08:27,375 - 🔄 No pong in 30s. Retry 1/3
2025-10-02 01:08:30,607 - [WinError 2] The system cannot find the file specified
2025-10-02 01:08:35,387 - ❌ Socket error: str, bytes or bytearray expected, not NoneType
2025-10-02 01:08:35,391 - ❌ Socket error: str, bytes or bytearray expected, not NoneType
2025-10-02 01:08:35,592 - [WinError 2] The system cannot find the file specified
2025-10-02 01:08:37,379 - 🔄 No pong in 30s. Retry 2/3
2025-10-02 01:08:40,608 - [WinError 2] The system cannot find the file specified
2025-10-02 01:08:45,607 - [WinError 2] The system cannot find the file specified
2025-10-02 01:08:47,380 - 🔄 No pong in 30s. Retry 3/3
2025-10-02 01:08:47,382 - ❌ Connection lost.
2025-10-02 01:08:50,387 - ❌ Socket error: str, bytes or bytearray expected, not NoneType
2025-10-02 01:08:50,390 - ❌ Socket error: str, bytes or bytearray expected, not NoneType
2025-10-02 01:08:50,601 - [WinError 2] The system cannot find the file specified
2025-10-02 01:08:55,609 - [WinError 2] The system cannot find the file specified
2025-10-02 01:08:57,384 - 🔄 No pong in 30s. Retry 1/3
2025-10-02 01:09:00,600 - [WinError 2] The system cannot find the file specified
2025-10-02 01:09:05,387 - ❌ Socket error: str, bytes or bytearray expected, not NoneType
2025-10-02 01:09:05,389 - ❌ Socket error: str, bytes or bytearray expected, not NoneType
2025-10-02 01:09:05,598 - [WinError 2] The system cannot find the file specified
2025-10-02 01:09:07,388 - 🔄 No pong in 30s. Retry 2/3
2025-10-02 01:09:10,598 - [WinError 2] The system cannot find the file specified
2025-10-02 01:09:15,612 - [WinError 2] The system cannot find the file specified
2025-10-02 01:09:17,391 - 🔄 No pong in 30s. Retry 3/3
2025-10-02 01:09:17,395 - ❌ Connection lost.
2025-10-02 01:09:20,382 - ❌ Socket error: str, bytes or bytearray expected, not NoneType
2025-10-02 01:09:20,384 - ❌ Socket error: str, bytes or bytearray expected, not NoneType
2025-10-02 01:09:20,607 - [WinError 2] The system cannot find the file specified
2025-10-02 01:09:25,609 - [WinError 2] The system cannot find the file specified
2025-10-02 01:09:27,397 - 🔄 No pong in 30s. Retry 1/3
2025-10-02 01:09:30,620 - [WinError 2] The system cannot find the file specified
2025-10-02 01:09:35,387 - ❌ Socket error: str, bytes or bytearray expected, not NoneType
2025-10-02 01:09:35,392 - ❌ Socket error: str, bytes or bytearray expected, not NoneType
2025-10-02 01:09:35,623 - [WinError 2] The system cannot find the file specified
2025-10-02 01:09:37,400 - 🔄 No pong in 30s. Retry 2/3
2025-10-02 01:09:40,628 - [WinError 2] The system cannot find the file specified
2025-10-02 01:09:45,622 - [WinError 2] The system cannot find the file specified
2025-10-02 01:09:47,403 - 🔄 No pong in 30s. Retry 3/3
2025-10-02 01:09:47,407 - ❌ Connection lost.
2025-10-02 01:09:50,387 - ❌ Socket error: str, bytes or bytearray expected, not NoneType
2025-10-02 01:09:50,390 - ❌ Socket error: str, bytes or bytearray expected, not NoneType
2025-10-02 01:09:50,652 - [WinError 2] The system cannot find the file specified
2025-10-02 01:09:55,657 - [WinError 2] The system cannot find the file specified
2025-10-02 01:09:57,409 - 🔄 No pong in 30s. Retry 1/3
2025-10-02 01:10:00,658 - [WinError 2] The system cannot find the file specified
2025-10-02 01:10:05,387 - ❌ Socket error: str, bytes or bytearray expected, not NoneType
2025-10-02 01:10:05,388 - ❌ Socket error: str, bytes or bytearray expected, not NoneType
2025-10-02 01:10:05,660 - [WinError 2] The system cannot find the file specified
2025-10-02 01:10:07,412 - 🔄 No pong in 30s. Retry 2/3
2025-10-02 01:10:10,681 - [WinError 2] The system cannot find the file specified
2025-10-02 01:10:15,691 - [WinError 2] The system cannot find the file specified
2025-10-02 01:10:17,414 - 🔄 No pong in 30s. Retry 3/3
2025-10-02 01:10:17,416 - ❌ Connection lost.
2025-10-02 01:10:20,410 - ❌ Socket error: str, bytes or bytearray expected, not NoneType
2025-10-02 01:10:20,413 - ❌ Socket error: str, bytes or bytearray expected, not NoneType
2025-10-02 01:10:20,693 - [WinError 2] The system cannot find the file specified
2025-10-02 01:10:25,699 - [WinError 2] The system cannot find the file specified
2025-10-02 01:10:27,418 - 🔄 No pong in 30s. Retry 1/3
2025-10-02 01:10:30,709 - [WinError 2] The system cannot find the file specified
2025-10-02 01:10:35,415 - ❌ Socket error: str, bytes or bytearray expected, not NoneType
2025-10-02 01:10:35,420 - ❌ Socket error: str, bytes or bytearray expected, not NoneType
2025-10-02 01:10:35,698 - [WinError 2] The system cannot find the file specified
2025-10-02 01:10:37,421 - 🔄 No pong in 30s. Retry 2/3
2025-10-02 01:10:40,712 - [WinError 2] The system cannot find the file specified
2025-10-02 01:10:45,725 - [WinError 2] The system cannot find the file specified
2025-10-02 01:10:47,424 - 🔄 No pong in 30s. Retry 3/3
2025-10-02 01:10:47,425 - ❌ Connection lost.
2025-10-02 01:10:50,420 - ❌ Socket error: str, bytes or bytearray expected, not NoneType
2025-10-02 01:10:50,424 - ❌ Socket error: str, bytes or bytearray expected, not NoneType
2025-10-02 01:10:50,734 - [WinError 2] The system cannot find the file specified
2025-10-02 01:10:55,720 - [WinError 2] The system cannot find the file specified
2025-10-02 01:10:57,428 - 🔄 No pong in 30s. Retry 1/3
2025-10-02 01:11:00,723 - [WinError 2] The system cannot find the file specified
2025-10-02 01:11:05,442 - ❌ Socket error: str, bytes or bytearray expected, not NoneType
2025-10-02 01:11:05,444 - ❌ Socket error: str, bytes or bytearray expected, not NoneType
2025-10-02 01:11:05,726 - [WinError 2] The system cannot find the file specified
2025-10-02 01:11:07,438 - 🔄 No pong in 30s. Retry 2/3
2025-10-02 01:11:10,730 - [WinError 2] The system cannot find the file specified
2025-10-02 01:11:15,737 - [WinError 2] The system cannot find the file specified
2025-10-02 01:11:17,440 - 🔄 No pong in 30s. Retry 3/3
2025-10-02 01:11:17,443 - ❌ Connection lost.
2025-10-02 01:11:20,444 - ❌ Socket error: str, bytes or bytearray expected, not NoneType
2025-10-02 01:11:20,447 - ❌ Socket error: str, bytes or bytearray expected, not NoneType
2025-10-02 01:11:20,726 - [WinError 2] The system cannot find the file specified
2025-10-02 01:11:25,717 - [WinError 2] The system cannot find the file specified
2025-10-02 01:11:27,446 - 🔄 No pong in 30s. Retry 1/3
2025-10-02 01:11:30,728 - [WinError 2] The system cannot find the file specified
2025-10-02 01:11:35,435 - ❌ Socket error: str, bytes or bytearray expected, not NoneType
2025-10-02 01:11:35,439 - ❌ Socket error: str, bytes or bytearray expected, not NoneType
2025-10-02 01:11:35,734 - [WinError 2] The system cannot find the file specified
2025-10-02 01:11:37,449 - 🔄 No pong in 30s. Retry 2/3
2025-10-02 01:11:40,734 - [WinError 2] The system cannot find the file specified
2025-10-02 01:11:45,736 - [WinError 2] The system cannot find the file specified
2025-10-02 01:11:47,452 - 🔄 No pong in 30s. Retry 3/3
2025-10-02 01:11:47,455 - ❌ Connection lost.
2025-10-02 01:11:50,450 - ❌ Socket error: str, bytes or bytearray expected, not NoneType
2025-10-02 01:11:50,454 - ❌ Socket error: str, bytes or bytearray expected, not NoneType
2025-10-02 01:11:50,746 - [WinError 2] The system cannot find the file specified
2025-10-02 01:11:55,752 - [WinError 2] The system cannot find the file specified
2025-10-02 01:11:57,457 - 🔄 No pong in 30s. Retry 1/3
2025-10-02 01:12:00,753 - [WinError 2] The system cannot find the file specified
2025-10-02 01:12:05,447 - ❌ Socket error: str, bytes or bytearray expected, not NoneType
2025-10-02 01:12:05,449 - ❌ Socket error: str, bytes or bytearray expected, not NoneType
2025-10-02 01:12:05,772 - [WinError 2] The system cannot find the file specified
2025-10-02 01:12:07,460 - 🔄 No pong in 30s. Retry 2/3
2025-10-02 01:12:10,778 - [WinError 2] The system cannot find the file specified
2025-10-02 01:12:15,772 - [WinError 2] The system cannot find the file specified
2025-10-02 01:12:17,463 - 🔄 No pong in 30s. Retry 3/3
2025-10-02 01:12:17,466 - ❌ Connection lost.
2025-10-02 01:12:20,458 - ❌ Socket error: str, bytes or bytearray expected, not NoneType
2025-10-02 01:12:20,461 - ❌ Socket error: str, bytes or bytearray expected, not NoneType
2025-10-02 01:12:20,771 - [WinError 2] The system cannot find the file specified
2025-10-02 01:12:25,775 - [WinError 2] The system cannot find the file specified
2025-10-02 01:12:27,468 - 🔄 No pong in 30s. Retry 1/3
2025-10-02 01:12:30,774 - [WinError 2] The system cannot find the file specified
2025-10-02 01:12:35,457 - ❌ Socket error: str, bytes or bytearray expected, not NoneType
2025-10-02 01:12:35,462 - ❌ Socket error: str, bytes or bytearray expected, not NoneType
2025-10-02 01:12:35,774 - [WinError 2] The system cannot find the file specified
2025-10-02 01:12:37,470 - 🔄 No pong in 30s. Retry 2/3
2025-10-02 01:12:40,775 - [WinError 2] The system cannot find the file specified
2025-10-02 01:12:45,780 - [WinError 2] The system cannot find the file specified
2025-10-02 01:12:47,475 - 🔄 No pong in 30s. Retry 3/3
2025-10-02 01:12:47,477 - ❌ Connection lost.
2025-10-02 01:12:50,446 - ❌ Socket error: str, bytes or bytearray expected, not NoneType
2025-10-02 01:12:50,451 - ❌ Socket error: str, bytes or bytearray expected, not NoneType
2025-10-02 01:12:50,771 - [WinError 2] The system cannot find the file specified
2025-10-02 01:12:55,780 - [WinError 2] The system cannot find the file specified
2025-10-02 01:12:57,479 - 🔄 No pong in 30s. Retry 1/3
2025-10-02 01:13:00,783 - [WinError 2] The system cannot find the file specified
2025-10-02 01:13:05,448 - ❌ Socket error: str, bytes or bytearray expected, not NoneType
2025-10-02 01:13:05,450 - ❌ Socket error: str, bytes or bytearray expected, not NoneType
2025-10-02 01:13:05,766 - [WinError 2] The system cannot find the file specified
2025-10-02 01:13:07,482 - 🔄 No pong in 30s. Retry 2/3
2025-10-02 01:13:10,771 - [WinError 2] The system cannot find the file specified
2025-10-02 01:13:15,784 - [WinError 2] The system cannot find the file specified
2025-10-02 01:13:17,485 - 🔄 No pong in 30s. Retry 3/3
2025-10-02 01:13:17,488 - ❌ Connection lost.
2025-10-02 01:13:20,469 - ❌ Socket error: str, bytes or bytearray expected, not NoneType
2025-10-02 01:13:20,470 - ❌ Socket error: str, bytes or bytearray expected, not NoneType
2025-10-02 01:13:20,787 - [WinError 2] The system cannot find the file specified
2025-10-02 01:13:25,788 - [WinError 2] The system cannot find the file specified
2025-10-02 01:13:27,491 - 🔄 No pong in 30s. Retry 1/3
2025-10-02 01:13:30,787 - [WinError 2] The system cannot find the file specified
2025-10-02 01:13:35,461 - ❌ Socket error: str, bytes or bytearray expected, not NoneType
2025-10-02 01:13:35,463 - ❌ Socket error: str, bytes or bytearray expected, not NoneType
2025-10-02 01:13:35,782 - [WinError 2] The system cannot find the file specified
2025-10-02 01:13:37,495 - 🔄 No pong in 30s. Retry 2/3
2025-10-02 01:13:40,787 - [WinError 2] The system cannot find the file specified
2025-10-02 01:13:45,783 - [WinError 2] The system cannot find the file specified
2025-10-02 01:13:47,497 - 🔄 No pong in 30s. Retry 3/3
2025-10-02 01:13:47,499 - ❌ Connection lost.
2025-10-02 01:13:50,477 - ❌ Socket error: str, bytes or bytearray expected, not NoneType
2025-10-02 01:13:50,480 - ❌ Socket error: str, bytes or bytearray expected, not NoneType
2025-10-02 01:13:50,780 - [WinError 2] The system cannot find the file specified
2025-10-02 01:13:55,780 - [WinError 2] The system cannot find the file specified
2025-10-02 01:13:57,501 - 🔄 No pong in 30s. Retry 1/3
2025-10-02 01:14:00,804 - [WinError 2] The system cannot find the file specified
2025-10-02 01:14:05,476 - ❌ Socket error: str, bytes or bytearray expected, not NoneType
2025-10-02 01:14:05,478 - ❌ Socket error: str, bytes or bytearray expected, not NoneType
2025-10-02 01:14:05,797 - [WinError 2] The system cannot find the file specified
2025-10-02 01:14:07,506 - 🔄 No pong in 30s. Retry 2/3
2025-10-02 01:14:10,803 - [WinError 2] The system cannot find the file specified
2025-10-02 01:14:15,803 - [WinError 2] The system cannot find the file specified
2025-10-02 01:14:17,508 - 🔄 No pong in 30s. Retry 3/3
2025-10-02 01:14:17,510 - ❌ Connection lost.
2025-10-02 01:14:20,506 - ❌ Socket error: str, bytes or bytearray expected, not NoneType
2025-10-02 01:14:20,509 - ❌ Socket error: str, bytes or bytearray expected, not NoneType
2025-10-02 01:14:20,816 - [WinError 2] The system cannot find the file specified
2025-10-02 01:14:25,814 - [WinError 2] The system cannot find the file specified
2025-10-02 01:14:27,511 - 🔄 No pong in 30s. Retry 1/3
2025-10-02 01:14:30,818 - [WinError 2] The system cannot find the file specified
2025-10-02 01:14:35,506 - ❌ Socket error: str, bytes or bytearray expected, not NoneType
2025-10-02 01:14:35,511 - ❌ Socket error: str, bytes or bytearray expected, not NoneType
2025-10-02 01:14:35,807 - [WinError 2] The system cannot find the file specified
2025-10-02 01:14:37,514 - 🔄 No pong in 30s. Retry 2/3
2025-10-02 01:14:40,818 - [WinError 2] The system cannot find the file specified
2025-10-02 01:14:45,814 - [WinError 2] The system cannot find the file specified
2025-10-02 01:14:47,519 - 🔄 No pong in 30s. Retry 3/3
2025-10-02 01:14:47,521 - ❌ Connection lost.
2025-10-02 01:14:50,501 - ❌ Socket error: str, bytes or bytearray expected, not NoneType
2025-10-02 01:14:50,504 - ❌ Socket error: str, bytes or bytearray expected, not NoneType
2025-10-02 01:14:50,821 - [WinError 2] The system cannot find the file specified
2025-10-02 01:14:55,833 - [WinError 2] The system cannot find the file specified
2025-10-02 01:14:57,523 - 🔄 No pong in 30s. Retry 1/3
2025-10-02 01:15:00,829 - [WinError 2] The system cannot find the file specified
2025-10-02 01:15:05,517 - ❌ Socket error: str, bytes or bytearray expected, not NoneType
2025-10-02 01:15:05,519 - ❌ Socket error: str, bytes or bytearray expected, not NoneType
2025-10-02 01:15:05,830 - [WinError 2] The system cannot find the file specified
2025-10-02 01:15:07,525 - 🔄 No pong in 30s. Retry 2/3
2025-10-02 01:15:10,836 - [WinError 2] The system cannot find the file specified
2025-10-02 01:15:15,829 - [WinError 2] The system cannot find the file specified
2025-10-02 01:15:17,527 - 🔄 No pong in 30s. Retry 3/3
2025-10-02 01:15:17,531 - ❌ Connection lost.
2025-10-02 01:15:20,516 - ❌ Socket error: str, bytes or bytearray expected, not NoneType
2025-10-02 01:15:20,519 - ❌ Socket error: str, bytes or bytearray expected, not NoneType
2025-10-02 01:15:20,840 - [WinError 2] The system cannot find the file specified
2025-10-02 01:15:25,845 - [WinError 2] The system cannot find the file specified
2025-10-02 01:15:27,533 - 🔄 No pong in 30s. Retry 1/3
2025-10-02 01:15:30,875 - [WinError 2] The system cannot find the file specified
2025-10-02 01:15:35,523 - ❌ Socket error: str, bytes or bytearray expected, not NoneType
2025-10-02 01:15:35,524 - ❌ Socket error: str, bytes or bytearray expected, not NoneType
2025-10-02 01:15:35,839 - [WinError 2] The system cannot find the file specified
2025-10-02 01:15:37,535 - 🔄 No pong in 30s. Retry 2/3
2025-10-02 01:15:40,842 - [WinError 2] The system cannot find the file specified
2025-10-02 01:15:45,860 - [WinError 2] The system cannot find the file specified
2025-10-02 01:15:47,537 - 🔄 No pong in 30s. Retry 3/3
2025-10-02 01:15:47,538 - ❌ Connection lost.
2025-10-02 01:15:50,532 - ❌ Socket error: str, bytes or bytearray expected, not NoneType
2025-10-02 01:15:50,535 - ❌ Socket error: str, bytes or bytearray expected, not NoneType
2025-10-02 01:15:50,872 - [WinError 2] The system cannot find the file specified
2025-10-02 01:15:55,886 - [WinError 2] The system cannot find the file specified
2025-10-02 01:15:57,542 - 🔄 No pong in 30s. Retry 1/3
2025-10-02 01:16:00,898 - [WinError 2] The system cannot find the file specified
2025-10-02 01:16:05,538 - ❌ Socket error: str, bytes or bytearray expected, not NoneType
2025-10-02 01:16:05,539 - ❌ Socket error: str, bytes or bytearray expected, not NoneType
2025-10-02 01:16:05,901 - [WinError 2] The system cannot find the file specified
2025-10-02 01:16:07,546 - 🔄 No pong in 30s. Retry 2/3
2025-10-02 01:16:10,908 - [WinError 2] The system cannot find the file specified
2025-10-02 01:16:15,895 - [WinError 2] The system cannot find the file specified
2025-10-02 01:16:17,547 - 🔄 No pong in 30s. Retry 3/3
2025-10-02 01:16:17,547 - ❌ Connection lost.
2025-10-02 01:16:20,543 - ❌ Socket error: str, bytes or bytearray expected, not NoneType
2025-10-02 01:16:20,547 - ❌ Socket error: str, bytes or bytearray expected, not NoneType
2025-10-02 01:16:20,906 - [WinError 2] The system cannot find the file specified
2025-10-02 01:16:25,916 - [WinError 2] The system cannot find the file specified
2025-10-02 01:16:27,549 - 🔄 No pong in 30s. Retry 1/3
2025-10-02 01:16:30,918 - [WinError 2] The system cannot find the file specified
2025-10-02 01:16:35,555 - ❌ Socket error: str, bytes or bytearray expected, not NoneType
2025-10-02 01:16:35,557 - ❌ Socket error: str, bytes or bytearray expected, not NoneType
2025-10-02 01:16:35,910 - [WinError 2] The system cannot find the file specified
2025-10-02 01:16:37,553 - 🔄 No pong in 30s. Retry 2/3
2025-10-02 01:16:40,929 - [WinError 2] The system cannot find the file specified
2025-10-02 01:16:45,936 - [WinError 2] The system cannot find the file specified
2025-10-02 01:16:47,556 - 🔄 No pong in 30s. Retry 3/3
2025-10-02 01:16:47,557 - ❌ Connection lost.
2025-10-02 01:16:50,568 - ❌ Socket error: str, bytes or bytearray expected, not NoneType
2025-10-02 01:16:50,570 - ❌ Socket error: str, bytes or bytearray expected, not NoneType
2025-10-02 01:16:50,944 - [WinError 2] The system cannot find the file specified
2025-10-02 01:16:55,952 - [WinError 2] The system cannot find the file specified
2025-10-02 01:16:57,562 - 🔄 No pong in 30s. Retry 1/3
2025-10-02 01:17:00,937 - [WinError 2] The system cannot find the file specified
2025-10-02 01:17:05,562 - ❌ Socket error: str, bytes or bytearray expected, not NoneType
2025-10-02 01:17:05,563 - ❌ Socket error: str, bytes or bytearray expected, not NoneType
2025-10-02 01:17:05,943 - [WinError 2] The system cannot find the file specified
2025-10-02 01:17:07,566 - 🔄 No pong in 30s. Retry 2/3
2025-10-02 01:17:10,944 - [WinError 2] The system cannot find the file specified
2025-10-02 01:17:15,944 - [WinError 2] The system cannot find the file specified
2025-10-02 01:17:17,567 - 🔄 No pong in 30s. Retry 3/3
2025-10-02 01:17:17,571 - ❌ Connection lost.
2025-10-02 01:17:20,568 - ❌ Socket error: str, bytes or bytearray expected, not NoneType
2025-10-02 01:17:20,571 - ❌ Socket error: str, bytes or bytearray expected, not NoneType
2025-10-02 01:17:20,943 - [WinError 2] The system cannot find the file specified
2025-10-02 01:17:25,953 - [WinError 2] The system cannot find the file specified
2025-10-02 01:17:27,573 - 🔄 No pong in 30s. Retry 1/3
2025-10-02 01:17:30,948 - [WinError 2] The system cannot find the file specified
2025-10-02 01:17:35,560 - ❌ Socket error: str, bytes or bytearray expected, not NoneType
2025-10-02 01:17:35,561 - ❌ Socket error: str, bytes or bytearray expected, not NoneType
2025-10-02 01:17:35,959 - [WinError 2] The system cannot find the file specified
2025-10-02 01:17:37,578 - 🔄 No pong in 30s. Retry 2/3
2025-10-02 01:17:40,938 - [WinError 2] The system cannot find the file specified
2025-10-02 01:17:45,942 - [WinError 2] The system cannot find the file specified
2025-10-02 01:17:47,581 - 🔄 No pong in 30s. Retry 3/3
2025-10-02 01:17:47,583 - ❌ Connection lost.
2025-10-02 01:17:50,561 - ❌ Socket error: str, bytes or bytearray expected, not NoneType
2025-10-02 01:17:50,564 - ❌ Socket error: str, bytes or bytearray expected, not NoneType
2025-10-02 01:17:50,941 - [WinError 2] The system cannot find the file specified
2025-10-02 01:17:55,944 - [WinError 2] The system cannot find the file specified
2025-10-02 01:17:57,585 - 🔄 No pong in 30s. Retry 1/3
2025-10-02 01:18:00,940 - [WinError 2] The system cannot find the file specified
2025-10-02 01:18:05,566 - ❌ Socket error: str, bytes or bytearray expected, not NoneType
2025-10-02 01:18:05,568 - ❌ Socket error: str, bytes or bytearray expected, not NoneType
2025-10-02 01:18:05,938 - [WinError 2] The system cannot find the file specified
2025-10-02 01:18:07,587 - 🔄 No pong in 30s. Retry 2/3
2025-10-02 01:18:10,944 - [WinError 2] The system cannot find the file specified
2025-10-02 01:18:15,945 - [WinError 2] The system cannot find the file specified
2025-10-02 01:18:17,590 - 🔄 No pong in 30s. Retry 3/3
2025-10-02 01:18:17,591 - ❌ Connection lost.
2025-10-02 01:18:20,557 - ❌ Socket error: str, bytes or bytearray expected, not NoneType
2025-10-02 01:18:20,559 - ❌ Socket error: str, bytes or bytearray expected, not NoneType
2025-10-02 01:18:20,943 - [WinError 2] The system cannot find the file specified
2025-10-02 01:18:25,952 - [WinError 2] The system cannot find the file specified
2025-10-02 01:18:27,592 - 🔄 No pong in 30s. Retry 1/3
2025-10-02 01:18:30,934 - [WinError 2] The system cannot find the file specified
2025-10-02 01:18:35,557 - ❌ Socket error: str, bytes or bytearray expected, not NoneType
2025-10-02 01:18:35,558 - ❌ Socket error: str, bytes or bytearray expected, not NoneType
2025-10-02 01:18:35,948 - [WinError 2] The system cannot find the file specified
2025-10-02 01:18:37,596 - 🔄 No pong in 30s. Retry 2/3
2025-10-02 01:18:40,949 - [WinError 2] The system cannot find the file specified
2025-10-02 01:18:45,959 - [WinError 2] The system cannot find the file specified
2025-10-02 01:18:47,599 - 🔄 No pong in 30s. Retry 3/3
2025-10-02 01:18:47,599 - ❌ Connection lost.
2025-10-02 01:18:50,563 - ❌ Socket error: str, bytes or bytearray expected, not NoneType
2025-10-02 01:18:50,567 - ❌ Socket error: str, bytes or bytearray expected, not NoneType
2025-10-02 01:18:50,956 - [WinError 2] The system cannot find the file specified
2025-10-02 01:18:55,956 - [WinError 2] The system cannot find the file specified
2025-10-02 01:18:57,601 - 🔄 No pong in 30s. Retry 1/3
2025-10-02 01:19:00,963 - [WinError 2] The system cannot find the file specified
2025-10-02 01:19:05,567 - ❌ Socket error: str, bytes or bytearray expected, not NoneType
2025-10-02 01:19:05,569 - ❌ Socket error: str, bytes or bytearray expected, not NoneType
2025-10-02 01:19:05,978 - [WinError 2] The system cannot find the file specified
2025-10-02 01:19:07,603 - 🔄 No pong in 30s. Retry 2/3
2025-10-02 01:19:10,989 - [WinError 2] The system cannot find the file specified
2025-10-02 01:19:16,018 - [WinError 2] The system cannot find the file specified
2025-10-02 01:19:17,606 - 🔄 No pong in 30s. Retry 3/3
2025-10-02 01:19:17,609 - ❌ Connection lost.
2025-10-02 01:19:20,569 - ❌ Socket error: str, bytes or bytearray expected, not NoneType
2025-10-02 01:19:20,574 - ❌ Socket error: str, bytes or bytearray expected, not NoneType
2025-10-02 01:19:21,000 - [WinError 2] The system cannot find the file specified
2025-10-02 01:19:26,022 - [WinError 2] The system cannot find the file specified
2025-10-02 01:19:27,612 - 🔄 No pong in 30s. Retry 1/3
2025-10-02 01:19:31,028 - [WinError 2] The system cannot find the file specified
2025-10-02 01:19:35,573 - ❌ Socket error: str, bytes or bytearray expected, not NoneType
2025-10-02 01:19:35,575 - ❌ Socket error: str, bytes or bytearray expected, not NoneType
2025-10-02 01:19:36,030 - [WinError 2] The system cannot find the file specified
2025-10-02 01:19:37,615 - 🔄 No pong in 30s. Retry 2/3
2025-10-02 01:19:41,010 - [WinError 2] The system cannot find the file specified
2025-10-02 01:19:46,016 - [WinError 2] The system cannot find the file specified
2025-10-02 01:19:47,617 - 🔄 No pong in 30s. Retry 3/3
2025-10-02 01:19:47,618 - ❌ Connection lost.
2025-10-02 01:19:50,578 - ❌ Socket error: str, bytes or bytearray expected, not NoneType
2025-10-02 01:19:50,581 - ❌ Socket error: str, bytes or bytearray expected, not NoneType
2025-10-02 01:19:51,029 - [WinError 2] The system cannot find the file specified
2025-10-02 01:19:56,025 - [WinError 2] The system cannot find the file specified
2025-10-02 01:19:57,619 - 🔄 No pong in 30s. Retry 1/3
2025-10-02 01:20:01,009 - [WinError 2] The system cannot find the file specified
2025-10-02 01:20:05,585 - ❌ Socket error: str, bytes or bytearray expected, not NoneType
2025-10-02 01:20:05,587 - ❌ Socket error: str, bytes or bytearray expected, not NoneType
2025-10-02 01:20:06,035 - [WinError 2] The system cannot find the file specified
2025-10-02 01:20:07,622 - 🔄 No pong in 30s. Retry 2/3
2025-10-02 01:20:11,038 - [WinError 2] The system cannot find the file specified
2025-10-02 01:20:16,050 - [WinError 2] The system cannot find the file specified
2025-10-02 01:20:17,624 - 🔄 No pong in 30s. Retry 3/3
2025-10-02 01:20:17,628 - ❌ Connection lost.
2025-10-02 01:20:20,592 - ❌ Socket error: str, bytes or bytearray expected, not NoneType
2025-10-02 01:20:20,593 - ❌ Socket error: str, bytes or bytearray expected, not NoneType
2025-10-02 01:20:21,053 - [WinError 2] The system cannot find the file specified
2025-10-02 01:20:26,064 - [WinError 2] The system cannot find the file specified
2025-10-02 01:20:27,632 - 🔄 No pong in 30s. Retry 1/3
2025-10-02 01:20:31,065 - [WinError 2] The system cannot find the file specified
2025-10-02 01:20:35,596 - ❌ Socket error: str, bytes or bytearray expected, not NoneType
2025-10-02 01:20:35,597 - ❌ Socket error: str, bytes or bytearray expected, not NoneType
2025-10-02 01:20:36,081 - [WinError 2] The system cannot find the file specified
2025-10-02 01:20:37,636 - 🔄 No pong in 30s. Retry 2/3
2025-10-02 01:20:41,067 - [WinError 2] The system cannot find the file specified
2025-10-02 01:20:46,066 - [WinError 2] The system cannot find the file specified
2025-10-02 01:20:47,640 - 🔄 No pong in 30s. Retry 3/3
2025-10-02 01:20:47,646 - ❌ Connection lost.
2025-10-02 01:20:50,587 - ❌ Socket error: str, bytes or bytearray expected, not NoneType
2025-10-02 01:20:50,590 - ❌ Socket error: str, bytes or bytearray expected, not NoneType
2025-10-02 01:20:51,064 - [WinError 2] The system cannot find the file specified
2025-10-02 01:20:56,073 - [WinError 2] The system cannot find the file specified
2025-10-02 01:20:57,651 - 🔄 No pong in 30s. Retry 1/3
2025-10-02 01:21:01,084 - [WinError 2] The system cannot find the file specified
2025-10-02 01:21:05,590 - ❌ Socket error: str, bytes or bytearray expected, not NoneType
2025-10-02 01:21:05,591 - ❌ Socket error: str, bytes or bytearray expected, not NoneType
2025-10-02 01:21:06,072 - [WinError 2] The system cannot find the file specified
2025-10-02 01:21:07,656 - 🔄 No pong in 30s. Retry 2/3
2025-10-02 01:21:11,075 - [WinError 2] The system cannot find the file specified
2025-10-02 01:21:16,074 - [WinError 2] The system cannot find the file specified
2025-10-02 01:21:17,660 - 🔄 No pong in 30s. Retry 3/3
2025-10-02 01:21:17,664 - ❌ Connection lost.
2025-10-02 01:21:20,595 - ❌ Socket error: str, bytes or bytearray expected, not NoneType
2025-10-02 01:21:20,600 - ❌ Socket error: str, bytes or bytearray expected, not NoneType
2025-10-02 01:21:21,060 - [WinError 2] The system cannot find the file specified
2025-10-02 01:21:26,079 - [WinError 2] The system cannot find the file specified
2025-10-02 01:21:27,666 - 🔄 No pong in 30s. Retry 1/3
2025-10-02 01:21:31,075 - [WinError 2] The system cannot find the file specified
2025-10-02 01:21:35,591 - ❌ Socket error: str, bytes or bytearray expected, not NoneType
2025-10-02 01:21:35,592 - ❌ Socket error: str, bytes or bytearray expected, not NoneType
2025-10-02 01:21:36,072 - [WinError 2] The system cannot find the file specified
2025-10-02 01:21:37,669 - 🔄 No pong in 30s. Retry 2/3
2025-10-02 01:21:41,067 - [WinError 2] The system cannot find the file specified
2025-10-02 01:21:46,076 - [WinError 2] The system cannot find the file specified
2025-10-02 01:21:47,672 - 🔄 No pong in 30s. Retry 3/3
2025-10-02 01:21:47,674 - ❌ Connection lost.
2025-10-02 01:21:50,588 - ❌ Socket error: str, bytes or bytearray expected, not NoneType
2025-10-02 01:21:50,589 - ❌ Socket error: str, bytes or bytearray expected, not NoneType
2025-10-02 01:21:51,073 - [WinError 2] The system cannot find the file specified
2025-10-02 01:21:56,083 - [WinError 2] The system cannot find the file specified
2025-10-02 01:21:57,676 - 🔄 No pong in 30s. Retry 1/3
2025-10-02 01:22:01,087 - [WinError 2] The system cannot find the file specified
2025-10-02 01:22:05,591 - ❌ Socket error: str, bytes or bytearray expected, not NoneType
2025-10-02 01:22:05,592 - ❌ Socket error: str, bytes or bytearray expected, not NoneType
2025-10-02 01:22:06,083 - [WinError 2] The system cannot find the file specified
2025-10-02 01:22:07,680 - 🔄 No pong in 30s. Retry 2/3
2025-10-02 01:22:11,104 - [WinError 2] The system cannot find the file specified
2025-10-02 01:22:16,093 - [WinError 2] The system cannot find the file specified
2025-10-02 01:22:17,683 - 🔄 No pong in 30s. Retry 3/3
2025-10-02 01:22:17,685 - ❌ Connection lost.
2025-10-02 01:22:20,595 - ❌ Socket error: str, bytes or bytearray expected, not NoneType
2025-10-02 01:22:20,596 - ❌ Socket error: str, bytes or bytearray expected, not NoneType
2025-10-02 01:22:21,104 - [WinError 2] The system cannot find the file specified
2025-10-02 01:22:26,116 - [WinError 2] The system cannot find the file specified
2025-10-02 01:22:27,687 - 🔄 No pong in 30s. Retry 1/3
2025-10-02 01:22:31,121 - [WinError 2] The system cannot find the file specified
2025-10-02 01:22:35,594 - ❌ Socket error: str, bytes or bytearray expected, not NoneType
2025-10-02 01:22:35,596 - ❌ Socket error: str, bytes or bytearray expected, not NoneType
2025-10-02 01:22:36,113 - [WinError 2] The system cannot find the file specified
2025-10-02 01:22:37,689 - 🔄 No pong in 30s. Retry 2/3
2025-10-02 01:22:41,142 - [WinError 2] The system cannot find the file specified
2025-10-02 01:22:46,141 - [WinError 2] The system cannot find the file specified
2025-10-02 01:22:47,693 - 🔄 No pong in 30s. Retry 3/3
2025-10-02 01:22:47,696 - ❌ Connection lost.
2025-10-02 01:22:50,595 - ❌ Socket error: str, bytes or bytearray expected, not NoneType
2025-10-02 01:22:50,596 - ❌ Socket error: str, bytes or bytearray expected, not NoneType
2025-10-02 01:22:51,153 - [WinError 2] The system cannot find the file specified
2025-10-02 01:22:56,140 - [WinError 2] The system cannot find the file specified
2025-10-02 01:22:57,697 - 🔄 No pong in 30s. Retry 1/3
2025-10-02 01:23:01,134 - [WinError 2] The system cannot find the file specified
2025-10-02 01:23:05,599 - ❌ Socket error: str, bytes or bytearray expected, not NoneType
2025-10-02 01:23:05,601 - ❌ Socket error: str, bytes or bytearray expected, not NoneType
2025-10-02 01:23:06,121 - [WinError 2] The system cannot find the file specified
2025-10-02 01:23:07,701 - 🔄 No pong in 30s. Retry 2/3
2025-10-02 01:23:11,142 - [WinError 2] The system cannot find the file specified
2025-10-02 01:23:16,153 - [WinError 2] The system cannot find the file specified
2025-10-02 01:23:17,703 - 🔄 No pong in 30s. Retry 3/3
2025-10-02 01:23:17,707 - ❌ Connection lost.
2025-10-02 01:23:20,592 - ❌ Socket error: str, bytes or bytearray expected, not NoneType
2025-10-02 01:23:20,597 - ❌ Socket error: str, bytes or bytearray expected, not NoneType
2025-10-02 01:23:21,156 - [WinError 2] The system cannot find the file specified
2025-10-02 01:23:26,149 - [WinError 2] The system cannot find the file specified
2025-10-02 01:23:27,710 - 🔄 No pong in 30s. Retry 1/3
2025-10-02 01:23:31,155 - [WinError 2] The system cannot find the file specified
2025-10-02 01:23:35,613 - ❌ Socket error: str, bytes or bytearray expected, not NoneType
2025-10-02 01:23:35,614 - ❌ Socket error: str, bytes or bytearray expected, not NoneType
2025-10-02 01:23:36,139 - [WinError 2] The system cannot find the file specified
2025-10-02 01:23:37,714 - 🔄 No pong in 30s. Retry 2/3
2025-10-02 01:23:41,163 - [WinError 2] The system cannot find the file specified
2025-10-02 01:23:46,166 - [WinError 2] The system cannot find the file specified
2025-10-02 01:23:47,717 - 🔄 No pong in 30s. Retry 3/3
2025-10-02 01:23:47,720 - ❌ Connection lost.
2025-10-02 01:23:50,624 - ❌ Socket error: str, bytes or bytearray expected, not NoneType
2025-10-02 01:23:50,628 - ❌ Socket error: str, bytes or bytearray expected, not NoneType
2025-10-02 01:23:51,161 - [WinError 2] The system cannot find the file specified
2025-10-02 01:23:56,179 - [WinError 2] The system cannot find the file specified
2025-10-02 01:23:57,722 - 🔄 No pong in 30s. Retry 1/3
2025-10-02 01:24:01,183 - [WinError 2] The system cannot find the file specified
2025-10-02 01:24:05,635 - ❌ Socket error: str, bytes or bytearray expected, not NoneType
2025-10-02 01:24:05,636 - ❌ Socket error: str, bytes or bytearray expected, not NoneType
2025-10-02 01:24:06,185 - [WinError 2] The system cannot find the file specified
2025-10-02 01:24:07,725 - 🔄 No pong in 30s. Retry 2/3
2025-10-02 01:24:11,188 - [WinError 2] The system cannot find the file specified
2025-10-02 01:24:16,188 - [WinError 2] The system cannot find the file specified
2025-10-02 01:24:17,727 - 🔄 No pong in 30s. Retry 3/3
2025-10-02 01:24:17,727 - ❌ Connection lost.
2025-10-02 01:24:20,642 - ❌ Socket error: str, bytes or bytearray expected, not NoneType
2025-10-02 01:24:20,645 - ❌ Socket error: str, bytes or bytearray expected, not NoneType
2025-10-02 01:24:21,189 - [WinError 2] The system cannot find the file specified
2025-10-02 01:24:26,198 - [WinError 2] The system cannot find the file specified
2025-10-02 01:24:27,730 - 🔄 No pong in 30s. Retry 1/3
2025-10-02 01:24:31,195 - [WinError 2] The system cannot find the file specified
2025-10-02 01:24:35,647 - ❌ Socket error: str, bytes or bytearray expected, not NoneType
2025-10-02 01:24:35,649 - ❌ Socket error: str, bytes or bytearray expected, not NoneType
2025-10-02 01:24:36,210 - [WinError 2] The system cannot find the file specified
2025-10-02 01:24:37,732 - 🔄 No pong in 30s. Retry 2/3
2025-10-02 01:24:41,182 - [WinError 2] The system cannot find the file specified
2025-10-02 01:24:46,194 - [WinError 2] The system cannot find the file specified
2025-10-02 01:24:47,736 - 🔄 No pong in 30s. Retry 3/3
2025-10-02 01:24:47,739 - ❌ Connection lost.
2025-10-02 01:24:50,660 - ❌ Socket error: str, bytes or bytearray expected, not NoneType
2025-10-02 01:24:50,663 - ❌ Socket error: str, bytes or bytearray expected, not NoneType
2025-10-02 01:24:51,189 - [WinError 2] The system cannot find the file specified
2025-10-02 01:24:56,208 - [WinError 2] The system cannot find the file specified
2025-10-02 01:24:57,741 - 🔄 No pong in 30s. Retry 1/3
2025-10-02 01:25:01,218 - [WinError 2] The system cannot find the file specified
2025-10-02 01:25:05,676 - ❌ Socket error: str, bytes or bytearray expected, not NoneType
2025-10-02 01:25:05,678 - ❌ Socket error: str, bytes or bytearray expected, not NoneType
2025-10-02 01:25:06,212 - [WinError 2] The system cannot find the file specified
2025-10-02 01:25:07,768 - 🔄 No pong in 30s. Retry 2/3
2025-10-02 01:25:11,215 - [WinError 2] The system cannot find the file specified
2025-10-02 01:25:16,224 - [WinError 2] The system cannot find the file specified
2025-10-02 01:25:17,832 - 🔄 No pong in 30s. Retry 3/3
2025-10-02 01:25:17,835 - ❌ Connection lost.
2025-10-02 01:25:20,679 - ❌ Socket error: str, bytes or bytearray expected, not NoneType
2025-10-02 01:25:20,680 - ❌ Socket error: str, bytes or bytearray expected, not NoneType
2025-10-02 01:25:21,213 - [WinError 2] The system cannot find the file specified
2025-10-02 01:25:26,219 - [WinError 2] The system cannot find the file specified
2025-10-02 01:25:27,837 - 🔄 No pong in 30s. Retry 1/3
2025-10-02 01:25:31,223 - [WinError 2] The system cannot find the file specified
2025-10-02 01:25:35,694 - ❌ Socket error: str, bytes or bytearray expected, not NoneType
2025-10-02 01:25:35,697 - ❌ Socket error: str, bytes or bytearray expected, not NoneType
2025-10-02 01:25:36,214 - [WinError 2] The system cannot find the file specified
2025-10-02 01:25:37,839 - 🔄 No pong in 30s. Retry 2/3
2025-10-02 01:25:41,221 - [WinError 2] The system cannot find the file specified
2025-10-02 01:25:46,224 - [WinError 2] The system cannot find the file specified
2025-10-02 01:25:47,842 - 🔄 No pong in 30s. Retry 3/3
2025-10-02 01:25:47,843 - ❌ Connection lost.
2025-10-02 01:25:50,680 - ❌ Socket error: str, bytes or bytearray expected, not NoneType
2025-10-02 01:25:50,683 - ❌ Socket error: str, bytes or bytearray expected, not NoneType
2025-10-02 01:25:51,230 - [WinError 2] The system cannot find the file specified
2025-10-02 01:25:56,226 - [WinError 2] The system cannot find the file specified
2025-10-02 01:25:57,845 - 🔄 No pong in 30s. Retry 1/3
2025-10-02 01:26:01,221 - [WinError 2] The system cannot find the file specified
2025-10-02 01:26:05,679 - ❌ Socket error: str, bytes or bytearray expected, not NoneType
2025-10-02 01:26:05,680 - ❌ Socket error: str, bytes or bytearray expected, not NoneType
2025-10-02 01:26:06,219 - [WinError 2] The system cannot find the file specified
2025-10-02 01:26:07,850 - 🔄 No pong in 30s. Retry 2/3
2025-10-02 01:26:11,272 - [WinError 2] The system cannot find the file specified
2025-10-02 01:26:16,239 - [WinError 2] The system cannot find the file specified
2025-10-02 01:26:17,853 - 🔄 No pong in 30s. Retry 3/3
2025-10-02 01:26:17,856 - ❌ Connection lost.
2025-10-02 01:26:20,694 - ❌ Socket error: str, bytes or bytearray expected, not NoneType
2025-10-02 01:26:20,697 - ❌ Socket error: str, bytes or bytearray expected, not NoneType
2025-10-02 01:26:21,230 - [WinError 2] The system cannot find the file specified
2025-10-02 01:26:26,236 - [WinError 2] The system cannot find the file specified
2025-10-02 01:26:27,866 - 🔄 No pong in 30s. Retry 1/3
2025-10-02 01:26:31,245 - [WinError 2] The system cannot find the file specified
2025-10-02 01:26:35,680 - ❌ Socket error: str, bytes or bytearray expected, not NoneType
2025-10-02 01:26:35,682 - ❌ Socket error: str, bytes or bytearray expected, not NoneType
2025-10-02 01:26:36,257 - [WinError 2] The system cannot find the file specified
2025-10-02 01:26:37,867 - 🔄 No pong in 30s. Retry 2/3
2025-10-02 01:26:41,259 - [WinError 2] The system cannot find the file specified
2025-10-02 01:26:46,255 - [WinError 2] The system cannot find the file specified
2025-10-02 01:26:47,869 - 🔄 No pong in 30s. Retry 3/3
2025-10-02 01:26:47,870 - ❌ Connection lost.
2025-10-02 01:26:50,692 - ❌ Socket error: str, bytes or bytearray expected, not NoneType
2025-10-02 01:26:50,694 - ❌ Socket error: str, bytes or bytearray expected, not NoneType
2025-10-02 01:26:51,275 - [WinError 2] The system cannot find the file specified
2025-10-02 01:26:56,280 - [WinError 2] The system cannot find the file specified
2025-10-02 01:26:57,871 - 🔄 No pong in 30s. Retry 1/3
2025-10-02 01:27:01,271 - [WinError 2] The system cannot find the file specified
2025-10-02 01:27:05,687 - ❌ Socket error: str, bytes or bytearray expected, not NoneType
2025-10-02 01:27:05,688 - ❌ Socket error: str, bytes or bytearray expected, not NoneType
2025-10-02 01:27:06,263 - [WinError 2] The system cannot find the file specified
2025-10-02 01:27:07,872 - 🔄 No pong in 30s. Retry 2/3
2025-10-02 01:27:11,263 - [WinError 2] The system cannot find the file specified
2025-10-02 01:27:16,273 - [WinError 2] The system cannot find the file specified
2025-10-02 01:27:17,877 - 🔄 No pong in 30s. Retry 3/3
2025-10-02 01:27:17,882 - ❌ Connection lost.
2025-10-02 01:27:20,695 - ❌ Socket error: str, bytes or bytearray expected, not NoneType
2025-10-02 01:27:20,697 - ❌ Socket error: str, bytes or bytearray expected, not NoneType
2025-10-02 01:27:21,269 - [WinError 2] The system cannot find the file specified
2025-10-02 01:27:26,267 - [WinError 2] The system cannot find the file specified
2025-10-02 01:27:27,885 - 🔄 No pong in 30s. Retry 1/3
2025-10-02 01:27:31,268 - [WinError 2] The system cannot find the file specified
2025-10-02 01:27:35,699 - ❌ Socket error: str, bytes or bytearray expected, not NoneType
2025-10-02 01:27:35,701 - ❌ Socket error: str, bytes or bytearray expected, not NoneType
2025-10-02 01:27:36,280 - [WinError 2] The system cannot find the file specified
2025-10-02 01:27:37,887 - 🔄 No pong in 30s. Retry 2/3
2025-10-02 01:27:41,277 - [WinError 2] The system cannot find the file specified
2025-10-02 01:27:46,282 - [WinError 2] The system cannot find the file specified
2025-10-02 01:27:47,891 - 🔄 No pong in 30s. Retry 3/3
2025-10-02 01:27:47,892 - ❌ Connection lost.
2025-10-02 01:27:50,705 - ❌ Socket error: str, bytes or bytearray expected, not NoneType
2025-10-02 01:27:50,708 - ❌ Socket error: str, bytes or bytearray expected, not NoneType
2025-10-02 01:27:51,267 - [WinError 2] The system cannot find the file specified
2025-10-02 01:27:56,278 - [WinError 2] The system cannot find the file specified
2025-10-02 01:27:57,894 - 🔄 No pong in 30s. Retry 1/3
2025-10-02 01:28:01,272 - [WinError 2] The system cannot find the file specified
2025-10-02 01:28:05,707 - ❌ Socket error: str, bytes or bytearray expected, not NoneType
2025-10-02 01:28:05,708 - ❌ Socket error: str, bytes or bytearray expected, not NoneType
2025-10-02 01:28:06,279 - [WinError 2] The system cannot find the file specified
2025-10-02 01:28:07,896 - 🔄 No pong in 30s. Retry 2/3
2025-10-02 01:28:11,299 - [WinError 2] The system cannot find the file specified
2025-10-02 01:28:16,284 - [WinError 2] The system cannot find the file specified
2025-10-02 01:28:17,898 - 🔄 No pong in 30s. Retry 3/3
2025-10-02 01:28:17,900 - ❌ Connection lost.
2025-10-02 01:28:20,714 - ❌ Socket error: str, bytes or bytearray expected, not NoneType
2025-10-02 01:28:20,716 - ❌ Socket error: str, bytes or bytearray expected, not NoneType
2025-10-02 01:28:21,298 - [WinError 2] The system cannot find the file specified
2025-10-02 01:28:26,321 - [WinError 2] The system cannot find the file specified
2025-10-02 01:28:27,903 - 🔄 No pong in 30s. Retry 1/3
2025-10-02 01:28:31,313 - [WinError 2] The system cannot find the file specified
2025-10-02 01:28:35,718 - ❌ Socket error: str, bytes or bytearray expected, not NoneType
2025-10-02 01:28:35,719 - ❌ Socket error: str, bytes or bytearray expected, not NoneType
2025-10-02 01:28:36,316 - [WinError 2] The system cannot find the file specified
2025-10-02 01:28:37,908 - 🔄 No pong in 30s. Retry 2/3
2025-10-02 01:28:41,326 - [WinError 2] The system cannot find the file specified
2025-10-02 01:28:46,339 - [WinError 2] The system cannot find the file specified
2025-10-02 01:28:47,910 - 🔄 No pong in 30s. Retry 3/3
2025-10-02 01:28:47,911 - ❌ Connection lost.
2025-10-02 01:28:50,717 - ❌ Socket error: str, bytes or bytearray expected, not NoneType
2025-10-02 01:28:50,719 - ❌ Socket error: str, bytes or bytearray expected, not NoneType
2025-10-02 01:28:51,314 - [WinError 2] The system cannot find the file specified
2025-10-02 01:28:56,321 - [WinError 2] The system cannot find the file specified
2025-10-02 01:28:58,035 - 🔄 No pong in 30s. Retry 1/3
2025-10-02 01:29:01,328 - [WinError 2] The system cannot find the file specified
2025-10-02 01:29:05,712 - ❌ Socket error: str, bytes or bytearray expected, not NoneType
2025-10-02 01:29:05,714 - ❌ Socket error: str, bytes or bytearray expected, not NoneType
2025-10-02 01:29:06,310 - [WinError 2] The system cannot find the file specified
2025-10-02 01:29:08,046 - 🔄 No pong in 30s. Retry 2/3
2025-10-02 01:29:11,310 - [WinError 2] The system cannot find the file specified
2025-10-02 01:29:16,320 - [WinError 2] The system cannot find the file specified
2025-10-02 01:29:18,049 - 🔄 No pong in 30s. Retry 3/3
2025-10-02 01:29:18,051 - ❌ Connection lost.
2025-10-02 01:29:20,721 - ❌ Socket error: str, bytes or bytearray expected, not NoneType
2025-10-02 01:29:20,722 - ❌ Socket error: str, bytes or bytearray expected, not NoneType
2025-10-02 01:29:21,312 - [WinError 2] The system cannot find the file specified
2025-10-02 01:29:26,313 - [WinError 2] The system cannot find the file specified
2025-10-02 01:29:28,055 - 🔄 No pong in 30s. Retry 1/3
2025-10-02 01:29:31,321 - [WinError 2] The system cannot find the file specified
2025-10-02 01:29:35,724 - ❌ Socket error: str, bytes or bytearray expected, not NoneType
2025-10-02 01:29:35,726 - ❌ Socket error: str, bytes or bytearray expected, not NoneType
2025-10-02 01:29:36,313 - [WinError 2] The system cannot find the file specified
2025-10-02 01:29:38,059 - 🔄 No pong in 30s. Retry 2/3
2025-10-02 01:29:41,327 - [WinError 2] The system cannot find the file specified
2025-10-02 01:29:46,316 - [WinError 2] The system cannot find the file specified
2025-10-02 01:29:48,063 - 🔄 No pong in 30s. Retry 3/3
2025-10-02 01:29:48,066 - ❌ Connection lost.
2025-10-02 01:29:50,718 - ❌ Socket error: str, bytes or bytearray expected, not NoneType
2025-10-02 01:29:50,720 - ❌ Socket error: str, bytes or bytearray expected, not NoneType
2025-10-02 01:29:51,313 - [WinError 2] The system cannot find the file specified
2025-10-02 01:29:56,321 - [WinError 2] The system cannot find the file specified
2025-10-02 01:29:58,068 - 🔄 No pong in 30s. Retry 1/3
2025-10-02 01:30:01,324 - [WinError 2] The system cannot find the file specified
2025-10-02 01:30:05,712 - ❌ Socket error: str, bytes or bytearray expected, not NoneType
2025-10-02 01:30:05,714 - ❌ Socket error: str, bytes or bytearray expected, not NoneType
2025-10-02 01:30:06,330 - [WinError 2] The system cannot find the file specified
2025-10-02 01:30:08,072 - 🔄 No pong in 30s. Retry 2/3
2025-10-02 01:30:11,456 - [WinError 2] The system cannot find the file specified
2025-10-02 01:30:16,358 - [WinError 2] The system cannot find the file specified
2025-10-02 01:30:18,077 - 🔄 No pong in 30s. Retry 3/3
2025-10-02 01:30:18,079 - ❌ Connection lost.
2025-10-02 01:30:20,740 - ❌ Socket error: str, bytes or bytearray expected, not NoneType
2025-10-02 01:30:20,742 - ❌ Socket error: str, bytes or bytearray expected, not NoneType
2025-10-02 01:30:21,384 - [WinError 2] The system cannot find the file specified
2025-10-02 01:30:26,380 - [WinError 2] The system cannot find the file specified
2025-10-02 01:30:28,084 - 🔄 No pong in 30s. Retry 1/3
2025-10-02 01:30:31,375 - [WinError 2] The system cannot find the file specified
2025-10-02 01:30:35,726 - ❌ Socket error: str, bytes or bytearray expected, not NoneType
2025-10-02 01:30:35,728 - ❌ Socket error: str, bytes or bytearray expected, not NoneType
2025-10-02 01:30:36,397 - [WinError 2] The system cannot find the file specified
2025-10-02 01:30:38,088 - 🔄 No pong in 30s. Retry 2/3
2025-10-02 01:30:41,403 - [WinError 2] The system cannot find the file specified
2025-10-02 01:30:46,401 - [WinError 2] The system cannot find the file specified
2025-10-02 01:30:48,103 - 🔄 No pong in 30s. Retry 3/3
2025-10-02 01:30:48,110 - ❌ Connection lost.
2025-10-02 01:30:50,735 - ❌ Socket error: str, bytes or bytearray expected, not NoneType
2025-10-02 01:30:50,743 - ❌ Socket error: str, bytes or bytearray expected, not NoneType
2025-10-02 01:30:51,423 - [WinError 2] The system cannot find the file specified
2025-10-02 01:30:56,435 - [WinError 2] The system cannot find the file specified
2025-10-02 01:30:58,115 - 🔄 No pong in 30s. Retry 1/3
2025-10-02 01:31:01,426 - [WinError 2] The system cannot find the file specified
2025-10-02 01:31:05,726 - ❌ Socket error: str, bytes or bytearray expected, not NoneType
2025-10-02 01:31:05,727 - ❌ Socket error: str, bytes or bytearray expected, not NoneType
2025-10-02 01:31:06,424 - [WinError 2] The system cannot find the file specified
2025-10-02 01:31:08,119 - 🔄 No pong in 30s. Retry 2/3
2025-10-02 01:31:11,439 - [WinError 2] The system cannot find the file specified
2025-10-02 01:31:16,434 - [WinError 2] The system cannot find the file specified
2025-10-02 01:31:18,122 - 🔄 No pong in 30s. Retry 3/3
2025-10-02 01:31:18,125 - ❌ Connection lost.
2025-10-02 01:31:20,755 - ❌ Socket error: str, bytes or bytearray expected, not NoneType
2025-10-02 01:31:20,756 - ❌ Socket error: str, bytes or bytearray expected, not NoneType
2025-10-02 01:31:21,431 - [WinError 2] The system cannot find the file specified
2025-10-02 01:31:26,445 - [WinError 2] The system cannot find the file specified
2025-10-02 01:31:28,127 - 🔄 No pong in 30s. Retry 1/3
2025-10-02 01:31:31,477 - [WinError 2] The system cannot find the file specified
2025-10-02 01:31:35,753 - ❌ Socket error: str, bytes or bytearray expected, not NoneType
2025-10-02 01:31:35,755 - ❌ Socket error: str, bytes or bytearray expected, not NoneType
2025-10-02 01:31:36,466 - [WinError 2] The system cannot find the file specified
2025-10-02 01:31:38,129 - 🔄 No pong in 30s. Retry 2/3
2025-10-02 01:31:41,461 - [WinError 2] The system cannot find the file specified
2025-10-02 01:31:46,456 - [WinError 2] The system cannot find the file specified
2025-10-02 01:31:48,133 - 🔄 No pong in 30s. Retry 3/3
2025-10-02 01:31:48,135 - ❌ Connection lost.
2025-10-02 01:31:50,742 - ❌ Socket error: str, bytes or bytearray expected, not NoneType
2025-10-02 01:31:50,744 - ❌ Socket error: str, bytes or bytearray expected, not NoneType
2025-10-02 01:31:51,471 - [WinError 2] The system cannot find the file specified
2025-10-02 01:31:56,468 - [WinError 2] The system cannot find the file specified
2025-10-02 01:31:58,151 - 🔄 No pong in 30s. Retry 1/3
2025-10-02 01:32:01,474 - [WinError 2] The system cannot find the file specified
2025-10-02 01:32:05,747 - ❌ Socket error: str, bytes or bytearray expected, not NoneType
2025-10-02 01:32:05,749 - ❌ Socket error: str, bytes or bytearray expected, not NoneType
2025-10-02 01:32:06,497 - [WinError 2] The system cannot find the file specified
2025-10-02 01:32:08,154 - 🔄 No pong in 30s. Retry 2/3
2025-10-02 01:32:11,506 - [WinError 2] The system cannot find the file specified
2025-10-02 01:32:16,503 - [WinError 2] The system cannot find the file specified
2025-10-02 01:32:18,155 - 🔄 No pong in 30s. Retry 3/3
2025-10-02 01:32:18,157 - ❌ Connection lost.
2025-10-02 01:32:20,769 - ❌ Socket error: str, bytes or bytearray expected, not NoneType
2025-10-02 01:32:20,770 - ❌ Socket error: str, bytes or bytearray expected, not NoneType
2025-10-02 01:32:21,529 - [WinError 2] The system cannot find the file specified
2025-10-02 01:32:26,511 - [WinError 2] The system cannot find the file specified
2025-10-02 01:32:28,159 - 🔄 No pong in 30s. Retry 1/3
2025-10-02 01:32:31,519 - [WinError 2] The system cannot find the file specified
2025-10-02 01:32:35,771 - ❌ Socket error: str, bytes or bytearray expected, not NoneType
2025-10-02 01:32:35,772 - ❌ Socket error: str, bytes or bytearray expected, not NoneType
2025-10-02 01:32:36,524 - [WinError 2] The system cannot find the file specified
2025-10-02 01:32:38,161 - 🔄 No pong in 30s. Retry 2/3
2025-10-02 01:32:41,516 - [WinError 2] The system cannot find the file specified
2025-10-02 01:32:46,520 - [WinError 2] The system cannot find the file specified
2025-10-02 01:32:48,164 - 🔄 No pong in 30s. Retry 3/3
2025-10-02 01:32:48,165 - ❌ Connection lost.
2025-10-02 01:32:50,767 - ❌ Socket error: str, bytes or bytearray expected, not NoneType
2025-10-02 01:32:50,768 - ❌ Socket error: str, bytes or bytearray expected, not NoneType
2025-10-02 01:32:51,525 - [WinError 2] The system cannot find the file specified
2025-10-02 01:32:56,525 - [WinError 2] The system cannot find the file specified
2025-10-02 01:32:58,170 - 🔄 No pong in 30s. Retry 1/3
2025-10-02 01:33:01,529 - [WinError 2] The system cannot find the file specified
2025-10-02 01:33:05,765 - ❌ Socket error: str, bytes or bytearray expected, not NoneType
2025-10-02 01:33:05,767 - ❌ Socket error: str, bytes or bytearray expected, not NoneType
2025-10-02 01:33:06,525 - [WinError 2] The system cannot find the file specified
2025-10-02 01:33:08,173 - 🔄 No pong in 30s. Retry 2/3
2025-10-02 01:33:11,520 - [WinError 2] The system cannot find the file specified
2025-10-02 01:33:16,520 - [WinError 2] The system cannot find the file specified
2025-10-02 01:33:18,177 - 🔄 No pong in 30s. Retry 3/3
2025-10-02 01:33:18,179 - ❌ Connection lost.
2025-10-02 01:33:20,767 - ❌ Socket error: str, bytes or bytearray expected, not NoneType
2025-10-02 01:33:20,769 - ❌ Socket error: str, bytes or bytearray expected, not NoneType
2025-10-02 01:33:21,519 - [WinError 2] The system cannot find the file specified
2025-10-02 01:33:26,519 - [WinError 2] The system cannot find the file specified
2025-10-02 01:33:28,181 - 🔄 No pong in 30s. Retry 1/3
2025-10-02 01:33:31,531 - [WinError 2] The system cannot find the file specified
2025-10-02 01:33:35,758 - ❌ Socket error: str, bytes or bytearray expected, not NoneType
2025-10-02 01:33:35,760 - ❌ Socket error: str, bytes or bytearray expected, not NoneType
2025-10-02 01:33:36,539 - [WinError 2] The system cannot find the file specified
2025-10-02 01:33:38,185 - 🔄 No pong in 30s. Retry 2/3
2025-10-02 01:33:41,543 - [WinError 2] The system cannot find the file specified
2025-10-02 01:33:46,543 - [WinError 2] The system cannot find the file specified
2025-10-02 01:33:48,186 - 🔄 No pong in 30s. Retry 3/3
2025-10-02 01:33:48,189 - ❌ Connection lost.
2025-10-02 01:33:50,764 - ❌ Socket error: str, bytes or bytearray expected, not NoneType
2025-10-02 01:33:50,765 - ❌ Socket error: str, bytes or bytearray expected, not NoneType
2025-10-02 01:33:51,555 - [WinError 2] The system cannot find the file specified
2025-10-02 01:33:56,558 - [WinError 2] The system cannot find the file specified
2025-10-02 01:33:58,192 - 🔄 No pong in 30s. Retry 1/3
2025-10-02 01:34:01,551 - [WinError 2] The system cannot find the file specified
2025-10-02 01:34:05,765 - ❌ Socket error: str, bytes or bytearray expected, not NoneType
2025-10-02 01:34:05,767 - ❌ Socket error: str, bytes or bytearray expected, not NoneType
2025-10-02 01:34:06,561 - [WinError 2] The system cannot find the file specified
2025-10-02 01:34:08,197 - 🔄 No pong in 30s. Retry 2/3
2025-10-02 01:34:11,578 - [WinError 2] The system cannot find the file specified
2025-10-02 01:34:16,561 - [WinError 2] The system cannot find the file specified
2025-10-02 01:34:18,198 - 🔄 No pong in 30s. Retry 3/3
2025-10-02 01:34:18,201 - ❌ Connection lost.
2025-10-02 01:34:20,768 - ❌ Socket error: str, bytes or bytearray expected, not NoneType
2025-10-02 01:34:20,771 - ❌ Socket error: str, bytes or bytearray expected, not NoneType
2025-10-02 01:34:21,571 - [WinError 2] The system cannot find the file specified
2025-10-02 01:34:26,560 - [WinError 2] The system cannot find the file specified
2025-10-02 01:34:28,204 - 🔄 No pong in 30s. Retry 1/3
2025-10-02 01:34:31,560 - [WinError 2] The system cannot find the file specified
2025-10-02 01:34:35,773 - ❌ Socket error: str, bytes or bytearray expected, not NoneType
2025-10-02 01:34:35,774 - ❌ Socket error: str, bytes or bytearray expected, not NoneType
2025-10-02 01:34:36,561 - [WinError 2] The system cannot find the file specified
2025-10-02 01:34:38,208 - 🔄 No pong in 30s. Retry 2/3
2025-10-02 01:34:41,568 - [WinError 2] The system cannot find the file specified
2025-10-02 01:34:46,570 - [WinError 2] The system cannot find the file specified
2025-10-02 01:34:48,211 - 🔄 No pong in 30s. Retry 3/3
2025-10-02 01:34:48,214 - ❌ Connection lost.
2025-10-02 01:34:50,783 - ❌ Socket error: str, bytes or bytearray expected, not NoneType
2025-10-02 01:34:50,784 - ❌ Socket error: str, bytes or bytearray expected, not NoneType
2025-10-02 01:34:51,573 - [WinError 2] The system cannot find the file specified
2025-10-02 01:34:56,606 - [WinError 2] The system cannot find the file specified
2025-10-02 01:34:58,216 - 🔄 No pong in 30s. Retry 1/3
2025-10-02 01:35:01,610 - [WinError 2] The system cannot find the file specified
2025-10-02 01:35:05,772 - ❌ Socket error: str, bytes or bytearray expected, not NoneType
2025-10-02 01:35:05,773 - ❌ Socket error: str, bytes or bytearray expected, not NoneType
2025-10-02 01:35:06,599 - [WinError 2] The system cannot find the file specified
2025-10-02 01:35:08,221 - 🔄 No pong in 30s. Retry 2/3
2025-10-02 01:35:11,588 - [WinError 2] The system cannot find the file specified
2025-10-02 01:35:16,597 - [WinError 2] The system cannot find the file specified
2025-10-02 01:35:18,225 - 🔄 No pong in 30s. Retry 3/3
2025-10-02 01:35:18,228 - ❌ Connection lost.
2025-10-02 01:35:20,785 - ❌ Socket error: str, bytes or bytearray expected, not NoneType
2025-10-02 01:35:20,788 - ❌ Socket error: str, bytes or bytearray expected, not NoneType
2025-10-02 01:35:21,611 - [WinError 2] The system cannot find the file specified
2025-10-02 01:35:26,611 - [WinError 2] The system cannot find the file specified
2025-10-02 01:35:28,230 - 🔄 No pong in 30s. Retry 1/3
2025-10-02 01:35:31,642 - [WinError 2] The system cannot find the file specified
2025-10-02 01:35:35,778 - ❌ Socket error: str, bytes or bytearray expected, not NoneType
2025-10-02 01:35:35,780 - ❌ Socket error: str, bytes or bytearray expected, not NoneType
2025-10-02 01:35:36,636 - [WinError 2] The system cannot find the file specified
2025-10-02 01:35:38,234 - 🔄 No pong in 30s. Retry 2/3
2025-10-02 01:35:41,639 - [WinError 2] The system cannot find the file specified
2025-10-02 01:35:46,655 - [WinError 2] The system cannot find the file specified
2025-10-02 01:35:48,237 - 🔄 No pong in 30s. Retry 3/3
2025-10-02 01:35:48,241 - ❌ Connection lost.
2025-10-02 01:35:50,783 - ❌ Socket error: str, bytes or bytearray expected, not NoneType
2025-10-02 01:35:50,785 - ❌ Socket error: str, bytes or bytearray expected, not NoneType
2025-10-02 01:35:51,641 - [WinError 2] The system cannot find the file specified
2025-10-02 01:35:56,650 - [WinError 2] The system cannot find the file specified
2025-10-02 01:35:58,244 - 🔄 No pong in 30s. Retry 1/3
2025-10-02 01:36:01,658 - [WinError 2] The system cannot find the file specified
2025-10-02 01:36:05,775 - ❌ Socket error: str, bytes or bytearray expected, not NoneType
2025-10-02 01:36:05,778 - ❌ Socket error: str, bytes or bytearray expected, not NoneType
2025-10-02 01:36:06,665 - [WinError 2] The system cannot find the file specified
2025-10-02 01:36:08,248 - 🔄 No pong in 30s. Retry 2/3
2025-10-02 01:36:11,670 - [WinError 2] The system cannot find the file specified
2025-10-02 01:36:16,673 - [WinError 2] The system cannot find the file specified
2025-10-02 01:36:18,252 - 🔄 No pong in 30s. Retry 3/3
2025-10-02 01:36:18,254 - ❌ Connection lost.
2025-10-02 01:36:20,798 - ❌ Socket error: str, bytes or bytearray expected, not NoneType
2025-10-02 01:36:20,800 - ❌ Socket error: str, bytes or bytearray expected, not NoneType
2025-10-02 01:36:21,686 - [WinError 2] The system cannot find the file specified
2025-10-02 01:36:26,671 - [WinError 2] The system cannot find the file specified
2025-10-02 01:36:28,281 - 🔄 No pong in 30s. Retry 1/3
2025-10-02 01:36:31,707 - [WinError 2] The system cannot find the file specified
2025-10-02 01:36:35,797 - ❌ Socket error: str, bytes or bytearray expected, not NoneType
2025-10-02 01:36:35,798 - ❌ Socket error: str, bytes or bytearray expected, not NoneType
2025-10-02 01:36:36,708 - [WinError 2] The system cannot find the file specified
2025-10-02 01:36:38,283 - 🔄 No pong in 30s. Retry 2/3
2025-10-02 01:36:41,711 - [WinError 2] The system cannot find the file specified
2025-10-02 01:36:46,718 - [WinError 2] The system cannot find the file specified
2025-10-02 01:36:48,285 - 🔄 No pong in 30s. Retry 3/3
2025-10-02 01:36:48,287 - ❌ Connection lost.
2025-10-02 01:36:50,805 - ❌ Socket error: str, bytes or bytearray expected, not NoneType
2025-10-02 01:36:50,807 - ❌ Socket error: str, bytes or bytearray expected, not NoneType
2025-10-02 01:36:51,722 - [WinError 2] The system cannot find the file specified
2025-10-02 01:36:56,720 - [WinError 2] The system cannot find the file specified
2025-10-02 01:36:58,290 - 🔄 No pong in 30s. Retry 1/3
2025-10-02 01:37:01,725 - [WinError 2] The system cannot find the file specified
2025-10-02 01:37:05,809 - ❌ Socket error: str, bytes or bytearray expected, not NoneType
2025-10-02 01:37:05,810 - ❌ Socket error: str, bytes or bytearray expected, not NoneType
2025-10-02 01:37:06,729 - [WinError 2] The system cannot find the file specified
2025-10-02 01:37:08,293 - 🔄 No pong in 30s. Retry 2/3
2025-10-02 01:37:11,736 - [WinError 2] The system cannot find the file specified
2025-10-02 01:37:16,748 - [WinError 2] The system cannot find the file specified
2025-10-02 01:37:18,297 - 🔄 No pong in 30s. Retry 3/3
2025-10-02 01:37:18,299 - ❌ Connection lost.
2025-10-02 01:37:20,810 - ❌ Socket error: str, bytes or bytearray expected, not NoneType
2025-10-02 01:37:20,811 - ❌ Socket error: str, bytes or bytearray expected, not NoneType
2025-10-02 01:37:21,750 - [WinError 2] The system cannot find the file specified
2025-10-02 01:37:26,771 - [WinError 2] The system cannot find the file specified
2025-10-02 01:37:28,301 - 🔄 No pong in 30s. Retry 1/3
2025-10-02 01:37:31,770 - [WinError 2] The system cannot find the file specified
2025-10-02 01:37:35,806 - ❌ Socket error: str, bytes or bytearray expected, not NoneType
2025-10-02 01:37:35,808 - ❌ Socket error: str, bytes or bytearray expected, not NoneType
2025-10-02 01:37:36,763 - [WinError 2] The system cannot find the file specified
2025-10-02 01:37:38,304 - 🔄 No pong in 30s. Retry 2/3
2025-10-02 01:37:41,769 - [WinError 2] The system cannot find the file specified
2025-10-02 01:37:46,776 - [WinError 2] The system cannot find the file specified
2025-10-02 01:37:48,308 - 🔄 No pong in 30s. Retry 3/3
2025-10-02 01:37:48,308 - ❌ Connection lost.
2025-10-02 01:37:50,810 - ❌ Socket error: str, bytes or bytearray expected, not NoneType
2025-10-02 01:37:50,811 - ❌ Socket error: str, bytes or bytearray expected, not NoneType
2025-10-02 01:37:51,771 - [WinError 2] The system cannot find the file specified
2025-10-02 01:37:56,768 - [WinError 2] The system cannot find the file specified
2025-10-02 01:37:58,309 - 🔄 No pong in 30s. Retry 1/3
2025-10-02 01:38:01,780 - [WinError 2] The system cannot find the file specified
2025-10-02 01:38:05,827 - ❌ Socket error: str, bytes or bytearray expected, not NoneType
2025-10-02 01:38:05,828 - ❌ Socket error: str, bytes or bytearray expected, not NoneType
2025-10-02 01:38:06,772 - [WinError 2] The system cannot find the file specified
2025-10-02 01:38:08,310 - 🔄 No pong in 30s. Retry 2/3
2025-10-02 01:38:11,786 - [WinError 2] The system cannot find the file specified
2025-10-02 01:38:16,788 - [WinError 2] The system cannot find the file specified
2025-10-02 01:38:18,313 - 🔄 No pong in 30s. Retry 3/3
2025-10-02 01:38:18,316 - ❌ Connection lost.
2025-10-02 01:38:20,808 - ❌ Socket error: str, bytes or bytearray expected, not NoneType
2025-10-02 01:38:20,811 - ❌ Socket error: str, bytes or bytearray expected, not NoneType
2025-10-02 01:38:21,806 - [WinError 2] The system cannot find the file specified
2025-10-02 01:38:26,814 - [WinError 2] The system cannot find the file specified
2025-10-02 01:38:28,318 - 🔄 No pong in 30s. Retry 1/3
2025-10-02 01:38:31,838 - [WinError 2] The system cannot find the file specified
2025-10-02 01:38:35,822 - ❌ Socket error: str, bytes or bytearray expected, not NoneType
2025-10-02 01:38:35,823 - ❌ Socket error: str, bytes or bytearray expected, not NoneType
2025-10-02 01:38:36,817 - [WinError 2] The system cannot find the file specified
2025-10-02 01:38:38,322 - 🔄 No pong in 30s. Retry 2/3
2025-10-02 01:38:41,820 - [WinError 2] The system cannot find the file specified
2025-10-02 01:38:46,821 - [WinError 2] The system cannot find the file specified
2025-10-02 01:38:48,326 - 🔄 No pong in 30s. Retry 3/3
2025-10-02 01:38:48,329 - ❌ Connection lost.
2025-10-02 01:38:50,848 - ❌ Socket error: str, bytes or bytearray expected, not NoneType
2025-10-02 01:38:50,852 - ❌ Socket error: str, bytes or bytearray expected, not NoneType
2025-10-02 01:38:51,829 - [WinError 2] The system cannot find the file specified
2025-10-02 01:38:56,810 - [WinError 2] The system cannot find the file specified
2025-10-02 01:38:58,332 - 🔄 No pong in 30s. Retry 1/3
2025-10-02 01:39:01,832 - [WinError 2] The system cannot find the file specified
2025-10-02 01:39:05,838 - ❌ Socket error: str, bytes or bytearray expected, not NoneType
2025-10-02 01:39:05,839 - ❌ Socket error: str, bytes or bytearray expected, not NoneType
2025-10-02 01:39:06,827 - [WinError 2] The system cannot find the file specified
2025-10-02 01:39:08,336 - 🔄 No pong in 30s. Retry 2/3
2025-10-02 01:39:11,845 - [WinError 2] The system cannot find the file specified
2025-10-02 01:39:16,846 - [WinError 2] The system cannot find the file specified
2025-10-02 01:39:18,339 - 🔄 No pong in 30s. Retry 3/3
2025-10-02 01:39:18,342 - ❌ Connection lost.
2025-10-02 01:39:20,847 - ❌ Socket error: str, bytes or bytearray expected, not NoneType
2025-10-02 01:39:20,850 - ❌ Socket error: str, bytes or bytearray expected, not NoneType
2025-10-02 01:39:21,956 - [WinError 2] The system cannot find the file specified
2025-10-02 01:39:26,877 - [WinError 2] The system cannot find the file specified
2025-10-02 01:39:28,603 - 🔄 No pong in 30s. Retry 1/3
2025-10-02 01:39:31,861 - [WinError 2] The system cannot find the file specified
2025-10-02 01:39:35,848 - ❌ Socket error: str, bytes or bytearray expected, not NoneType
2025-10-02 01:39:35,850 - ❌ Socket error: str, bytes or bytearray expected, not NoneType
2025-10-02 01:39:36,873 - [WinError 2] The system cannot find the file specified
2025-10-02 01:39:38,605 - 🔄 No pong in 30s. Retry 2/3
2025-10-02 01:39:41,888 - [WinError 2] The system cannot find the file specified
2025-10-02 01:39:46,912 - [WinError 2] The system cannot find the file specified
2025-10-02 01:39:48,609 - 🔄 No pong in 30s. Retry 3/3
2025-10-02 01:39:48,611 - ❌ Connection lost.
2025-10-02 01:39:50,864 - ❌ Socket error: str, bytes or bytearray expected, not NoneType
2025-10-02 01:39:50,869 - ❌ Socket error: str, bytes or bytearray expected, not NoneType
2025-10-02 01:39:51,932 - [WinError 2] The system cannot find the file specified
2025-10-02 01:39:56,928 - [WinError 2] The system cannot find the file specified
2025-10-02 01:39:58,614 - 🔄 No pong in 30s. Retry 1/3
2025-10-02 01:40:01,936 - [WinError 2] The system cannot find the file specified
2025-10-02 01:40:05,870 - ❌ Socket error: str, bytes or bytearray expected, not NoneType
2025-10-02 01:40:05,871 - ❌ Socket error: str, bytes or bytearray expected, not NoneType
2025-10-02 01:40:06,927 - [WinError 2] The system cannot find the file specified
2025-10-02 01:40:08,618 - 🔄 No pong in 30s. Retry 2/3
2025-10-02 01:40:11,931 - [WinError 2] The system cannot find the file specified
2025-10-02 01:40:16,937 - [WinError 2] The system cannot find the file specified
2025-10-02 01:40:18,619 - 🔄 No pong in 30s. Retry 3/3
2025-10-02 01:40:18,620 - ❌ Connection lost.
2025-10-02 01:40:21,735 - ❌ Socket error: str, bytes or bytearray expected, not NoneType
2025-10-02 01:40:21,737 - ❌ Socket error: str, bytes or bytearray expected, not NoneType
2025-10-02 01:40:21,938 - [WinError 2] The system cannot find the file specified
2025-10-02 01:40:26,949 - [WinError 2] The system cannot find the file specified
2025-10-02 01:40:28,623 - 🔄 No pong in 30s. Retry 1/3
2025-10-02 01:40:31,964 - [WinError 2] The system cannot find the file specified
2025-10-02 01:40:35,879 - ❌ Socket error: str, bytes or bytearray expected, not NoneType
2025-10-02 01:40:35,881 - ❌ Socket error: str, bytes or bytearray expected, not NoneType
2025-10-02 01:40:36,951 - [WinError 2] The system cannot find the file specified
2025-10-02 01:40:38,624 - 🔄 No pong in 30s. Retry 2/3
2025-10-02 01:40:41,966 - [WinError 2] The system cannot find the file specified
2025-10-02 01:40:46,967 - [WinError 2] The system cannot find the file specified
2025-10-02 01:40:48,626 - 🔄 No pong in 30s. Retry 3/3
2025-10-02 01:40:48,626 - ❌ Connection lost.
2025-10-02 01:40:50,881 - ❌ Socket error: str, bytes or bytearray expected, not NoneType
2025-10-02 01:40:50,883 - ❌ Socket error: str, bytes or bytearray expected, not NoneType
2025-10-02 01:40:51,980 - [WinError 2] The system cannot find the file specified
2025-10-02 01:40:56,977 - [WinError 2] The system cannot find the file specified
2025-10-02 01:40:58,628 - 🔄 No pong in 30s. Retry 1/3
2025-10-02 01:41:01,988 - [WinError 2] The system cannot find the file specified
2025-10-02 01:41:05,881 - ❌ Socket error: str, bytes or bytearray expected, not NoneType
2025-10-02 01:41:05,881 - ❌ Socket error: str, bytes or bytearray expected, not NoneType
2025-10-02 01:41:06,993 - [WinError 2] The system cannot find the file specified
2025-10-02 01:41:08,633 - 🔄 No pong in 30s. Retry 2/3
2025-10-02 01:41:11,986 - [WinError 2] The system cannot find the file specified
2025-10-02 01:41:17,000 - [WinError 2] The system cannot find the file specified
2025-10-02 01:41:18,638 - 🔄 No pong in 30s. Retry 3/3
2025-10-02 01:41:18,642 - ❌ Connection lost.
2025-10-02 01:41:20,898 - ❌ Socket error: str, bytes or bytearray expected, not NoneType
2025-10-02 01:41:20,902 - ❌ Socket error: str, bytes or bytearray expected, not NoneType
2025-10-02 01:41:22,005 - [WinError 2] The system cannot find the file specified
2025-10-02 01:41:27,019 - [WinError 2] The system cannot find the file specified
2025-10-02 01:41:28,659 - 🔄 No pong in 30s. Retry 1/3
2025-10-02 01:41:32,026 - [WinError 2] The system cannot find the file specified
2025-10-02 01:41:35,895 - ❌ Socket error: str, bytes or bytearray expected, not NoneType
2025-10-02 01:41:35,898 - ❌ Socket error: str, bytes or bytearray expected, not NoneType
2025-10-02 01:41:37,030 - [WinError 2] The system cannot find the file specified
2025-10-02 01:41:38,669 - 🔄 No pong in 30s. Retry 2/3
2025-10-02 01:41:42,058 - [WinError 2] The system cannot find the file specified
2025-10-02 01:41:47,042 - [WinError 2] The system cannot find the file specified
2025-10-02 01:41:48,774 - 🔄 No pong in 30s. Retry 3/3
2025-10-02 01:41:48,782 - ❌ Connection lost.
2025-10-02 01:41:50,894 - ❌ Socket error: str, bytes or bytearray expected, not NoneType
2025-10-02 01:41:50,899 - ❌ Socket error: str, bytes or bytearray expected, not NoneType
2025-10-02 01:41:52,063 - [WinError 2] The system cannot find the file specified
2025-10-02 01:41:57,068 - [WinError 2] The system cannot find the file specified
2025-10-02 01:41:58,783 - 🔄 No pong in 30s. Retry 1/3
2025-10-02 01:42:02,077 - [WinError 2] The system cannot find the file specified
2025-10-02 01:42:05,884 - ❌ Socket error: str, bytes or bytearray expected, not NoneType
2025-10-02 01:42:05,885 - ❌ Socket error: str, bytes or bytearray expected, not NoneType
2025-10-02 01:42:07,065 - [WinError 2] The system cannot find the file specified
2025-10-02 01:42:08,785 - 🔄 No pong in 30s. Retry 2/3
2025-10-02 01:42:12,071 - [WinError 2] The system cannot find the file specified
2025-10-02 01:42:17,062 - [WinError 2] The system cannot find the file specified
2025-10-02 01:42:18,786 - 🔄 No pong in 30s. Retry 3/3
2025-10-02 01:42:18,787 - ❌ Connection lost.
2025-10-02 01:42:20,892 - ❌ Socket error: str, bytes or bytearray expected, not NoneType
2025-10-02 01:42:20,893 - ❌ Socket error: str, bytes or bytearray expected, not NoneType
2025-10-02 01:42:22,064 - [WinError 2] The system cannot find the file specified
2025-10-02 01:42:27,061 - [WinError 2] The system cannot find the file specified
2025-10-02 01:42:28,788 - 🔄 No pong in 30s. Retry 1/3
2025-10-02 01:42:32,059 - [WinError 2] The system cannot find the file specified
2025-10-02 01:42:35,898 - ❌ Socket error: str, bytes or bytearray expected, not NoneType
2025-10-02 01:42:35,899 - ❌ Socket error: str, bytes or bytearray expected, not NoneType
2025-10-02 01:42:37,074 - [WinError 2] The system cannot find the file specified
2025-10-02 01:42:38,790 - 🔄 No pong in 30s. Retry 2/3
2025-10-02 01:42:42,072 - [WinError 2] The system cannot find the file specified
2025-10-02 01:44:54,319 - [WinError 2] The system cannot find the file specified
2025-10-02 01:46:03,295 - [WinError 2] The system cannot find the file specified
2025-10-02 01:46:08,289 - [WinError 2] The system cannot find the file specified
2025-10-02 01:46:13,285 - [WinError 2] The system cannot find the file specified
2025-10-02 01:46:18,285 - [WinError 2] The system cannot find the file specified
2025-10-02 01:46:23,291 - [WinError 2] The system cannot find the file specified
2025-10-02 01:46:28,283 - [WinError 2] The system cannot find the file specified
2025-10-02 01:46:33,290 - [WinError 2] The system cannot find the file specified
2025-10-02 01:46:39,898 - ❌ Could not connect: [WinError 10061] No connection could be made because the target machine actively refused it
2025-10-02 01:46:39,904 - [WinError 2] The system cannot find the file specified
2025-10-02 01:46:43,281 - [WinError 2] The system cannot find the file specified
2025-10-02 01:46:48,293 - [WinError 2] The system cannot find the file specified
2025-10-02 01:46:53,306 - [WinError 2] The system cannot find the file specified
2025-10-02 01:51:46,264 - ❌ Socket error: str, bytes or bytearray expected, not NoneType
2025-10-02 01:51:46,269 - ❌ Socket error: str, bytes or bytearray expected, not NoneType
2025-10-02 01:52:01,263 - ❌ Socket error: str, bytes or bytearray expected, not NoneType
2025-10-02 01:52:01,265 - ❌ Socket error: str, bytes or bytearray expected, not NoneType
2025-10-02 01:52:24,652 - ❌ Socket error: str, bytes or bytearray expected, not NoneType
2025-10-02 01:52:24,655 - ❌ Socket error: str, bytes or bytearray expected, not NoneType
2025-10-02 01:52:35,115 - [WinError 2] The system cannot find the file specified
2025-10-02 01:52:57,001 - ❌ Socket error: str, bytes or bytearray expected, not NoneType
2025-10-02 01:52:57,004 - ❌ Socket error: str, bytes or bytearray expected, not NoneType
2025-10-02 01:55:43,563 - ❌ Socket error: str, bytes or bytearray expected, not NoneType
2025-10-02 01:55:43,566 - ❌ Socket error: str, bytes or bytearray expected, not NoneType
2025-10-02 01:55:58,561 - ❌ Socket error: str, bytes or bytearray expected, not NoneType
2025-10-02 01:55:58,562 - ❌ Socket error: str, bytes or bytearray expected, not NoneType
2025-10-02 01:55:59,443 - [WinError 2] The system cannot find the file specified
2025-10-02 01:56:01,771 - ❌ Could not connect: [WinError 10061] No connection could be made because the target machine actively refused it
2025-10-02 01:56:04,438 - [WinError 2] The system cannot find the file specified
2025-10-02 01:56:09,462 - [WinError 2] The system cannot find the file specified
2025-10-02 01:56:13,559 - ❌ Socket error: str, bytes or bytearray expected, not NoneType
2025-10-02 01:56:13,563 - ❌ Socket error: str, bytes or bytearray expected, not NoneType
2025-10-02 01:56:14,457 - [WinError 2] The system cannot find the file specified
2025-10-02 01:56:19,465 - [WinError 2] The system cannot find the file specified
2025-10-02 01:57:04,541 - ❌ Socket error: str, bytes or bytearray expected, not NoneType
2025-10-02 01:57:04,544 - ❌ Socket error: str, bytes or bytearray expected, not NoneType
2025-10-02 01:57:15,363 - [WinError 2] The system cannot find the file specified
2025-10-02 01:57:19,537 - ❌ Socket error: str, bytes or bytearray expected, not NoneType
2025-10-02 01:57:19,539 - ❌ Socket error: str, bytes or bytearray expected, not NoneType
2025-10-02 01:57:20,347 - [WinError 2] The system cannot find the file specified
2025-10-02 01:57:25,347 - [WinError 2] The system cannot find the file specified
2025-10-02 01:57:30,352 - [WinError 2] The system cannot find the file specified
2025-10-02 01:57:34,538 - ❌ Socket error: str, bytes or bytearray expected, not NoneType
2025-10-02 01:57:34,539 - ❌ Socket error: str, bytes or bytearray expected, not NoneType
2025-10-02 01:57:35,340 - [WinError 2] The system cannot find the file specified
2025-10-02 01:57:40,352 - [WinError 2] The system cannot find the file specified
2025-10-02 01:57:45,487 - [WinError 2] The system cannot find the file specified
2025-10-02 01:57:49,559 - ❌ Socket error: str, bytes or bytearray expected, not NoneType
2025-10-02 01:57:49,560 - ❌ Socket error: str, bytes or bytearray expected, not NoneType
2025-10-02 01:57:50,354 - [WinError 2] The system cannot find the file specified
2025-10-02 01:57:55,364 - [WinError 2] The system cannot find the file specified
2025-10-02 01:58:00,346 - [WinError 2] The system cannot find the file specified
2025-10-02 01:58:04,554 - ❌ Socket error: str, bytes or bytearray expected, not NoneType
2025-10-02 01:58:04,556 - ❌ Socket error: str, bytes or bytearray expected, not NoneType
2025-10-02 01:58:05,351 - [WinError 2] The system cannot find the file specified
2025-10-02 01:58:10,358 - [WinError 2] The system cannot find the file specified
2025-10-02 01:58:15,352 - [WinError 2] The system cannot find the file specified
2025-10-02 01:58:19,590 - ❌ Socket error: str, bytes or bytearray expected, not NoneType
2025-10-02 01:58:19,591 - ❌ Socket error: str, bytes or bytearray expected, not NoneType
2025-10-02 01:58:20,345 - [WinError 2] The system cannot find the file specified
2025-10-02 01:58:25,370 - [WinError 2] The system cannot find the file specified
2025-10-02 01:58:30,365 - [WinError 2] The system cannot find the file specified
2025-10-02 01:58:34,554 - ❌ Socket error: str, bytes or bytearray expected, not NoneType
2025-10-02 01:58:34,556 - ❌ Socket error: str, bytes or bytearray expected, not NoneType
2025-10-02 01:58:35,375 - [WinError 2] The system cannot find the file specified
2025-10-02 01:58:40,363 - [WinError 2] The system cannot find the file specified
2025-10-02 01:58:54,416 - ❌ Socket error: str, bytes or bytearray expected, not NoneType
2025-10-02 01:58:54,419 - ❌ Socket error: str, bytes or bytearray expected, not NoneType
2025-10-02 01:59:09,434 - ❌ Socket error: str, bytes or bytearray expected, not NoneType
2025-10-02 01:59:09,435 - ❌ Socket error: str, bytes or bytearray expected, not NoneType
2025-10-02 01:59:28,347 - ❌ Socket error: str, bytes or bytearray expected, not NoneType
2025-10-02 01:59:28,350 - ❌ Socket error: str, bytes or bytearray expected, not NoneType
2025-10-02 01:59:43,340 - ❌ Socket error: str, bytes or bytearray expected, not NoneType
2025-10-02 01:59:43,342 - ❌ Socket error: str, bytes or bytearray expected, not NoneType
2025-10-02 01:59:58,347 - ❌ Socket error: str, bytes or bytearray expected, not NoneType
2025-10-02 01:59:58,349 - ❌ Socket error: str, bytes or bytearray expected, not NoneType
2025-10-02 02:00:13,354 - ❌ Socket error: str, bytes or bytearray expected, not NoneType
2025-10-02 02:00:13,357 - ❌ Socket error: str, bytes or bytearray expected, not NoneType
2025-10-02 02:00:28,366 - ❌ Socket error: str, bytes or bytearray expected, not NoneType
2025-10-02 02:00:28,367 - ❌ Socket error: str, bytes or bytearray expected, not NoneType
2025-10-02 02:00:43,371 - ❌ Socket error: str, bytes or bytearray expected, not NoneType
2025-10-02 02:00:43,373 - ❌ Socket error: str, bytes or bytearray expected, not NoneType
2025-10-02 02:00:58,395 - ❌ Socket error: str, bytes or bytearray expected, not NoneType
2025-10-02 02:00:58,397 - ❌ Socket error: str, bytes or bytearray expected, not NoneType
2025-10-02 02:01:13,388 - ❌ Socket error: str, bytes or bytearray expected, not NoneType
2025-10-02 02:01:13,390 - ❌ Socket error: str, bytes or bytearray expected, not NoneType
2025-10-02 02:01:28,383 - ❌ Socket error: str, bytes or bytearray expected, not NoneType
2025-10-02 02:01:28,383 - ❌ Socket error: str, bytes or bytearray expected, not NoneType
2025-10-02 02:01:43,398 - ❌ Socket error: str, bytes or bytearray expected, not NoneType
2025-10-02 02:01:43,400 - ❌ Socket error: str, bytes or bytearray expected, not NoneType
2025-10-02 02:01:58,383 - ❌ Socket error: str, bytes or bytearray expected, not NoneType
2025-10-02 02:01:58,385 - ❌ Socket error: str, bytes or bytearray expected, not NoneType
2025-10-02 02:02:13,387 - ❌ Socket error: str, bytes or bytearray expected, not NoneType
2025-10-02 02:02:13,389 - ❌ Socket error: str, bytes or bytearray expected, not NoneType
2025-10-02 02:02:28,408 - ❌ Socket error: str, bytes or bytearray expected, not NoneType
2025-10-02 02:02:28,409 - ❌ Socket error: str, bytes or bytearray expected, not NoneType
2025-10-02 02:02:43,411 - ❌ Socket error: str, bytes or bytearray expected, not NoneType
2025-10-02 02:02:43,412 - ❌ Socket error: str, bytes or bytearray expected, not NoneType
2025-10-02 02:02:58,419 - ❌ Socket error: str, bytes or bytearray expected, not NoneType
2025-10-02 02:02:58,420 - ❌ Socket error: str, bytes or bytearray expected, not NoneType
2025-10-02 02:03:13,437 - ❌ Socket error: str, bytes or bytearray expected, not NoneType
2025-10-02 02:03:13,445 - ❌ Socket error: str, bytes or bytearray expected, not NoneType
2025-10-02 02:03:28,437 - ❌ Socket error: str, bytes or bytearray expected, not NoneType
2025-10-02 02:03:28,440 - ❌ Socket error: str, bytes or bytearray expected, not NoneType
2025-10-02 02:03:43,449 - ❌ Socket error: str, bytes or bytearray expected, not NoneType
2025-10-02 02:03:43,450 - ❌ Socket error: str, bytes or bytearray expected, not NoneType
2025-10-02 02:03:58,447 - ❌ Socket error: str, bytes or bytearray expected, not NoneType
2025-10-02 02:03:58,451 - ❌ Socket error: str, bytes or bytearray expected, not NoneType
2025-10-02 02:04:13,461 - ❌ Socket error: str, bytes or bytearray expected, not NoneType
2025-10-02 02:04:13,461 - ❌ Socket error: str, bytes or bytearray expected, not NoneType
2025-10-02 02:04:28,467 - ❌ Socket error: str, bytes or bytearray expected, not NoneType
2025-10-02 02:04:28,471 - ❌ Socket error: str, bytes or bytearray expected, not NoneType
2025-10-02 02:04:43,476 - ❌ Socket error: str, bytes or bytearray expected, not NoneType
2025-10-02 02:04:43,478 - ❌ Socket error: str, bytes or bytearray expected, not NoneType
2025-10-02 02:06:28,848 - ❌ Socket error: str, bytes or bytearray expected, not NoneType
2025-10-02 02:06:28,851 - ❌ Socket error: str, bytes or bytearray expected, not NoneType
2025-10-02 02:06:36,507 - [WinError 2] The system cannot find the file specified
2025-10-02 02:06:41,733 - ❌ Could not connect: [WinError 10061] No connection could be made because the target machine actively refused it
2025-10-02 02:06:41,740 - [WinError 2] The system cannot find the file specified
2025-10-02 02:06:43,845 - ❌ Socket error: str, bytes or bytearray expected, not NoneType
2025-10-02 02:06:43,847 - ❌ Socket error: str, bytes or bytearray expected, not NoneType
2025-10-02 02:06:46,507 - [WinError 2] The system cannot find the file specified
2025-10-02 02:06:51,518 - [WinError 2] The system cannot find the file specified
2025-10-02 02:06:56,524 - [WinError 2] The system cannot find the file specified
2025-10-02 02:06:58,840 - ❌ Socket error: str, bytes or bytearray expected, not NoneType
2025-10-02 02:06:58,843 - ❌ Socket error: str, bytes or bytearray expected, not NoneType
2025-10-02 02:07:01,515 - [WinError 2] The system cannot find the file specified
2025-10-02 02:07:06,518 - [WinError 2] The system cannot find the file specified
2025-10-02 02:07:11,522 - [WinError 2] The system cannot find the file specified
2025-10-02 02:07:13,855 - ❌ Socket error: str, bytes or bytearray expected, not NoneType
2025-10-02 02:07:13,856 - ❌ Socket error: str, bytes or bytearray expected, not NoneType
2025-10-02 02:07:16,540 - [WinError 2] The system cannot find the file specified
2025-10-02 02:07:21,537 - [WinError 2] The system cannot find the file specified
2025-10-02 02:07:26,542 - [WinError 2] The system cannot find the file specified
2025-10-02 02:07:28,853 - ❌ Socket error: str, bytes or bytearray expected, not NoneType
2025-10-02 02:07:28,856 - ❌ Socket error: str, bytes or bytearray expected, not NoneType
2025-10-02 02:07:31,545 - [WinError 2] The system cannot find the file specified
2025-10-02 02:07:36,541 - [WinError 2] The system cannot find the file specified
2025-10-02 02:07:41,554 - [WinError 2] The system cannot find the file specified
2025-10-02 02:07:43,859 - ❌ Socket error: str, bytes or bytearray expected, not NoneType
2025-10-02 02:07:43,860 - ❌ Socket error: str, bytes or bytearray expected, not NoneType
2025-10-02 02:07:46,572 - [WinError 2] The system cannot find the file specified
2025-10-02 02:07:51,591 - [WinError 2] The system cannot find the file specified
2025-10-02 02:07:56,576 - [WinError 2] The system cannot find the file specified
2025-10-02 02:07:58,862 - ❌ Socket error: str, bytes or bytearray expected, not NoneType
2025-10-02 02:07:58,866 - ❌ Socket error: str, bytes or bytearray expected, not NoneType
2025-10-02 02:08:01,608 - [WinError 2] The system cannot find the file specified
2025-10-02 02:08:06,590 - [WinError 2] The system cannot find the file specified
2025-10-02 02:08:11,618 - [WinError 2] The system cannot find the file specified
2025-10-02 02:08:13,858 - ❌ Socket error: str, bytes or bytearray expected, not NoneType
2025-10-02 02:08:13,859 - ❌ Socket error: str, bytes or bytearray expected, not NoneType
2025-10-02 02:08:16,605 - [WinError 2] The system cannot find the file specified
2025-10-02 02:08:21,614 - [WinError 2] The system cannot find the file specified
2025-10-02 02:08:26,601 - [WinError 2] The system cannot find the file specified
2025-10-02 02:08:28,856 - ❌ Socket error: str, bytes or bytearray expected, not NoneType
2025-10-02 02:08:28,857 - ❌ Socket error: str, bytes or bytearray expected, not NoneType
2025-10-02 02:08:31,596 - [WinError 2] The system cannot find the file specified
2025-10-02 02:08:36,598 - [WinError 2] The system cannot find the file specified
2025-10-02 02:08:41,606 - [WinError 2] The system cannot find the file specified
2025-10-02 02:08:43,853 - ❌ Socket error: str, bytes or bytearray expected, not NoneType
2025-10-02 02:08:43,857 - ❌ Socket error: str, bytes or bytearray expected, not NoneType
2025-10-02 02:08:46,606 - [WinError 2] The system cannot find the file specified
2025-10-02 02:08:51,614 - [WinError 2] The system cannot find the file specified
2025-10-02 02:08:56,614 - [WinError 2] The system cannot find the file specified
2025-10-02 02:08:58,862 - ❌ Socket error: str, bytes or bytearray expected, not NoneType
2025-10-02 02:08:58,865 - ❌ Socket error: str, bytes or bytearray expected, not NoneType
2025-10-02 02:09:01,627 - [WinError 2] The system cannot find the file specified
2025-10-02 02:09:51,297 - [WinError 2] The system cannot find the file specified
2025-10-02 02:09:56,304 - [WinError 2] The system cannot find the file specified
2025-10-02 02:10:01,316 - [WinError 2] The system cannot find the file specified
2025-10-02 02:10:06,309 - [WinError 2] The system cannot find the file specified
2025-10-02 02:10:11,341 - [WinError 2] The system cannot find the file specified
2025-10-02 02:10:16,346 - [WinError 2] The system cannot find the file specified
2025-10-02 02:10:21,343 - [WinError 2] The system cannot find the file specified
2025-10-02 02:10:24,467 - ❌ Could not connect: [WinError 10061] No connection could be made because the target machine actively refused it
2025-10-02 02:10:26,346 - [WinError 2] The system cannot find the file specified
2025-10-02 02:10:31,338 - [WinError 2] The system cannot find the file specified
2025-10-02 02:10:36,357 - [WinError 2] The system cannot find the file specified
2025-10-02 02:10:41,367 - [WinError 2] The system cannot find the file specified
2025-10-02 02:10:46,359 - [WinError 2] The system cannot find the file specified
2025-10-02 02:10:51,368 - [WinError 2] The system cannot find the file specified
2025-10-02 02:10:56,392 - [WinError 2] The system cannot find the file specified
2025-10-02 02:11:01,403 - [WinError 2] The system cannot find the file specified
2025-10-02 02:11:06,395 - [WinError 2] The system cannot find the file specified
2025-10-02 02:11:11,390 - [WinError 2] The system cannot find the file specified
2025-10-02 02:11:16,403 - [WinError 2] The system cannot find the file specified
2025-10-02 02:11:21,408 - [WinError 2] The system cannot find the file specified
2025-10-02 02:11:26,422 - [WinError 2] The system cannot find the file specified
2025-10-02 02:11:31,419 - [WinError 2] The system cannot find the file specified
2025-10-02 02:11:36,459 - [WinError 2] The system cannot find the file specified
2025-10-02 02:11:41,476 - [WinError 2] The system cannot find the file specified
2025-10-02 02:11:46,468 - [WinError 2] The system cannot find the file specified
2025-10-02 02:11:51,475 - [WinError 2] The system cannot find the file specified
2025-10-02 02:11:56,469 - [WinError 2] The system cannot find the file specified
2025-10-02 02:12:01,491 - [WinError 2] The system cannot find the file specified
2025-10-02 02:12:06,487 - [WinError 2] The system cannot find the file specified
2025-10-02 02:12:11,498 - [WinError 2] The system cannot find the file specified
2025-10-02 02:12:16,485 - [WinError 2] The system cannot find the file specified
2025-10-02 02:12:21,516 - [WinError 2] The system cannot find the file specified
2025-10-02 02:12:26,515 - [WinError 2] The system cannot find the file specified
2025-10-02 02:12:31,530 - [WinError 2] The system cannot find the file specified
2025-10-02 02:12:36,549 - [WinError 2] The system cannot find the file specified
2025-10-02 02:12:41,571 - [WinError 2] The system cannot find the file specified
2025-10-02 02:12:46,578 - [WinError 2] The system cannot find the file specified
2025-10-02 02:12:51,591 - [WinError 2] The system cannot find the file specified
2025-10-02 02:12:56,573 - [WinError 2] The system cannot find the file specified
2025-10-02 02:13:01,600 - [WinError 2] The system cannot find the file specified
2025-10-02 02:13:06,600 - [WinError 2] The system cannot find the file specified
2025-10-02 02:13:11,606 - [WinError 2] The system cannot find the file specified
2025-10-02 02:13:16,593 - [WinError 2] The system cannot find the file specified
2025-10-02 02:13:21,590 - [WinError 2] The system cannot find the file specified
2025-10-02 02:13:26,600 - [WinError 2] The system cannot find the file specified
2025-10-02 02:13:31,609 - [WinError 2] The system cannot find the file specified
2025-10-02 02:13:36,611 - [WinError 2] The system cannot find the file specified
2025-10-02 02:13:41,597 - [WinError 2] The system cannot find the file specified
2025-10-02 02:13:46,597 - [WinError 2] The system cannot find the file specified
2025-10-02 02:13:51,610 - [WinError 2] The system cannot find the file specified
2025-10-02 02:13:56,610 - [WinError 2] The system cannot find the file specified
2025-10-02 02:14:01,617 - [WinError 2] The system cannot find the file specified
2025-10-02 02:14:06,621 - [WinError 2] The system cannot find the file specified
2025-10-02 02:14:11,606 - [WinError 2] The system cannot find the file specified
2025-10-02 02:14:16,614 - [WinError 2] The system cannot find the file specified
2025-10-02 02:14:21,637 - [WinError 2] The system cannot find the file specified
2025-10-02 02:19:48,608 - ❌ Socket error: str, bytes or bytearray expected, not NoneType
2025-10-02 02:20:03,607 - ❌ Socket error: str, bytes or bytearray expected, not NoneType
2025-10-02 02:21:23,961 - ❌ Socket error: str, bytes or bytearray expected, not NoneType
2025-10-02 02:21:38,958 - ❌ Socket error: str, bytes or bytearray expected, not NoneType
2025-10-02 02:24:23,688 - ❌ Socket error: str, bytes or bytearray expected, not NoneType
2025-10-02 02:24:38,695 - ❌ Socket error: str, bytes or bytearray expected, not NoneType
2025-10-02 02:24:39,281 - [WinError 2] The system cannot find the file specified
2025-10-02 02:24:41,366 - ❌ Could not connect: [WinError 10061] No connection could be made because the target machine actively refused it
2025-10-02 02:24:44,288 - [WinError 2] The system cannot find the file specified
2025-10-02 02:24:49,286 - [WinError 2] The system cannot find the file specified
2025-10-02 02:24:53,705 - ❌ Socket error: str, bytes or bytearray expected, not NoneType
2025-10-02 02:24:54,296 - [WinError 2] The system cannot find the file specified
2025-10-02 02:24:59,285 - [WinError 2] The system cannot find the file specified
2025-10-02 02:25:04,288 - [WinError 2] The system cannot find the file specified
2025-10-02 02:25:09,282 - [WinError 2] The system cannot find the file specified
2025-10-02 02:25:14,305 - [WinError 2] The system cannot find the file specified
2025-10-02 02:25:19,307 - [WinError 2] The system cannot find the file specified
2025-10-02 02:25:24,323 - [WinError 2] The system cannot find the file specified
2025-10-02 02:25:29,320 - [WinError 2] The system cannot find the file specified
2025-10-02 02:25:34,349 - [WinError 2] The system cannot find the file specified
2025-10-02 02:25:39,347 - [WinError 2] The system cannot find the file specified
2025-10-02 02:25:44,354 - [WinError 2] The system cannot find the file specified
2025-10-02 02:25:49,348 - [WinError 2] The system cannot find the file specified
2025-10-02 02:25:54,350 - [WinError 2] The system cannot find the file specified
2025-10-02 02:25:59,330 - [WinError 2] The system cannot find the file specified
2025-10-02 02:26:04,359 - [WinError 2] The system cannot find the file specified
2025-10-02 02:26:09,333 - [WinError 2] The system cannot find the file specified
2025-10-02 02:26:14,352 - [WinError 2] The system cannot find the file specified
2025-10-02 02:26:19,329 - [WinError 2] The system cannot find the file specified
2025-10-02 02:26:24,334 - [WinError 2] The system cannot find the file specified
2025-10-02 02:26:29,337 - [WinError 2] The system cannot find the file specified
2025-10-02 02:26:34,327 - [WinError 2] The system cannot find the file specified
2025-10-02 02:26:39,329 - [WinError 2] The system cannot find the file specified
2025-10-02 02:26:44,347 - [WinError 2] The system cannot find the file specified
2025-10-02 02:26:49,359 - [WinError 2] The system cannot find the file specified
2025-10-02 02:26:54,367 - [WinError 2] The system cannot find the file specified
2025-10-02 02:26:59,369 - [WinError 2] The system cannot find the file specified
2025-10-02 02:27:04,366 - [WinError 2] The system cannot find the file specified
2025-10-02 02:27:09,376 - [WinError 2] The system cannot find the file specified
2025-10-02 02:27:14,373 - [WinError 2] The system cannot find the file specified
2025-10-02 02:27:19,384 - [WinError 2] The system cannot find the file specified
2025-10-02 02:30:46,359 - ❌ Could not connect: [WinError 10061] No connection could be made because the target machine actively refused it
2025-10-02 02:30:46,367 - [WinError 2] The system cannot find the file specified
2025-10-02 02:30:49,557 - [WinError 2] The system cannot find the file specified
2025-10-02 02:30:54,577 - [WinError 2] The system cannot find the file specified
2025-10-02 02:30:59,586 - [WinError 2] The system cannot find the file specified
2025-10-02 02:31:04,575 - [WinError 2] The system cannot find the file specified
2025-10-02 02:31:09,593 - [WinError 2] The system cannot find the file specified
2025-10-02 02:31:14,601 - [WinError 2] The system cannot find the file specified
2025-10-02 02:31:19,601 - [WinError 2] The system cannot find the file specified
2025-10-02 02:31:24,621 - [WinError 2] The system cannot find the file specified
2025-10-02 02:31:29,593 - [WinError 2] The system cannot find the file specified
2025-10-02 02:31:34,607 - [WinError 2] The system cannot find the file specified
2025-10-02 02:31:39,601 - [WinError 2] The system cannot find the file specified
2025-10-02 02:31:44,633 - [WinError 2] The system cannot find the file specified
2025-10-02 02:31:49,661 - [WinError 2] The system cannot find the file specified
2025-10-02 02:31:54,642 - [WinError 2] The system cannot find the file specified
2025-10-02 02:31:59,629 - [WinError 2] The system cannot find the file specified
2025-10-02 02:32:04,612 - [WinError 2] The system cannot find the file specified
2025-10-02 02:35:29,861 - [WinError 2] The system cannot find the file specified
2025-10-02 02:35:34,867 - [WinError 2] The system cannot find the file specified
2025-10-02 02:35:39,865 - [WinError 2] The system cannot find the file specified
2025-10-02 02:35:44,881 - [WinError 2] The system cannot find the file specified
2025-10-02 02:35:49,886 - [WinError 2] The system cannot find the file specified
2025-10-02 02:35:54,881 - [WinError 2] The system cannot find the file specified
2025-10-02 02:35:59,892 - [WinError 2] The system cannot find the file specified
2025-10-02 02:36:04,909 - [WinError 2] The system cannot find the file specified
2025-10-02 02:36:09,899 - [WinError 2] The system cannot find the file specified
2025-10-02 02:36:14,925 - [WinError 2] The system cannot find the file specified
2025-10-02 02:36:19,906 - [WinError 2] The system cannot find the file specified
2025-10-02 02:36:24,931 - [WinError 2] The system cannot find the file specified
2025-10-02 02:36:29,929 - [WinError 2] The system cannot find the file specified
2025-10-02 02:36:34,931 - [WinError 2] The system cannot find the file specified
2025-10-02 02:36:39,930 - [WinError 2] The system cannot find the file specified
2025-10-02 02:36:44,937 - [WinError 2] The system cannot find the file specified
2025-10-02 02:36:49,953 - [WinError 2] The system cannot find the file specified
2025-10-02 02:36:54,945 - [WinError 2] The system cannot find the file specified
2025-10-02 02:36:59,946 - [WinError 2] The system cannot find the file specified
2025-10-02 02:37:21,739 - ❌ Could not connect: [WinError 10061] No connection could be made because the target machine actively refused it
2025-10-02 02:37:21,751 - [WinError 2] The system cannot find the file specified
2025-10-02 02:37:25,217 - [WinError 2] The system cannot find the file specified
2025-10-02 02:37:30,216 - [WinError 2] The system cannot find the file specified
2025-10-02 02:37:35,229 - [WinError 2] The system cannot find the file specified
2025-10-02 02:37:40,216 - [WinError 2] The system cannot find the file specified
2025-10-02 02:37:45,220 - [WinError 2] The system cannot find the file specified
2025-10-02 02:37:50,217 - [WinError 2] The system cannot find the file specified
2025-10-02 02:37:55,241 - [WinError 2] The system cannot find the file specified
2025-10-02 02:38:00,275 - [WinError 2] The system cannot find the file specified
2025-10-02 02:38:05,258 - [WinError 2] The system cannot find the file specified
2025-10-02 02:38:10,276 - [WinError 2] The system cannot find the file specified
2025-10-02 02:38:15,277 - [WinError 2] The system cannot find the file specified
2025-10-02 02:38:20,284 - [WinError 2] The system cannot find the file specified
2025-10-02 02:38:25,281 - [WinError 2] The system cannot find the file specified
2025-10-02 02:38:30,260 - [WinError 2] The system cannot find the file specified
2025-10-02 02:38:35,283 - [WinError 2] The system cannot find the file specified
2025-10-02 02:38:40,267 - [WinError 2] The system cannot find the file specified
2025-10-02 02:38:45,286 - [WinError 2] The system cannot find the file specified
2025-10-02 02:38:50,282 - [WinError 2] The system cannot find the file specified
2025-10-02 02:38:55,302 - [WinError 2] The system cannot find the file specified
2025-10-02 02:39:00,291 - [WinError 2] The system cannot find the file specified
2025-10-02 02:39:05,306 - [WinError 2] The system cannot find the file specified
2025-10-02 02:39:36,634 - [WinError 2] The system cannot find the file specified
2025-10-02 02:39:41,634 - [WinError 2] The system cannot find the file specified
2025-10-02 02:39:46,632 - [WinError 2] The system cannot find the file specified
2025-10-02 02:39:51,642 - [WinError 2] The system cannot find the file specified
2025-10-02 02:39:56,650 - [WinError 2] The system cannot find the file specified
2025-10-02 02:40:01,647 - [WinError 2] The system cannot find the file specified
2025-10-02 02:40:06,856 - [WinError 2] The system cannot find the file specified
2025-10-02 02:40:11,662 - [WinError 2] The system cannot find the file specified
2025-10-02 02:40:16,709 - [WinError 2] The system cannot find the file specified
2025-10-02 02:40:21,652 - [WinError 2] The system cannot find the file specified
2025-10-02 02:40:26,661 - [WinError 2] The system cannot find the file specified
2025-10-02 02:40:31,658 - [WinError 2] The system cannot find the file specified
2025-10-02 02:43:17,505 - ❌ Socket error: str, bytes or bytearray expected, not NoneType
2025-10-02 02:43:19,819 - ❌ Could not connect: [WinError 10061] No connection could be made because the target machine actively refused it
2025-10-02 02:43:19,822 - [WinError 2] The system cannot find the file specified
2025-10-02 02:43:22,948 - [WinError 2] The system cannot find the file specified
2025-10-02 02:43:27,947 - [WinError 2] The system cannot find the file specified
2025-10-02 02:43:32,505 - ❌ Socket error: str, bytes or bytearray expected, not NoneType
2025-10-02 02:43:32,933 - [WinError 2] The system cannot find the file specified
2025-10-02 02:43:37,943 - [WinError 2] The system cannot find the file specified
2025-10-02 02:43:42,945 - [WinError 2] The system cannot find the file specified
2025-10-02 02:43:47,504 - ❌ Socket error: str, bytes or bytearray expected, not NoneType
2025-10-02 02:43:47,949 - [WinError 2] The system cannot find the file specified
2025-10-02 02:43:52,946 - [WinError 2] The system cannot find the file specified
2025-10-02 02:43:57,936 - [WinError 2] The system cannot find the file specified
2025-10-02 02:44:02,965 - [WinError 2] The system cannot find the file specified
2025-10-02 02:44:07,969 - [WinError 2] The system cannot find the file specified
2025-10-02 02:44:12,949 - [WinError 2] The system cannot find the file specified
2025-10-02 02:44:17,944 - [WinError 2] The system cannot find the file specified
2025-10-02 02:44:22,941 - [WinError 2] The system cannot find the file specified
2025-10-02 02:44:27,955 - [WinError 2] The system cannot find the file specified
2025-10-02 02:44:32,939 - [WinError 2] The system cannot find the file specified
2025-10-02 02:44:37,954 - [WinError 2] The system cannot find the file specified
2025-10-02 02:44:42,937 - [WinError 2] The system cannot find the file specified
2025-10-02 02:44:47,938 - [WinError 2] The system cannot find the file specified
2025-10-02 02:44:52,956 - [WinError 2] The system cannot find the file specified
2025-10-02 02:44:57,952 - [WinError 2] The system cannot find the file specified
2025-10-02 02:45:02,955 - [WinError 2] The system cannot find the file specified
2025-10-02 02:45:24,886 - [WinError 2] The system cannot find the file specified
2025-10-02 02:45:27,238 - ❌ Socket error: str, bytes or bytearray expected, not NoneType
2025-10-02 02:45:29,453 - ❌ Could not connect: [WinError 10061] No connection could be made because the target machine actively refused it
2025-10-02 02:45:29,893 - [WinError 2] The system cannot find the file specified
2025-10-02 02:45:34,909 - [WinError 2] The system cannot find the file specified
2025-10-02 02:50:18,988 - [WinError 2] The system cannot find the file specified
2025-10-02 02:50:21,076 - ❌ Could not connect: [WinError 10061] No connection could be made because the target machine actively refused it
2025-10-02 02:50:22,361 - ❌ Socket error: str, bytes or bytearray expected, not NoneType
2025-10-02 02:50:23,980 - [WinError 2] The system cannot find the file specified
2025-10-02 02:50:29,006 - [WinError 2] The system cannot find the file specified
2025-10-02 02:50:34,003 - [WinError 2] The system cannot find the file specified
2025-10-02 02:50:37,360 - ❌ Socket error: str, bytes or bytearray expected, not NoneType
2025-10-02 02:50:39,027 - [WinError 2] The system cannot find the file specified
2025-10-02 02:50:44,034 - [WinError 2] The system cannot find the file specified
2025-10-02 02:50:49,030 - [WinError 2] The system cannot find the file specified
2025-10-02 02:50:52,351 - ❌ Socket error: str, bytes or bytearray expected, not NoneType
2025-10-02 02:50:54,014 - [WinError 2] The system cannot find the file specified
2025-10-02 02:50:59,037 - [WinError 2] The system cannot find the file specified
2025-10-02 02:51:04,025 - [WinError 2] The system cannot find the file specified
2025-10-02 02:51:09,040 - [WinError 2] The system cannot find the file specified
2025-10-02 02:51:14,036 - [WinError 2] The system cannot find the file specified
2025-10-02 02:51:19,039 - [WinError 2] The system cannot find the file specified
2025-10-02 02:51:24,042 - [WinError 2] The system cannot find the file specified
2025-10-02 02:51:29,062 - [WinError 2] The system cannot find the file specified
2025-10-02 02:51:34,074 - [WinError 2] The system cannot find the file specified
2025-10-02 02:51:39,040 - [WinError 2] The system cannot find the file specified
2025-10-02 02:51:44,072 - [WinError 2] The system cannot find the file specified
2025-10-02 02:51:49,057 - [WinError 2] The system cannot find the file specified
2025-10-02 02:51:54,084 - [WinError 2] The system cannot find the file specified
2025-10-02 02:51:59,072 - [WinError 2] The system cannot find the file specified
2025-10-02 02:52:04,072 - [WinError 2] The system cannot find the file specified
2025-10-02 02:52:09,078 - [WinError 2] The system cannot find the file specified
2025-10-02 02:52:14,091 - [WinError 2] The system cannot find the file specified
2025-10-02 02:52:19,108 - [WinError 2] The system cannot find the file specified
2025-10-02 02:52:24,102 - [WinError 2] The system cannot find the file specified
2025-10-02 02:52:29,102 - [WinError 2] The system cannot find the file specified
2025-10-02 02:52:34,098 - [WinError 2] The system cannot find the file specified
2025-10-02 02:52:39,106 - [WinError 2] The system cannot find the file specified
2025-10-02 02:52:44,102 - [WinError 2] The system cannot find the file specified
2025-10-02 02:52:49,105 - [WinError 2] The system cannot find the file specified
2025-10-02 02:52:54,094 - [WinError 2] The system cannot find the file specified
2025-10-02 02:52:59,102 - [WinError 2] The system cannot find the file specified
2025-10-02 02:53:04,107 - [WinError 2] The system cannot find the file specified
2025-10-02 02:53:09,122 - [WinError 2] The system cannot find the file specified
2025-10-02 02:53:14,157 - [WinError 2] The system cannot find the file specified
2025-10-02 02:55:01,526 - [WinError 2] The system cannot find the file specified
2025-10-02 02:55:03,697 - ❌ Could not connect: [WinError 10061] No connection could be made because the target machine actively refused it
2025-10-02 02:55:06,515 - [WinError 2] The system cannot find the file specified
2025-10-02 02:55:11,520 - [WinError 2] The system cannot find the file specified
2025-10-02 02:55:16,518 - [WinError 2] The system cannot find the file specified
2025-10-02 02:55:21,516 - [WinError 2] The system cannot find the file specified
2025-10-02 02:55:26,540 - [WinError 2] The system cannot find the file specified
2025-10-02 02:55:31,516 - [WinError 2] The system cannot find the file specified
2025-10-02 02:55:36,522 - [WinError 2] The system cannot find the file specified
2025-10-02 02:55:41,536 - [WinError 2] The system cannot find the file specified
2025-10-02 02:55:46,527 - [WinError 2] The system cannot find the file specified
2025-10-02 02:55:51,527 - [WinError 2] The system cannot find the file specified
2025-10-02 02:55:56,536 - [WinError 2] The system cannot find the file specified
2025-10-02 02:56:01,510 - [WinError 2] The system cannot find the file specified
2025-10-02 02:56:06,511 - [WinError 2] The system cannot find the file specified
2025-10-02 02:56:11,533 - [WinError 2] The system cannot find the file specified
2025-10-02 02:56:16,519 - [WinError 2] The system cannot find the file specified
2025-10-02 02:56:21,535 - [WinError 2] The system cannot find the file specified
2025-10-02 02:56:26,537 - [WinError 2] The system cannot find the file specified
2025-10-02 02:56:31,547 - [WinError 2] The system cannot find the file specified
2025-10-02 02:56:36,564 - [WinError 2] The system cannot find the file specified
2025-10-02 02:56:41,568 - [WinError 2] The system cannot find the file specified
2025-10-02 02:56:46,570 - [WinError 2] The system cannot find the file specified
2025-10-02 02:56:51,566 - [WinError 2] The system cannot find the file specified
2025-10-02 02:56:56,578 - [WinError 2] The system cannot find the file specified
2025-10-02 02:57:01,568 - [WinError 2] The system cannot find the file specified
2025-10-02 02:57:06,569 - [WinError 2] The system cannot find the file specified
2025-10-02 02:57:11,585 - [WinError 2] The system cannot find the file specified
2025-10-02 02:57:16,577 - [WinError 2] The system cannot find the file specified
2025-10-02 02:57:21,570 - [WinError 2] The system cannot find the file specified
2025-10-02 02:57:26,575 - [WinError 2] The system cannot find the file specified
2025-10-02 02:57:31,572 - [WinError 2] The system cannot find the file specified
2025-10-02 02:57:36,589 - [WinError 2] The system cannot find the file specified
2025-10-02 02:57:41,600 - [WinError 2] The system cannot find the file specified
2025-10-02 02:57:46,599 - [WinError 2] The system cannot find the file specified
2025-10-02 02:57:51,598 - [WinError 2] The system cannot find the file specified
2025-10-02 02:57:56,592 - [WinError 2] The system cannot find the file specified
2025-10-02 02:58:01,592 - [WinError 2] The system cannot find the file specified
2025-10-02 02:58:06,596 - [WinError 2] The system cannot find the file specified
2025-10-02 02:58:11,611 - [WinError 2] The system cannot find the file specified
2025-10-02 02:58:16,593 - [WinError 2] The system cannot find the file specified
2025-10-02 02:58:21,607 - [WinError 2] The system cannot find the file specified
2025-10-02 02:58:26,598 - [WinError 2] The system cannot find the file specified
2025-10-02 02:58:31,591 - [WinError 2] The system cannot find the file specified
2025-10-02 02:58:36,590 - [WinError 2] The system cannot find the file specified
2025-10-02 02:58:41,603 - [WinError 2] The system cannot find the file specified
2025-10-02 02:58:46,590 - [WinError 2] The system cannot find the file specified
2025-10-02 02:58:51,597 - [WinError 2] The system cannot find the file specified
2025-10-02 02:58:56,589 - [WinError 2] The system cannot find the file specified
2025-10-02 02:59:01,591 - [WinError 2] The system cannot find the file specified
2025-10-02 02:59:06,604 - [WinError 2] The system cannot find the file specified
2025-10-02 02:59:11,613 - [WinError 2] The system cannot find the file specified
2025-10-02 02:59:16,634 - [WinError 2] The system cannot find the file specified
2025-10-02 02:59:21,638 - [WinError 2] The system cannot find the file specified
2025-10-02 02:59:26,645 - [WinError 2] The system cannot find the file specified
2025-10-02 02:59:31,660 - [WinError 2] The system cannot find the file specified
2025-10-02 02:59:36,670 - [WinError 2] The system cannot find the file specified
2025-10-02 02:59:41,691 - [WinError 2] The system cannot find the file specified
2025-10-02 02:59:46,676 - [WinError 2] The system cannot find the file specified
2025-10-02 02:59:51,683 - [WinError 2] The system cannot find the file specified
2025-10-02 02:59:56,683 - [WinError 2] The system cannot find the file specified
2025-10-02 03:00:01,694 - [WinError 2] The system cannot find the file specified
2025-10-02 03:00:06,698 - [WinError 2] The system cannot find the file specified
2025-10-02 03:00:11,697 - [WinError 2] The system cannot find the file specified
2025-10-02 03:00:16,698 - [WinError 2] The system cannot find the file specified
2025-10-02 03:00:21,684 - [WinError 2] The system cannot find the file specified
2025-10-02 03:00:26,690 - [WinError 2] The system cannot find the file specified
2025-10-02 03:00:31,690 - [WinError 2] The system cannot find the file specified
2025-10-02 03:00:36,703 - [WinError 2] The system cannot find the file specified
2025-10-02 03:00:41,691 - [WinError 2] The system cannot find the file specified
2025-10-02 03:00:46,689 - [WinError 2] The system cannot find the file specified
2025-10-02 03:00:51,685 - [WinError 2] The system cannot find the file specified
2025-10-02 03:00:56,689 - [WinError 2] The system cannot find the file specified
2025-10-02 03:01:01,685 - [WinError 2] The system cannot find the file specified
2025-10-02 03:01:06,708 - [WinError 2] The system cannot find the file specified
2025-10-02 03:01:11,719 - [WinError 2] The system cannot find the file specified
2025-10-02 03:01:16,721 - [WinError 2] The system cannot find the file specified
2025-10-02 03:01:21,734 - [WinError 2] The system cannot find the file specified
2025-10-02 03:01:26,747 - [WinError 2] The system cannot find the file specified
2025-10-02 03:01:31,755 - [WinError 2] The system cannot find the file specified
2025-10-02 03:01:36,753 - [WinError 2] The system cannot find the file specified
2025-10-02 03:01:41,774 - [WinError 2] The system cannot find the file specified
2025-10-02 03:01:46,765 - [WinError 2] The system cannot find the file specified
2025-10-02 03:01:51,775 - [WinError 2] The system cannot find the file specified
2025-10-02 03:01:56,763 - [WinError 2] The system cannot find the file specified
2025-10-02 03:02:01,767 - [WinError 2] The system cannot find the file specified
2025-10-02 03:02:06,771 - [WinError 2] The system cannot find the file specified
2025-10-02 03:02:11,768 - [WinError 2] The system cannot find the file specified
2025-10-02 03:02:16,793 - [WinError 2] The system cannot find the file specified
2025-10-02 03:02:21,807 - [WinError 2] The system cannot find the file specified
2025-10-02 03:02:26,809 - [WinError 2] The system cannot find the file specified
2025-10-02 03:02:31,794 - [WinError 2] The system cannot find the file specified
2025-10-02 03:02:36,803 - [WinError 2] The system cannot find the file specified
2025-10-02 03:02:41,821 - [WinError 2] The system cannot find the file specified
2025-10-02 03:02:46,815 - [WinError 2] The system cannot find the file specified
2025-10-02 03:02:51,827 - [WinError 2] The system cannot find the file specified
2025-10-02 03:02:56,847 - [WinError 2] The system cannot find the file specified
2025-10-02 03:03:01,853 - [WinError 2] The system cannot find the file specified
2025-10-02 03:03:06,838 - [WinError 2] The system cannot find the file specified
2025-10-02 03:03:11,850 - [WinError 2] The system cannot find the file specified
2025-10-02 03:03:16,846 - [WinError 2] The system cannot find the file specified
2025-10-02 03:03:21,839 - [WinError 2] The system cannot find the file specified
2025-10-02 03:03:26,857 - [WinError 2] The system cannot find the file specified
2025-10-02 03:03:31,855 - [WinError 2] The system cannot find the file specified
2025-10-02 03:03:36,859 - [WinError 2] The system cannot find the file specified
2025-10-02 03:03:41,855 - [WinError 2] The system cannot find the file specified
2025-10-02 03:03:46,880 - [WinError 2] The system cannot find the file specified
2025-10-02 03:03:51,878 - [WinError 2] The system cannot find the file specified
2025-10-02 03:03:56,871 - [WinError 2] The system cannot find the file specified
2025-10-02 03:04:01,872 - [WinError 2] The system cannot find the file specified
2025-10-02 03:04:06,892 - [WinError 2] The system cannot find the file specified
2025-10-02 03:04:11,898 - [WinError 2] The system cannot find the file specified
2025-10-02 03:04:16,893 - [WinError 2] The system cannot find the file specified
2025-10-02 03:04:21,899 - [WinError 2] The system cannot find the file specified
2025-10-02 03:04:26,893 - [WinError 2] The system cannot find the file specified
2025-10-02 03:04:31,907 - [WinError 2] The system cannot find the file specified
2025-10-02 03:04:36,916 - [WinError 2] The system cannot find the file specified
2025-10-02 03:04:41,913 - [WinError 2] The system cannot find the file specified
2025-10-02 03:04:46,905 - [WinError 2] The system cannot find the file specified
2025-10-02 03:04:51,915 - [WinError 2] The system cannot find the file specified
2025-10-02 03:04:56,906 - [WinError 2] The system cannot find the file specified
2025-10-02 03:05:01,920 - [WinError 2] The system cannot find the file specified
2025-10-02 03:05:06,932 - [WinError 2] The system cannot find the file specified
2025-10-02 03:05:11,946 - [WinError 2] The system cannot find the file specified
2025-10-02 03:05:16,958 - [WinError 2] The system cannot find the file specified
2025-10-02 03:05:21,973 - [WinError 2] The system cannot find the file specified
2025-10-02 03:05:26,965 - [WinError 2] The system cannot find the file specified
2025-10-02 03:05:31,985 - [WinError 2] The system cannot find the file specified
2025-10-02 03:05:36,991 - [WinError 2] The system cannot find the file specified
2025-10-02 03:05:42,015 - [WinError 2] The system cannot find the file specified
2025-10-02 03:05:47,002 - [WinError 2] The system cannot find the file specified
2025-10-02 03:05:52,005 - [WinError 2] The system cannot find the file specified
2025-10-02 03:05:57,006 - [WinError 2] The system cannot find the file specified
2025-10-02 03:06:02,009 - [WinError 2] The system cannot find the file specified
2025-10-02 03:06:07,006 - [WinError 2] The system cannot find the file specified
2025-10-02 03:06:12,030 - [WinError 2] The system cannot find the file specified
2025-10-02 03:06:17,019 - [WinError 2] The system cannot find the file specified
2025-10-02 03:06:22,020 - [WinError 2] The system cannot find the file specified
2025-10-02 03:06:27,026 - [WinError 2] The system cannot find the file specified
2025-10-02 03:06:32,032 - [WinError 2] The system cannot find the file specified
2025-10-02 03:06:37,188 - [WinError 2] The system cannot find the file specified
2025-10-02 03:06:42,040 - [WinError 2] The system cannot find the file specified
2025-10-02 03:06:47,032 - [WinError 2] The system cannot find the file specified
2025-10-02 03:06:52,050 - [WinError 2] The system cannot find the file specified
2025-10-02 03:06:57,056 - [WinError 2] The system cannot find the file specified
2025-10-02 03:07:02,066 - [WinError 2] The system cannot find the file specified
2025-10-02 03:07:07,112 - [WinError 2] The system cannot find the file specified
2025-10-02 03:07:12,064 - [WinError 2] The system cannot find the file specified
2025-10-02 03:07:17,068 - [WinError 2] The system cannot find the file specified
2025-10-02 03:07:22,062 - [WinError 2] The system cannot find the file specified
2025-10-02 03:07:27,096 - [WinError 2] The system cannot find the file specified
2025-10-02 03:07:32,073 - [WinError 2] The system cannot find the file specified
2025-10-02 03:07:37,081 - [WinError 2] The system cannot find the file specified
2025-10-02 03:07:42,081 - [WinError 2] The system cannot find the file specified
2025-10-02 03:07:47,083 - [WinError 2] The system cannot find the file specified
2025-10-02 03:07:52,077 - [WinError 2] The system cannot find the file specified
2025-10-02 03:07:57,079 - [WinError 2] The system cannot find the file specified
2025-10-02 03:08:02,094 - [WinError 2] The system cannot find the file specified
2025-10-02 03:08:07,095 - [WinError 2] The system cannot find the file specified
2025-10-02 03:08:12,094 - [WinError 2] The system cannot find the file specified
2025-10-02 03:08:17,089 - [WinError 2] The system cannot find the file specified
2025-10-02 03:08:22,172 - [WinError 2] The system cannot find the file specified
2025-10-02 03:08:27,132 - [WinError 2] The system cannot find the file specified
2025-10-02 03:08:32,132 - [WinError 2] The system cannot find the file specified
2025-10-02 03:08:37,129 - [WinError 2] The system cannot find the file specified
2025-10-02 03:08:42,148 - [WinError 2] The system cannot find the file specified
2025-10-02 03:08:47,142 - [WinError 2] The system cannot find the file specified
2025-10-02 03:08:52,145 - [WinError 2] The system cannot find the file specified
2025-10-02 03:08:57,137 - [WinError 2] The system cannot find the file specified
2025-10-02 03:09:02,197 - [WinError 2] The system cannot find the file specified
2025-10-02 03:09:07,144 - [WinError 2] The system cannot find the file specified
2025-10-02 03:09:12,142 - [WinError 2] The system cannot find the file specified
2025-10-02 03:09:17,158 - [WinError 2] The system cannot find the file specified
2025-10-02 03:09:22,144 - [WinError 2] The system cannot find the file specified
2025-10-02 03:09:27,193 - [WinError 2] The system cannot find the file specified
2025-10-02 03:09:32,143 - [WinError 2] The system cannot find the file specified
2025-10-02 03:09:37,147 - [WinError 2] The system cannot find the file specified
2025-10-02 03:09:42,148 - [WinError 2] The system cannot find the file specified
2025-10-02 03:09:47,147 - [WinError 2] The system cannot find the file specified
2025-10-02 03:09:52,142 - [WinError 2] The system cannot find the file specified
2025-10-02 03:09:57,139 - [WinError 2] The system cannot find the file specified
2025-10-02 03:10:02,149 - [WinError 2] The system cannot find the file specified
2025-10-02 03:10:07,136 - [WinError 2] The system cannot find the file specified
2025-10-02 03:10:12,150 - [WinError 2] The system cannot find the file specified
2025-10-02 03:10:17,151 - [WinError 2] The system cannot find the file specified
2025-10-02 03:10:22,144 - [WinError 2] The system cannot find the file specified
2025-10-02 03:10:27,144 - [WinError 2] The system cannot find the file specified
2025-10-02 03:10:32,156 - [WinError 2] The system cannot find the file specified
2025-10-02 03:10:37,149 - [WinError 2] The system cannot find the file specified
2025-10-02 03:10:42,139 - [WinError 2] The system cannot find the file specified
2025-10-02 03:10:47,151 - [WinError 2] The system cannot find the file specified
2025-10-02 03:10:52,140 - [WinError 2] The system cannot find the file specified
2025-10-02 03:10:57,143 - [WinError 2] The system cannot find the file specified
2025-10-02 03:11:02,155 - [WinError 2] The system cannot find the file specified
2025-10-02 03:11:07,152 - [WinError 2] The system cannot find the file specified
2025-10-02 03:11:12,258 - [WinError 2] The system cannot find the file specified
2025-10-02 03:11:17,171 - [WinError 2] The system cannot find the file specified
2025-10-02 03:11:44,259 - [WinError 2] The system cannot find the file specified
2025-10-02 03:11:49,259 - [WinError 2] The system cannot find the file specified
2025-10-02 03:11:55,516 - ❌ Could not connect: [WinError 10061] No connection could be made because the target machine actively refused it
2025-10-02 03:11:55,523 - [WinError 2] The system cannot find the file specified
2025-10-02 03:11:59,267 - [WinError 2] The system cannot find the file specified
2025-10-02 03:12:04,276 - [WinError 2] The system cannot find the file specified
2025-10-02 03:12:09,261 - [WinError 2] The system cannot find the file specified
2025-10-02 03:12:14,268 - [WinError 2] The system cannot find the file specified
2025-10-02 03:12:19,278 - [WinError 2] The system cannot find the file specified
2025-10-02 03:12:24,280 - [WinError 2] The system cannot find the file specified
2025-10-02 03:12:29,271 - [WinError 2] The system cannot find the file specified
2025-10-02 03:12:34,277 - [WinError 2] The system cannot find the file specified
2025-10-02 03:12:39,274 - [WinError 2] The system cannot find the file specified
2025-10-02 03:12:44,277 - [WinError 2] The system cannot find the file specified
2025-10-02 03:12:46,187 - 🛑 Server stopped.
2025-10-02 03:12:49,275 - [WinError 2] The system cannot find the file specified
2025-10-02 03:12:52,964 - ✅ Connected to MT4PredictServer.
2025-10-02 03:12:54,279 - [WinError 2] The system cannot find the file specified
2025-10-02 03:12:59,277 - [WinError 2] The system cannot find the file specified
2025-10-02 03:13:04,281 - [WinError 2] The system cannot find the file specified
2025-10-02 03:13:09,283 - [WinError 2] The system cannot find the file specified
2025-10-02 03:13:14,282 - [WinError 2] The system cannot find the file specified
2025-10-02 03:13:19,302 - [WinError 2] The system cannot find the file specified
2025-10-02 03:13:24,318 - [WinError 2] The system cannot find the file specified
2025-10-02 03:13:29,308 - [WinError 2] The system cannot find the file specified
2025-10-02 03:13:34,309 - [WinError 2] The system cannot find the file specified
2025-10-02 03:13:39,308 - [WinError 2] The system cannot find the file specified
2025-10-02 03:13:44,311 - [WinError 2] The system cannot find the file specified
2025-10-02 03:13:49,314 - [WinError 2] The system cannot find the file specified
2025-10-02 03:13:54,313 - [WinError 2] The system cannot find the file specified
2025-10-02 03:13:59,315 - [WinError 2] The system cannot find the file specified
2025-10-02 03:14:04,313 - [WinError 2] The system cannot find the file specified
2025-10-02 03:14:09,306 - [WinError 2] The system cannot find the file specified
2025-10-02 03:14:14,305 - [WinError 2] The system cannot find the file specified
2025-10-02 03:14:19,318 - [WinError 2] The system cannot find the file specified
2025-10-02 03:14:24,311 - [WinError 2] The system cannot find the file specified
2025-10-02 03:14:29,324 - [WinError 2] The system cannot find the file specified
2025-10-02 03:14:34,336 - [WinError 2] The system cannot find the file specified
2025-10-02 03:14:39,351 - [WinError 2] The system cannot find the file specified
2025-10-02 03:14:44,342 - [WinError 2] The system cannot find the file specified
2025-10-02 03:14:49,355 - [WinError 2] The system cannot find the file specified
2025-10-02 03:14:54,344 - [WinError 2] The system cannot find the file specified
2025-10-02 03:14:59,349 - [WinError 2] The system cannot find the file specified
2025-10-02 03:15:04,348 - [WinError 2] The system cannot find the file specified
2025-10-02 03:15:09,353 - [WinError 2] The system cannot find the file specified
2025-10-02 03:15:14,356 - [WinError 2] The system cannot find the file specified
2025-10-02 03:15:19,363 - [WinError 2] The system cannot find the file specified
2025-10-02 03:15:24,356 - [WinError 2] The system cannot find the file specified
2025-10-02 03:15:29,373 - [WinError 2] The system cannot find the file specified
2025-10-02 03:15:34,361 - [WinError 2] The system cannot find the file specified
2025-10-02 03:15:39,355 - [WinError 2] The system cannot find the file specified
2025-10-02 03:15:44,359 - [WinError 2] The system cannot find the file specified
2025-10-02 03:15:49,375 - [WinError 2] The system cannot find the file specified
2025-10-02 03:15:54,377 - [WinError 2] The system cannot find the file specified
2025-10-02 03:15:59,387 - [WinError 2] The system cannot find the file specified
2025-10-02 03:16:04,393 - [WinError 2] The system cannot find the file specified
2025-10-02 03:16:09,393 - [WinError 2] The system cannot find the file specified
2025-10-02 03:16:14,387 - [WinError 2] The system cannot find the file specified
2025-10-02 03:16:19,388 - [WinError 2] The system cannot find the file specified
2025-10-02 03:16:24,394 - [WinError 2] The system cannot find the file specified
2025-10-02 03:16:29,390 - [WinError 2] The system cannot find the file specified
2025-10-02 03:16:34,390 - [WinError 2] The system cannot find the file specified
2025-10-02 03:16:39,403 - [WinError 2] The system cannot find the file specified
2025-10-02 03:16:44,423 - [WinError 2] The system cannot find the file specified
2025-10-02 03:16:49,416 - [WinError 2] The system cannot find the file specified
2025-10-02 03:16:54,425 - [WinError 2] The system cannot find the file specified
2025-10-02 03:16:59,438 - [WinError 2] The system cannot find the file specified
2025-10-02 03:17:04,435 - [WinError 2] The system cannot find the file specified
2025-10-02 03:17:09,439 - [WinError 2] The system cannot find the file specified
2025-10-02 03:17:14,441 - [WinError 2] The system cannot find the file specified
2025-10-02 03:17:19,439 - [WinError 2] The system cannot find the file specified
2025-10-02 03:17:24,440 - [WinError 2] The system cannot find the file specified
2025-10-02 03:17:29,436 - [WinError 2] The system cannot find the file specified
2025-10-02 03:17:34,444 - [WinError 2] The system cannot find the file specified
2025-10-02 03:17:39,448 - [WinError 2] The system cannot find the file specified
2025-10-02 03:17:44,441 - [WinError 2] The system cannot find the file specified
2025-10-02 03:17:49,431 - [WinError 2] The system cannot find the file specified
2025-10-02 03:17:54,440 - [WinError 2] The system cannot find the file specified
2025-10-02 03:17:59,436 - [WinError 2] The system cannot find the file specified
2025-10-02 03:18:04,441 - [WinError 2] The system cannot find the file specified
2025-10-02 03:18:09,435 - [WinError 2] The system cannot find the file specified
2025-10-02 03:18:14,432 - [WinError 2] The system cannot find the file specified
2025-10-02 03:18:19,438 - [WinError 2] The system cannot find the file specified
2025-10-02 03:18:24,446 - [WinError 2] The system cannot find the file specified
2025-10-02 03:18:29,447 - [WinError 2] The system cannot find the file specified
2025-10-02 03:18:34,443 - [WinError 2] The system cannot find the file specified
2025-10-02 03:18:39,438 - [WinError 2] The system cannot find the file specified
2025-10-02 03:18:44,440 - [WinError 2] The system cannot find the file specified
2025-10-02 03:18:49,445 - [WinError 2] The system cannot find the file specified
2025-10-02 03:18:54,437 - [WinError 2] The system cannot find the file specified
2025-10-02 03:18:59,449 - [WinError 2] The system cannot find the file specified
2025-10-02 03:19:04,476 - [WinError 2] The system cannot find the file specified
2025-10-02 03:19:09,478 - [WinError 2] The system cannot find the file specified
2025-10-02 03:19:14,483 - [WinError 2] The system cannot find the file specified
2025-10-02 03:19:19,480 - [WinError 2] The system cannot find the file specified
2025-10-02 03:19:24,490 - [WinError 2] The system cannot find the file specified
2025-10-02 03:19:29,499 - [WinError 2] The system cannot find the file specified
2025-10-02 03:19:34,483 - [WinError 2] The system cannot find the file specified
2025-10-02 03:19:39,494 - [WinError 2] The system cannot find the file specified
2025-10-02 03:19:44,501 - [WinError 2] The system cannot find the file specified
2025-10-02 03:19:49,500 - [WinError 2] The system cannot find the file specified
2025-10-02 03:19:54,505 - [WinError 2] The system cannot find the file specified
2025-10-02 03:19:59,497 - [WinError 2] The system cannot find the file specified
2025-10-02 03:20:04,511 - [WinError 2] The system cannot find the file specified
2025-10-02 03:20:09,526 - [WinError 2] The system cannot find the file specified
2025-10-02 03:20:14,547 - [WinError 2] The system cannot find the file specified
2025-10-02 03:20:19,528 - [WinError 2] The system cannot find the file specified
2025-10-02 03:20:24,529 - [WinError 2] The system cannot find the file specified
2025-10-02 03:20:29,536 - [WinError 2] The system cannot find the file specified
2025-10-02 03:20:34,535 - [WinError 2] The system cannot find the file specified
2025-10-02 03:20:39,555 - [WinError 2] The system cannot find the file specified
2025-10-02 03:20:44,563 - [WinError 2] The system cannot find the file specified
2025-10-02 03:20:49,572 - [WinError 2] The system cannot find the file specified
2025-10-02 03:20:54,572 - [WinError 2] The system cannot find the file specified
2025-10-02 03:20:59,559 - [WinError 2] The system cannot find the file specified
2025-10-02 03:21:04,567 - [WinError 2] The system cannot find the file specified
2025-10-02 03:21:09,568 - [WinError 2] The system cannot find the file specified
2025-10-02 03:21:14,569 - [WinError 2] The system cannot find the file specified
2025-10-02 03:21:19,561 - [WinError 2] The system cannot find the file specified
2025-10-02 03:21:24,569 - [WinError 2] The system cannot find the file specified
2025-10-02 03:21:29,571 - [WinError 2] The system cannot find the file specified
2025-10-02 03:21:34,578 - [WinError 2] The system cannot find the file specified
2025-10-02 03:21:39,577 - [WinError 2] The system cannot find the file specified
2025-10-02 03:21:44,577 - [WinError 2] The system cannot find the file specified
2025-10-02 03:21:49,582 - [WinError 2] The system cannot find the file specified
2025-10-02 03:21:54,596 - [WinError 2] The system cannot find the file specified
2025-10-02 03:21:59,578 - [WinError 2] The system cannot find the file specified
2025-10-02 03:22:04,587 - [WinError 2] The system cannot find the file specified
2025-10-02 03:22:09,591 - [WinError 2] The system cannot find the file specified
2025-10-02 03:22:14,589 - [WinError 2] The system cannot find the file specified
2025-10-02 03:22:19,599 - [WinError 2] The system cannot find the file specified
2025-10-02 03:22:24,589 - [WinError 2] The system cannot find the file specified
2025-10-02 03:22:29,608 - [WinError 2] The system cannot find the file specified
2025-10-02 03:22:34,603 - [WinError 2] The system cannot find the file specified
2025-10-02 03:22:39,605 - [WinError 2] The system cannot find the file specified
2025-10-02 03:22:44,592 - [WinError 2] The system cannot find the file specified
2025-10-02 03:22:49,602 - [WinError 2] The system cannot find the file specified
2025-10-02 03:22:54,607 - [WinError 2] The system cannot find the file specified
2025-10-02 03:22:59,603 - [WinError 2] The system cannot find the file specified
2025-10-02 03:23:04,593 - [WinError 2] The system cannot find the file specified
2025-10-02 03:23:09,594 - [WinError 2] The system cannot find the file specified
2025-10-02 03:23:58,310 - [WinError 2] The system cannot find the file specified
2025-10-02 03:24:01,737 - ❌ Could not connect: [WinError 10061] No connection could be made because the target machine actively refused it
2025-10-02 03:24:03,312 - [WinError 2] The system cannot find the file specified
2025-10-02 03:24:08,315 - [WinError 2] The system cannot find the file specified
2025-10-02 03:24:13,319 - [WinError 2] The system cannot find the file specified
2025-10-02 03:24:18,307 - [WinError 2] The system cannot find the file specified
2025-10-02 03:24:23,325 - [WinError 2] The system cannot find the file specified
2025-10-02 03:24:28,335 - [WinError 2] The system cannot find the file specified
2025-10-02 03:24:33,336 - [WinError 2] The system cannot find the file specified
2025-10-02 03:24:38,360 - [WinError 2] The system cannot find the file specified
2025-10-02 03:24:43,349 - [WinError 2] The system cannot find the file specified
2025-10-02 03:24:48,349 - [WinError 2] The system cannot find the file specified
2025-10-02 03:24:53,352 - [WinError 2] The system cannot find the file specified
2025-10-02 03:24:58,348 - [WinError 2] The system cannot find the file specified
2025-10-02 03:25:03,352 - [WinError 2] The system cannot find the file specified
2025-10-02 03:25:08,339 - [WinError 2] The system cannot find the file specified
2025-10-02 03:25:13,350 - [WinError 2] The system cannot find the file specified
2025-10-02 03:25:18,352 - [WinError 2] The system cannot find the file specified
2025-10-02 03:25:23,351 - [WinError 2] The system cannot find the file specified
2025-10-02 03:25:28,357 - [WinError 2] The system cannot find the file specified
2025-10-02 03:25:33,351 - [WinError 2] The system cannot find the file specified
2025-10-02 03:25:38,345 - [WinError 2] The system cannot find the file specified
2025-10-02 03:25:43,351 - [WinError 2] The system cannot find the file specified
2025-10-02 03:25:48,338 - [WinError 2] The system cannot find the file specified
2025-10-02 03:25:53,339 - [WinError 2] The system cannot find the file specified
2025-10-02 03:25:58,355 - [WinError 2] The system cannot find the file specified
2025-10-02 03:26:03,365 - [WinError 2] The system cannot find the file specified
2025-10-02 03:26:08,368 - [WinError 2] The system cannot find the file specified
2025-10-02 03:26:13,353 - [WinError 2] The system cannot find the file specified
2025-10-02 03:26:18,360 - [WinError 2] The system cannot find the file specified
2025-10-02 03:26:23,369 - [WinError 2] The system cannot find the file specified
2025-10-02 03:26:28,393 - [WinError 2] The system cannot find the file specified
2025-10-02 03:26:33,386 - [WinError 2] The system cannot find the file specified
2025-10-02 03:26:38,390 - [WinError 2] The system cannot find the file specified
2025-10-02 03:26:43,396 - [WinError 2] The system cannot find the file specified
2025-10-02 03:26:48,408 - [WinError 2] The system cannot find the file specified
2025-10-02 03:26:53,404 - [WinError 2] The system cannot find the file specified
2025-10-02 03:26:58,417 - [WinError 2] The system cannot find the file specified
2025-10-02 03:27:03,419 - [WinError 2] The system cannot find the file specified
2025-10-02 03:27:08,434 - [WinError 2] The system cannot find the file specified
2025-10-02 03:27:13,418 - [WinError 2] The system cannot find the file specified
2025-10-02 03:27:18,440 - [WinError 2] The system cannot find the file specified
2025-10-02 03:27:23,447 - [WinError 2] The system cannot find the file specified
2025-10-02 03:27:28,437 - [WinError 2] The system cannot find the file specified
2025-10-02 03:27:33,435 - [WinError 2] The system cannot find the file specified
2025-10-02 03:27:38,448 - [WinError 2] The system cannot find the file specified
2025-10-02 03:27:43,475 - [WinError 2] The system cannot find the file specified
2025-10-02 03:27:48,477 - [WinError 2] The system cannot find the file specified
2025-10-02 03:27:53,465 - [WinError 2] The system cannot find the file specified
2025-10-02 03:27:58,494 - [WinError 2] The system cannot find the file specified
2025-10-02 03:28:03,474 - [WinError 2] The system cannot find the file specified
2025-10-02 03:28:08,478 - [WinError 2] The system cannot find the file specified
2025-10-02 03:28:13,467 - [WinError 2] The system cannot find the file specified
2025-10-02 03:28:18,472 - [WinError 2] The system cannot find the file specified
2025-10-02 03:28:23,470 - [WinError 2] The system cannot find the file specified
2025-10-02 03:28:28,479 - [WinError 2] The system cannot find the file specified
2025-10-02 03:28:33,484 - [WinError 2] The system cannot find the file specified
2025-10-02 03:28:38,472 - [WinError 2] The system cannot find the file specified
2025-10-02 03:28:43,468 - [WinError 2] The system cannot find the file specified
2025-10-02 03:28:48,473 - [WinError 2] The system cannot find the file specified
2025-10-02 03:28:53,480 - [WinError 2] The system cannot find the file specified
2025-10-02 03:28:58,479 - [WinError 2] The system cannot find the file specified
2025-10-02 03:29:03,486 - [WinError 2] The system cannot find the file specified
2025-10-02 03:29:08,491 - [WinError 2] The system cannot find the file specified
2025-10-02 03:29:13,492 - [WinError 2] The system cannot find the file specified
2025-10-02 03:29:18,481 - [WinError 2] The system cannot find the file specified
2025-10-02 03:29:23,504 - [WinError 2] The system cannot find the file specified
2025-10-02 03:29:28,506 - [WinError 2] The system cannot find the file specified
2025-10-02 03:29:33,501 - [WinError 2] The system cannot find the file specified
2025-10-02 03:29:38,499 - [WinError 2] The system cannot find the file specified
2025-10-02 03:29:43,504 - [WinError 2] The system cannot find the file specified
2025-10-02 03:29:48,509 - [WinError 2] The system cannot find the file specified
2025-10-02 03:29:53,572 - [WinError 2] The system cannot find the file specified
2025-10-02 03:29:58,532 - [WinError 2] The system cannot find the file specified
2025-10-02 03:30:03,510 - [WinError 2] The system cannot find the file specified
2025-10-02 03:30:41,047 - ❌ Could not connect: [WinError 10061] No connection could be made because the target machine actively refused it
2025-10-02 03:30:41,073 - [WinError 2] The system cannot find the file specified
2025-10-02 03:30:44,130 - [WinError 2] The system cannot find the file specified
2025-10-02 03:30:49,145 - [WinError 2] The system cannot find the file specified
2025-10-02 03:30:54,137 - [WinError 2] The system cannot find the file specified
2025-10-02 03:30:59,138 - [WinError 2] The system cannot find the file specified
2025-10-02 03:31:04,143 - [WinError 2] The system cannot find the file specified
2025-10-02 03:31:09,144 - [WinError 2] The system cannot find the file specified
2025-10-02 03:31:14,139 - [WinError 2] The system cannot find the file specified
2025-10-02 03:31:19,144 - [WinError 2] The system cannot find the file specified
2025-10-02 03:31:24,148 - [WinError 2] The system cannot find the file specified
2025-10-02 03:31:29,158 - [WinError 2] The system cannot find the file specified
2025-10-02 03:31:34,168 - [WinError 2] The system cannot find the file specified
2025-10-02 03:31:39,188 - [WinError 2] The system cannot find the file specified
2025-10-02 03:31:44,186 - [WinError 2] The system cannot find the file specified
2025-10-02 03:31:49,185 - [WinError 2] The system cannot find the file specified
2025-10-02 03:31:54,190 - [WinError 2] The system cannot find the file specified
2025-10-02 03:31:59,187 - [WinError 2] The system cannot find the file specified
2025-10-02 03:32:04,212 - [WinError 2] The system cannot find the file specified
2025-10-02 03:32:09,267 - [WinError 2] The system cannot find the file specified
2025-10-02 03:32:14,236 - [WinError 2] The system cannot find the file specified
2025-10-02 03:32:19,255 - [WinError 2] The system cannot find the file specified
2025-10-02 03:32:24,268 - [WinError 2] The system cannot find the file specified
2025-10-02 03:32:29,268 - [WinError 2] The system cannot find the file specified
2025-10-02 03:32:34,264 - [WinError 2] The system cannot find the file specified
2025-10-02 03:32:39,276 - [WinError 2] The system cannot find the file specified
2025-10-02 03:32:44,274 - [WinError 2] The system cannot find the file specified
2025-10-02 03:32:49,274 - [WinError 2] The system cannot find the file specified
2025-10-02 03:32:54,271 - [WinError 2] The system cannot find the file specified
2025-10-02 03:32:59,263 - [WinError 2] The system cannot find the file specified
2025-10-02 03:33:04,288 - [WinError 2] The system cannot find the file specified
2025-10-02 03:33:09,290 - [WinError 2] The system cannot find the file specified
2025-10-02 03:33:14,292 - [WinError 2] The system cannot find the file specified
2025-10-02 03:33:19,295 - [WinError 2] The system cannot find the file specified
2025-10-02 03:33:24,301 - [WinError 2] The system cannot find the file specified
2025-10-02 03:33:29,301 - [WinError 2] The system cannot find the file specified
2025-10-02 03:33:34,312 - [WinError 2] The system cannot find the file specified
2025-10-02 03:33:39,322 - [WinError 2] The system cannot find the file specified
2025-10-02 03:33:44,324 - [WinError 2] The system cannot find the file specified
2025-10-02 03:33:49,320 - [WinError 2] The system cannot find the file specified
2025-10-02 03:33:54,313 - [WinError 2] The system cannot find the file specified
2025-10-02 03:33:59,311 - [WinError 2] The system cannot find the file specified
2025-10-02 03:34:04,330 - [WinError 2] The system cannot find the file specified
2025-10-02 03:34:09,328 - [WinError 2] The system cannot find the file specified
2025-10-02 03:34:14,325 - [WinError 2] The system cannot find the file specified
2025-10-02 03:34:19,348 - [WinError 2] The system cannot find the file specified
2025-10-02 03:34:24,338 - [WinError 2] The system cannot find the file specified
2025-10-02 03:34:29,351 - [WinError 2] The system cannot find the file specified
2025-10-02 03:34:34,353 - [WinError 2] The system cannot find the file specified
2025-10-02 03:34:39,346 - [WinError 2] The system cannot find the file specified
2025-10-02 03:34:44,352 - [WinError 2] The system cannot find the file specified
2025-10-02 03:34:49,367 - [WinError 2] The system cannot find the file specified
2025-10-02 03:34:54,391 - [WinError 2] The system cannot find the file specified
2025-10-02 03:34:59,388 - [WinError 2] The system cannot find the file specified
2025-10-02 03:35:04,399 - [WinError 2] The system cannot find the file specified
2025-10-02 03:35:09,394 - [WinError 2] The system cannot find the file specified
2025-10-02 03:35:14,387 - [WinError 2] The system cannot find the file specified
2025-10-02 03:35:19,404 - [WinError 2] The system cannot find the file specified
2025-10-02 03:35:24,409 - [WinError 2] The system cannot find the file specified
2025-10-02 03:35:29,521 - [WinError 2] The system cannot find the file specified
2025-10-02 03:35:34,434 - [WinError 2] The system cannot find the file specified
2025-10-02 03:35:39,441 - [WinError 2] The system cannot find the file specified
2025-10-02 03:35:44,442 - [WinError 2] The system cannot find the file specified
2025-10-02 03:35:49,437 - [WinError 2] The system cannot find the file specified
2025-10-02 03:35:54,447 - [WinError 2] The system cannot find the file specified
2025-10-02 03:35:59,432 - [WinError 2] The system cannot find the file specified
2025-10-02 03:36:04,447 - [WinError 2] The system cannot find the file specified
2025-10-02 03:36:09,441 - [WinError 2] The system cannot find the file specified
2025-10-02 03:36:14,440 - [WinError 2] The system cannot find the file specified
2025-10-02 03:36:19,439 - [WinError 2] The system cannot find the file specified
2025-10-02 03:36:24,526 - [WinError 2] The system cannot find the file specified
2025-10-02 03:36:29,456 - [WinError 2] The system cannot find the file specified
2025-10-02 03:36:34,473 - [WinError 2] The system cannot find the file specified
2025-10-02 03:36:39,481 - [WinError 2] The system cannot find the file specified
2025-10-02 03:36:44,498 - [WinError 2] The system cannot find the file specified
2025-10-02 03:36:49,495 - [WinError 2] The system cannot find the file specified
2025-10-02 03:36:54,500 - [WinError 2] The system cannot find the file specified
2025-10-02 03:36:59,515 - [WinError 2] The system cannot find the file specified
2025-10-02 03:37:04,521 - [WinError 2] The system cannot find the file specified
2025-10-02 03:37:09,523 - [WinError 2] The system cannot find the file specified
2025-10-02 03:37:14,525 - [WinError 2] The system cannot find the file specified
2025-10-02 03:37:19,547 - [WinError 2] The system cannot find the file specified
2025-10-02 03:37:24,556 - [WinError 2] The system cannot find the file specified
2025-10-02 03:37:29,546 - [WinError 2] The system cannot find the file specified
2025-10-02 03:37:34,542 - [WinError 2] The system cannot find the file specified
2025-10-02 03:37:39,543 - [WinError 2] The system cannot find the file specified
2025-10-02 03:37:44,556 - [WinError 2] The system cannot find the file specified
2025-10-02 03:37:49,564 - [WinError 2] The system cannot find the file specified
2025-10-02 03:37:54,562 - [WinError 2] The system cannot find the file specified
2025-10-02 03:37:59,567 - [WinError 2] The system cannot find the file specified
2025-10-02 03:38:04,567 - [WinError 2] The system cannot find the file specified
2025-10-02 03:38:32,557 - [WinError 2] The system cannot find the file specified
2025-10-02 03:41:48,341 - [WinError 2] The system cannot find the file specified
2025-10-02 03:41:50,527 - ❌ Could not connect: [WinError 10061] No connection could be made because the target machine actively refused it
2025-10-02 03:41:53,341 - [WinError 2] The system cannot find the file specified
2025-10-02 03:41:58,351 - [WinError 2] The system cannot find the file specified
2025-10-02 03:42:03,344 - [WinError 2] The system cannot find the file specified
2025-10-02 03:42:08,352 - [WinError 2] The system cannot find the file specified
2025-10-02 03:42:13,349 - [WinError 2] The system cannot find the file specified
2025-10-02 03:42:18,359 - [WinError 2] The system cannot find the file specified
2025-10-02 03:42:23,354 - [WinError 2] The system cannot find the file specified
2025-10-02 03:42:28,354 - [WinError 2] The system cannot find the file specified
2025-10-02 03:42:33,352 - [WinError 2] The system cannot find the file specified
2025-10-02 03:42:38,348 - [WinError 2] The system cannot find the file specified
2025-10-02 03:42:43,373 - [WinError 2] The system cannot find the file specified
2025-10-02 03:42:48,386 - [WinError 2] The system cannot find the file specified
2025-10-02 03:42:53,381 - [WinError 2] The system cannot find the file specified
2025-10-02 03:42:58,390 - [WinError 2] The system cannot find the file specified
2025-10-02 03:43:03,400 - [WinError 2] The system cannot find the file specified
2025-10-02 03:43:08,397 - [WinError 2] The system cannot find the file specified
2025-10-02 03:43:13,401 - [WinError 2] The system cannot find the file specified
2025-10-02 03:43:18,400 - [WinError 2] The system cannot find the file specified
2025-10-02 03:43:23,402 - [WinError 2] The system cannot find the file specified
2025-10-02 03:43:28,402 - [WinError 2] The system cannot find the file specified
2025-10-02 03:43:33,391 - [WinError 2] The system cannot find the file specified
2025-10-02 03:43:38,385 - [WinError 2] The system cannot find the file specified
2025-10-02 03:43:43,394 - [WinError 2] The system cannot find the file specified
2025-10-02 03:43:48,397 - [WinError 2] The system cannot find the file specified
2025-10-02 03:43:53,403 - [WinError 2] The system cannot find the file specified
2025-10-02 03:43:58,407 - [WinError 2] The system cannot find the file specified
2025-10-02 03:44:03,393 - [WinError 2] The system cannot find the file specified
2025-10-02 03:44:08,402 - [WinError 2] The system cannot find the file specified
2025-10-02 03:44:13,392 - [WinError 2] The system cannot find the file specified
2025-10-02 03:44:18,399 - [WinError 2] The system cannot find the file specified
2025-10-02 03:44:23,401 - [WinError 2] The system cannot find the file specified
2025-10-02 03:44:28,413 - [WinError 2] The system cannot find the file specified
2025-10-02 03:44:33,413 - [WinError 2] The system cannot find the file specified
2025-10-02 03:44:38,432 - [WinError 2] The system cannot find the file specified
2025-10-02 03:44:43,418 - [WinError 2] The system cannot find the file specified
2025-10-02 03:44:48,441 - [WinError 2] The system cannot find the file specified
2025-10-02 03:44:53,433 - [WinError 2] The system cannot find the file specified
2025-10-02 03:44:58,456 - [WinError 2] The system cannot find the file specified
2025-10-02 03:45:03,455 - [WinError 2] The system cannot find the file specified
2025-10-02 03:45:08,443 - [WinError 2] The system cannot find the file specified
2025-10-02 03:45:13,440 - [WinError 2] The system cannot find the file specified
2025-10-02 03:45:18,440 - [WinError 2] The system cannot find the file specified
2025-10-02 03:45:23,450 - [WinError 2] The system cannot find the file specified
2025-10-02 03:45:28,463 - [WinError 2] The system cannot find the file specified
2025-10-02 03:45:33,455 - [WinError 2] The system cannot find the file specified
2025-10-02 03:45:38,470 - [WinError 2] The system cannot find the file specified
2025-10-02 03:45:43,467 - [WinError 2] The system cannot find the file specified
2025-10-02 03:45:48,487 - [WinError 2] The system cannot find the file specified
2025-10-02 03:45:53,500 - [WinError 2] The system cannot find the file specified
2025-10-02 03:46:05,352 - [WinError 2] The system cannot find the file specified
2025-10-02 03:46:08,514 - [WinError 2] The system cannot find the file specified
2025-10-02 03:46:13,523 - [WinError 2] The system cannot find the file specified
2025-10-02 03:46:18,521 - [WinError 2] The system cannot find the file specified
2025-10-02 03:46:23,523 - [WinError 2] The system cannot find the file specified
2025-10-02 03:46:28,529 - [WinError 2] The system cannot find the file specified
2025-10-02 03:46:33,527 - [WinError 2] The system cannot find the file specified
2025-10-02 03:46:38,522 - [WinError 2] The system cannot find the file specified
2025-10-02 03:46:43,525 - [WinError 2] The system cannot find the file specified
2025-10-02 03:46:48,525 - [WinError 2] The system cannot find the file specified
2025-10-02 03:46:53,526 - [WinError 2] The system cannot find the file specified
2025-10-02 03:46:58,538 - [WinError 2] The system cannot find the file specified
2025-10-02 03:47:03,547 - [WinError 2] The system cannot find the file specified
2025-10-02 03:47:08,581 - [WinError 2] The system cannot find the file specified
2025-10-02 03:47:13,571 - [WinError 2] The system cannot find the file specified
2025-10-02 03:47:18,562 - [WinError 2] The system cannot find the file specified
2025-10-02 03:47:23,573 - [WinError 2] The system cannot find the file specified
2025-10-02 03:47:28,560 - [WinError 2] The system cannot find the file specified
2025-10-02 03:47:33,561 - [WinError 2] The system cannot find the file specified
2025-10-02 03:47:38,579 - [WinError 2] The system cannot find the file specified
2025-10-02 03:47:41,577 - 🛑 Server stopped.
2025-10-02 03:47:43,579 - [WinError 2] The system cannot find the file specified
2025-10-02 03:47:48,594 - [WinError 2] The system cannot find the file specified
2025-10-02 03:55:56,167 - [WinError 2] The system cannot find the file specified
2025-10-02 03:56:00,610 - ❌ Could not connect: [WinError 10061] No connection could be made because the target machine actively refused it
2025-10-02 03:56:01,167 - [WinError 2] The system cannot find the file specified
2025-10-02 03:56:06,167 - [WinError 2] The system cannot find the file specified
2025-10-02 03:56:11,172 - [WinError 2] The system cannot find the file specified
2025-10-02 03:56:16,167 - [WinError 2] The system cannot find the file specified
2025-10-02 03:56:21,174 - [WinError 2] The system cannot find the file specified
2025-10-02 03:56:26,180 - [WinError 2] The system cannot find the file specified
2025-10-02 03:56:31,171 - [WinError 2] The system cannot find the file specified
2025-10-02 03:56:36,169 - [WinError 2] The system cannot find the file specified
2025-10-02 03:56:41,184 - [WinError 2] The system cannot find the file specified
2025-10-02 03:56:46,193 - [WinError 2] The system cannot find the file specified
2025-10-02 03:56:51,184 - [WinError 2] The system cannot find the file specified
2025-10-02 03:56:56,183 - [WinError 2] The system cannot find the file specified
2025-10-02 03:57:01,191 - [WinError 2] The system cannot find the file specified
2025-10-02 03:57:06,194 - [WinError 2] The system cannot find the file specified
2025-10-02 03:57:11,183 - [WinError 2] The system cannot find the file specified
2025-10-02 03:57:16,187 - [WinError 2] The system cannot find the file specified
2025-10-02 03:57:21,195 - [WinError 2] The system cannot find the file specified
2025-10-02 03:57:26,197 - [WinError 2] The system cannot find the file specified
2025-10-02 03:57:31,189 - [WinError 2] The system cannot find the file specified
2025-10-02 03:57:36,189 - [WinError 2] The system cannot find the file specified
2025-10-02 03:57:41,186 - [WinError 2] The system cannot find the file specified
2025-10-02 03:57:46,230 - [WinError 2] The system cannot find the file specified
2025-10-02 03:57:51,191 - [WinError 2] The system cannot find the file specified
2025-10-02 03:57:56,186 - [WinError 2] The system cannot find the file specified
2025-10-02 03:58:01,196 - [WinError 2] The system cannot find the file specified
2025-10-02 03:58:06,195 - [WinError 2] The system cannot find the file specified
2025-10-02 03:58:11,196 - [WinError 2] The system cannot find the file specified
2025-10-02 03:58:16,201 - [WinError 2] The system cannot find the file specified
2025-10-02 03:58:21,194 - [WinError 2] The system cannot find the file specified
2025-10-02 03:58:26,191 - [WinError 2] The system cannot find the file specified
2025-10-02 03:58:31,209 - [WinError 2] The system cannot find the file specified
2025-10-02 03:58:36,210 - [WinError 2] The system cannot find the file specified
2025-10-02 03:58:41,212 - [WinError 2] The system cannot find the file specified
2025-10-02 03:58:46,212 - [WinError 2] The system cannot find the file specified
2025-10-02 03:58:51,216 - [WinError 2] The system cannot find the file specified
2025-10-02 03:58:56,221 - [WinError 2] The system cannot find the file specified
2025-10-02 03:59:01,238 - [WinError 2] The system cannot find the file specified
2025-10-02 03:59:18,342 - ❌ Could not connect: [WinError 10061] No connection could be made because the target machine actively refused it
2025-10-02 03:59:18,353 - [WinError 2] The system cannot find the file specified
2025-10-02 03:59:21,362 - [WinError 2] The system cannot find the file specified
2025-10-02 03:59:26,369 - [WinError 2] The system cannot find the file specified
2025-10-02 03:59:31,372 - [WinError 2] The system cannot find the file specified
2025-10-02 03:59:36,371 - [WinError 2] The system cannot find the file specified
2025-10-02 03:59:51,053 - [WinError 2] The system cannot find the file specified
2025-10-02 03:59:53,310 - ✅ Connected to MT4PredictServer.
2025-10-02 03:59:56,210 - [WinError 2] The system cannot find the file specified
2025-10-02 04:00:01,067 - [WinError 2] The system cannot find the file specified
2025-10-02 04:00:06,064 - [WinError 2] The system cannot find the file specified
2025-10-02 04:00:11,064 - [WinError 2] The system cannot find the file specified
2025-10-02 04:00:16,081 - [WinError 2] The system cannot find the file specified
2025-10-02 04:00:21,088 - [WinError 2] The system cannot find the file specified
2025-10-02 04:00:26,074 - [WinError 2] The system cannot find the file specified
2025-10-02 04:00:31,100 - [WinError 2] The system cannot find the file specified
2025-10-02 04:00:36,094 - [WinError 2] The system cannot find the file specified
2025-10-02 04:00:41,096 - [WinError 2] The system cannot find the file specified
2025-10-02 04:00:46,093 - [WinError 2] The system cannot find the file specified
2025-10-02 04:00:51,092 - [WinError 2] The system cannot find the file specified
2025-10-02 04:00:56,102 - [WinError 2] The system cannot find the file specified
2025-10-02 04:01:01,102 - [WinError 2] The system cannot find the file specified
2025-10-02 04:01:06,118 - [WinError 2] The system cannot find the file specified
2025-10-02 04:01:11,106 - [WinError 2] The system cannot find the file specified
2025-10-02 04:01:16,128 - [WinError 2] The system cannot find the file specified
2025-10-02 04:01:21,121 - [WinError 2] The system cannot find the file specified
2025-10-02 04:01:26,119 - [WinError 2] The system cannot find the file specified
2025-10-02 04:01:31,140 - [WinError 2] The system cannot find the file specified
2025-10-02 04:01:36,140 - [WinError 2] The system cannot find the file specified
2025-10-02 04:01:41,136 - [WinError 2] The system cannot find the file specified
2025-10-02 04:01:46,140 - [WinError 2] The system cannot find the file specified
2025-10-02 04:01:51,145 - [WinError 2] The system cannot find the file specified
2025-10-02 04:01:56,144 - [WinError 2] The system cannot find the file specified
2025-10-02 04:02:01,147 - [WinError 2] The system cannot find the file specified
2025-10-02 04:02:06,156 - [WinError 2] The system cannot find the file specified
2025-10-02 04:02:11,155 - [WinError 2] The system cannot find the file specified
2025-10-02 04:02:16,170 - [WinError 2] The system cannot find the file specified
2025-10-02 04:02:21,181 - [WinError 2] The system cannot find the file specified
2025-10-02 04:02:26,171 - [WinError 2] The system cannot find the file specified
2025-10-02 04:02:31,183 - [WinError 2] The system cannot find the file specified
2025-10-02 04:02:36,198 - [WinError 2] The system cannot find the file specified
2025-10-02 04:02:41,203 - [WinError 2] The system cannot find the file specified
2025-10-02 04:02:46,207 - [WinError 2] The system cannot find the file specified
2025-10-02 04:02:51,199 - [WinError 2] The system cannot find the file specified
2025-10-02 04:02:56,211 - [WinError 2] The system cannot find the file specified
2025-10-02 04:03:01,217 - [WinError 2] The system cannot find the file specified
2025-10-02 04:03:06,226 - [WinError 2] The system cannot find the file specified
2025-10-02 04:03:11,220 - [WinError 2] The system cannot find the file specified
2025-10-02 04:03:16,225 - [WinError 2] The system cannot find the file specified
2025-10-02 04:03:21,221 - [WinError 2] The system cannot find the file specified
2025-10-02 04:03:26,224 - [WinError 2] The system cannot find the file specified
2025-10-02 04:03:31,222 - [WinError 2] The system cannot find the file specified
2025-10-02 04:03:36,218 - [WinError 2] The system cannot find the file specified
2025-10-02 04:03:41,218 - [WinError 2] The system cannot find the file specified
2025-10-02 04:03:46,227 - [WinError 2] The system cannot find the file specified
2025-10-02 04:03:51,227 - [WinError 2] The system cannot find the file specified
2025-10-02 04:03:56,221 - [WinError 2] The system cannot find the file specified
2025-10-02 04:04:01,237 - [WinError 2] The system cannot find the file specified
2025-10-02 04:04:06,250 - [WinError 2] The system cannot find the file specified
2025-10-02 04:04:11,251 - [WinError 2] The system cannot find the file specified
2025-10-02 04:04:16,269 - [WinError 2] The system cannot find the file specified
2025-10-02 04:04:21,270 - [WinError 2] The system cannot find the file specified
2025-10-02 04:04:26,283 - [WinError 2] The system cannot find the file specified
2025-10-02 04:04:31,297 - [WinError 2] The system cannot find the file specified
2025-10-02 04:04:36,298 - [WinError 2] The system cannot find the file specified
2025-10-02 04:04:41,301 - [WinError 2] The system cannot find the file specified
2025-10-02 04:04:46,308 - [WinError 2] The system cannot find the file specified
2025-10-02 04:04:51,291 - [WinError 2] The system cannot find the file specified
2025-10-02 04:04:56,365 - [WinError 2] The system cannot find the file specified
2025-10-02 04:05:01,306 - [WinError 2] The system cannot find the file specified
2025-10-02 04:05:06,311 - [WinError 2] The system cannot find the file specified
2025-10-02 04:05:11,311 - [WinError 2] The system cannot find the file specified
2025-10-02 04:05:16,312 - [WinError 2] The system cannot find the file specified
2025-10-02 04:05:21,310 - [WinError 2] The system cannot find the file specified
2025-10-02 04:05:26,321 - [WinError 2] The system cannot find the file specified
2025-10-02 04:05:31,321 - [WinError 2] The system cannot find the file specified
2025-10-02 04:05:36,326 - [WinError 2] The system cannot find the file specified
2025-10-02 04:05:41,333 - [WinError 2] The system cannot find the file specified
2025-10-02 04:05:46,333 - [WinError 2] The system cannot find the file specified
2025-10-02 04:05:51,360 - [WinError 2] The system cannot find the file specified
2025-10-02 04:05:56,373 - [WinError 2] The system cannot find the file specified
2025-10-02 04:06:01,357 - [WinError 2] The system cannot find the file specified
2025-10-02 04:06:06,361 - [WinError 2] The system cannot find the file specified
2025-10-02 04:06:11,367 - [WinError 2] The system cannot find the file specified
2025-10-02 04:06:16,369 - [WinError 2] The system cannot find the file specified
2025-10-02 04:06:21,367 - [WinError 2] The system cannot find the file specified
2025-10-02 04:06:26,360 - [WinError 2] The system cannot find the file specified
2025-10-02 04:06:31,369 - [WinError 2] The system cannot find the file specified
2025-10-02 04:06:36,406 - [WinError 2] The system cannot find the file specified
2025-10-02 04:06:41,407 - [WinError 2] The system cannot find the file specified
2025-10-02 04:06:46,425 - [WinError 2] The system cannot find the file specified
2025-10-02 04:06:51,410 - [WinError 2] The system cannot find the file specified
2025-10-02 04:06:56,411 - [WinError 2] The system cannot find the file specified
2025-10-02 04:07:01,400 - [WinError 2] The system cannot find the file specified
2025-10-02 04:07:06,404 - [WinError 2] The system cannot find the file specified
2025-10-02 04:07:11,417 - [WinError 2] The system cannot find the file specified
2025-10-02 04:07:16,423 - [WinError 2] The system cannot find the file specified
2025-10-02 04:07:21,445 - [WinError 2] The system cannot find the file specified
2025-10-02 04:07:26,619 - [WinError 2] The system cannot find the file specified
2025-10-02 04:07:31,450 - [WinError 2] The system cannot find the file specified
2025-10-02 04:07:36,536 - [WinError 2] The system cannot find the file specified
2025-10-02 04:07:41,453 - [WinError 2] The system cannot find the file specified
2025-10-02 04:07:46,469 - [WinError 2] The system cannot find the file specified
2025-10-02 04:07:51,464 - [WinError 2] The system cannot find the file specified
2025-10-02 04:07:56,459 - [WinError 2] The system cannot find the file specified
2025-10-02 04:08:01,462 - [WinError 2] The system cannot find the file specified
2025-10-02 04:08:06,453 - [WinError 2] The system cannot find the file specified
2025-10-02 04:08:11,463 - [WinError 2] The system cannot find the file specified
2025-10-02 04:08:16,477 - [WinError 2] The system cannot find the file specified
2025-10-02 04:08:21,489 - [WinError 2] The system cannot find the file specified
2025-10-02 04:08:26,504 - [WinError 2] The system cannot find the file specified
2025-10-02 04:08:31,505 - [WinError 2] The system cannot find the file specified
2025-10-02 04:08:36,518 - [WinError 2] The system cannot find the file specified
2025-10-02 04:08:41,527 - [WinError 2] The system cannot find the file specified
2025-10-02 04:08:46,525 - [WinError 2] The system cannot find the file specified
2025-10-02 04:08:51,530 - [WinError 2] The system cannot find the file specified
2025-10-02 04:08:56,525 - [WinError 2] The system cannot find the file specified
2025-10-02 04:09:01,525 - [WinError 2] The system cannot find the file specified
2025-10-02 04:09:06,523 - [WinError 2] The system cannot find the file specified
2025-10-02 04:09:11,515 - [WinError 2] The system cannot find the file specified
2025-10-02 04:09:16,535 - [WinError 2] The system cannot find the file specified
2025-10-02 04:09:21,531 - [WinError 2] The system cannot find the file specified
2025-10-02 04:09:26,556 - [WinError 2] The system cannot find the file specified
2025-10-02 04:09:31,554 - [WinError 2] The system cannot find the file specified
2025-10-02 04:09:36,576 - [WinError 2] The system cannot find the file specified
2025-10-02 04:09:41,578 - [WinError 2] The system cannot find the file specified
2025-10-02 04:09:46,588 - [WinError 2] The system cannot find the file specified
2025-10-02 04:09:51,593 - [WinError 2] The system cannot find the file specified
2025-10-02 04:09:56,593 - [WinError 2] The system cannot find the file specified
2025-10-02 04:10:01,595 - [WinError 2] The system cannot find the file specified
2025-10-02 04:10:06,607 - [WinError 2] The system cannot find the file specified
2025-10-02 04:10:11,589 - [WinError 2] The system cannot find the file specified
2025-10-02 04:10:16,600 - [WinError 2] The system cannot find the file specified
2025-10-02 04:10:21,600 - [WinError 2] The system cannot find the file specified
2025-10-02 04:10:26,592 - [WinError 2] The system cannot find the file specified
2025-10-02 04:10:31,608 - [WinError 2] The system cannot find the file specified
2025-10-02 04:10:36,595 - [WinError 2] The system cannot find the file specified
2025-10-02 04:10:41,590 - [WinError 2] The system cannot find the file specified
2025-10-02 04:10:46,590 - [WinError 2] The system cannot find the file specified
2025-10-02 04:10:51,592 - [WinError 2] The system cannot find the file specified
2025-10-02 04:10:56,597 - [WinError 2] The system cannot find the file specified
2025-10-02 04:11:01,598 - [WinError 2] The system cannot find the file specified
2025-10-02 04:11:06,597 - [WinError 2] The system cannot find the file specified
2025-10-02 04:11:11,590 - [WinError 2] The system cannot find the file specified
2025-10-02 04:11:16,601 - [WinError 2] The system cannot find the file specified
2025-10-02 04:11:21,601 - [WinError 2] The system cannot find the file specified
2025-10-02 04:11:26,598 - [WinError 2] The system cannot find the file specified
2025-10-02 04:11:31,611 - [WinError 2] The system cannot find the file specified
2025-10-02 04:11:36,620 - [WinError 2] The system cannot find the file specified
2025-10-02 04:11:41,628 - [WinError 2] The system cannot find the file specified
2025-10-02 04:11:46,652 - [WinError 2] The system cannot find the file specified
2025-10-02 04:11:51,927 - [WinError 2] The system cannot find the file specified
2025-10-02 04:11:56,650 - [WinError 2] The system cannot find the file specified
2025-10-02 04:12:01,646 - [WinError 2] The system cannot find the file specified
2025-10-02 04:12:06,641 - [WinError 2] The system cannot find the file specified
2025-10-02 04:12:11,645 - [WinError 2] The system cannot find the file specified
2025-10-02 04:12:16,652 - [WinError 2] The system cannot find the file specified
2025-10-02 04:12:21,657 - [WinError 2] The system cannot find the file specified
2025-10-02 04:12:26,671 - [WinError 2] The system cannot find the file specified
2025-10-02 04:12:31,690 - [WinError 2] The system cannot find the file specified
2025-10-02 04:12:36,696 - [WinError 2] The system cannot find the file specified
2025-10-02 04:12:41,685 - [WinError 2] The system cannot find the file specified
2025-10-02 04:12:46,694 - [WinError 2] The system cannot find the file specified
2025-10-02 04:12:51,701 - [WinError 2] The system cannot find the file specified
2025-10-02 04:12:56,696 - [WinError 2] The system cannot find the file specified
2025-10-02 04:13:01,691 - [WinError 2] The system cannot find the file specified
2025-10-02 04:13:06,694 - [WinError 2] The system cannot find the file specified
2025-10-02 04:13:11,683 - [WinError 2] The system cannot find the file specified
2025-10-02 04:13:16,690 - [WinError 2] The system cannot find the file specified
2025-10-02 04:13:21,693 - [WinError 2] The system cannot find the file specified
2025-10-02 04:13:26,709 - [WinError 2] The system cannot find the file specified
2025-10-02 04:13:31,706 - [WinError 2] The system cannot find the file specified
2025-10-02 04:13:36,711 - [WinError 2] The system cannot find the file specified
2025-10-02 04:13:41,706 - [WinError 2] The system cannot find the file specified
2025-10-02 04:13:46,709 - [WinError 2] The system cannot find the file specified
2025-10-02 04:13:51,703 - [WinError 2] The system cannot find the file specified
2025-10-02 04:13:56,711 - [WinError 2] The system cannot find the file specified
2025-10-02 04:14:01,723 - [WinError 2] The system cannot find the file specified
2025-10-02 04:14:06,727 - [WinError 2] The system cannot find the file specified
2025-10-02 04:14:11,721 - [WinError 2] The system cannot find the file specified
2025-10-02 04:14:16,723 - [WinError 2] The system cannot find the file specified
2025-10-02 04:14:21,714 - [WinError 2] The system cannot find the file specified
2025-10-02 04:14:26,721 - [WinError 2] The system cannot find the file specified
2025-10-02 04:14:31,722 - [WinError 2] The system cannot find the file specified
2025-10-02 04:14:36,716 - [WinError 2] The system cannot find the file specified
2025-10-02 04:14:41,712 - [WinError 2] The system cannot find the file specified
2025-10-02 04:14:46,723 - [WinError 2] The system cannot find the file specified
2025-10-02 04:14:51,729 - [WinError 2] The system cannot find the file specified
2025-10-02 04:14:56,741 - [WinError 2] The system cannot find the file specified
2025-10-02 04:15:01,735 - [WinError 2] The system cannot find the file specified
2025-10-02 04:15:06,735 - [WinError 2] The system cannot find the file specified
2025-10-02 04:15:11,737 - [WinError 2] The system cannot find the file specified
2025-10-02 04:15:16,735 - [WinError 2] The system cannot find the file specified
2025-10-02 04:15:21,754 - [WinError 2] The system cannot find the file specified
2025-10-02 04:15:26,768 - [WinError 2] The system cannot find the file specified
2025-10-02 04:15:31,785 - [WinError 2] The system cannot find the file specified
2025-10-02 04:15:36,779 - [WinError 2] The system cannot find the file specified
2025-10-02 04:15:41,780 - [WinError 2] The system cannot find the file specified
2025-10-02 04:15:46,786 - [WinError 2] The system cannot find the file specified
2025-10-02 04:15:51,788 - [WinError 2] The system cannot find the file specified
2025-10-02 04:15:56,790 - [WinError 2] The system cannot find the file specified
2025-10-02 04:16:01,790 - [WinError 2] The system cannot find the file specified
2025-10-02 04:16:06,799 - [WinError 2] The system cannot find the file specified
2025-10-02 04:16:11,819 - [WinError 2] The system cannot find the file specified
2025-10-02 04:16:16,815 - [WinError 2] The system cannot find the file specified
2025-10-02 04:16:21,810 - [WinError 2] The system cannot find the file specified
2025-10-02 04:16:26,816 - [WinError 2] The system cannot find the file specified
2025-10-02 04:16:31,809 - [WinError 2] The system cannot find the file specified
2025-10-02 04:16:36,817 - [WinError 2] The system cannot find the file specified
2025-10-02 04:16:41,817 - [WinError 2] The system cannot find the file specified
2025-10-02 04:16:46,824 - [WinError 2] The system cannot find the file specified
2025-10-02 04:16:51,813 - [WinError 2] The system cannot find the file specified
2025-10-02 04:16:56,812 - [WinError 2] The system cannot find the file specified
2025-10-02 04:17:01,814 - [WinError 2] The system cannot find the file specified
2025-10-02 04:17:06,820 - [WinError 2] The system cannot find the file specified
2025-10-02 04:17:11,815 - [WinError 2] The system cannot find the file specified
2025-10-02 04:17:16,815 - [WinError 2] The system cannot find the file specified
2025-10-02 04:17:21,822 - [WinError 2] The system cannot find the file specified
2025-10-02 04:17:26,820 - [WinError 2] The system cannot find the file specified
2025-10-02 04:17:31,816 - [WinError 2] The system cannot find the file specified
2025-10-02 04:17:36,827 - [WinError 2] The system cannot find the file specified
2025-10-02 04:17:59,653 - [WinError 2] The system cannot find the file specified
2025-10-02 04:18:03,130 - ❌ Could not connect: [WinError 10061] No connection could be made because the target machine actively refused it
2025-10-02 04:18:04,514 - [WinError 2] The system cannot find the file specified
2025-10-02 04:18:09,515 - [WinError 2] The system cannot find the file specified
2025-10-02 04:18:14,520 - [WinError 2] The system cannot find the file specified
2025-10-02 04:18:19,518 - [WinError 2] The system cannot find the file specified
2025-10-02 04:18:24,514 - [WinError 2] The system cannot find the file specified
2025-10-02 04:18:29,513 - [WinError 2] The system cannot find the file specified
2025-10-02 04:18:34,514 - [WinError 2] The system cannot find the file specified
2025-10-02 04:18:39,513 - [WinError 2] The system cannot find the file specified
2025-10-02 04:18:44,514 - [WinError 2] The system cannot find the file specified
2025-10-02 04:18:49,522 - [WinError 2] The system cannot find the file specified
2025-10-02 04:18:54,527 - [WinError 2] The system cannot find the file specified
2025-10-02 04:18:59,544 - [WinError 2] The system cannot find the file specified
2025-10-02 04:19:04,554 - [WinError 2] The system cannot find the file specified
2025-10-02 04:19:09,550 - [WinError 2] The system cannot find the file specified
2025-10-02 04:19:14,567 - [WinError 2] The system cannot find the file specified
2025-10-02 04:19:19,562 - [WinError 2] The system cannot find the file specified
2025-10-02 04:19:24,564 - [WinError 2] The system cannot find the file specified
2025-10-02 04:19:29,579 - [WinError 2] The system cannot find the file specified
2025-10-02 04:19:34,583 - [WinError 2] The system cannot find the file specified
2025-10-02 04:19:39,584 - [WinError 2] The system cannot find the file specified
2025-10-02 04:19:44,600 - [WinError 2] The system cannot find the file specified
2025-10-02 04:19:49,592 - [WinError 2] The system cannot find the file specified
2025-10-02 04:19:54,601 - [WinError 2] The system cannot find the file specified
2025-10-02 04:19:59,595 - [WinError 2] The system cannot find the file specified
2025-10-02 04:20:04,609 - [WinError 2] The system cannot find the file specified
2025-10-02 04:20:09,597 - [WinError 2] The system cannot find the file specified
2025-10-02 04:20:14,593 - [WinError 2] The system cannot find the file specified
2025-10-02 04:20:19,589 - [WinError 2] The system cannot find the file specified
2025-10-02 04:20:24,595 - [WinError 2] The system cannot find the file specified
2025-10-02 04:20:29,588 - [WinError 2] The system cannot find the file specified
2025-10-02 04:20:34,602 - [WinError 2] The system cannot find the file specified
2025-10-02 04:20:39,592 - [WinError 2] The system cannot find the file specified
2025-10-02 04:20:44,602 - [WinError 2] The system cannot find the file specified
2025-10-02 04:20:49,592 - [WinError 2] The system cannot find the file specified
2025-10-02 04:20:54,601 - [WinError 2] The system cannot find the file specified
2025-10-02 04:20:59,598 - [WinError 2] The system cannot find the file specified
2025-10-02 04:21:04,593 - [WinError 2] The system cannot find the file specified
2025-10-02 04:21:09,595 - [WinError 2] The system cannot find the file specified
2025-10-02 04:21:14,593 - [WinError 2] The system cannot find the file specified
2025-10-02 04:21:19,590 - [WinError 2] The system cannot find the file specified
2025-10-02 04:21:24,595 - [WinError 2] The system cannot find the file specified
2025-10-02 04:21:29,595 - [WinError 2] The system cannot find the file specified
2025-10-02 04:21:34,590 - [WinError 2] The system cannot find the file specified
2025-10-02 04:21:39,591 - [WinError 2] The system cannot find the file specified
2025-10-02 04:21:44,607 - [WinError 2] The system cannot find the file specified
2025-10-02 04:21:49,604 - [WinError 2] The system cannot find the file specified
2025-10-02 04:21:54,591 - [WinError 2] The system cannot find the file specified
2025-10-02 04:21:59,600 - [WinError 2] The system cannot find the file specified
2025-10-02 04:22:04,600 - [WinError 2] The system cannot find the file specified
2025-10-02 04:22:09,608 - [WinError 2] The system cannot find the file specified
2025-10-02 04:22:14,599 - [WinError 2] The system cannot find the file specified
2025-10-02 04:22:19,602 - [WinError 2] The system cannot find the file specified
2025-10-02 04:22:24,613 - [WinError 2] The system cannot find the file specified
2025-10-02 04:22:29,623 - [WinError 2] The system cannot find the file specified
2025-10-02 04:22:34,650 - [WinError 2] The system cannot find the file specified
2025-10-02 04:22:39,638 - [WinError 2] The system cannot find the file specified
2025-10-02 04:22:44,652 - [WinError 2] The system cannot find the file specified
2025-10-02 04:22:49,674 - [WinError 2] The system cannot find the file specified
2025-10-02 04:22:54,667 - [WinError 2] The system cannot find the file specified
2025-10-02 04:22:59,666 - [WinError 2] The system cannot find the file specified
2025-10-02 04:23:04,681 - [WinError 2] The system cannot find the file specified
2025-10-02 04:23:09,701 - [WinError 2] The system cannot find the file specified
2025-10-02 04:23:14,722 - [WinError 2] The system cannot find the file specified
2025-10-02 04:23:19,688 - [WinError 2] The system cannot find the file specified
2025-10-02 04:23:24,690 - [WinError 2] The system cannot find the file specified
2025-10-02 04:23:29,697 - [WinError 2] The system cannot find the file specified
2025-10-02 04:23:34,698 - [WinError 2] The system cannot find the file specified
2025-10-02 04:23:39,682 - [WinError 2] The system cannot find the file specified
2025-10-02 04:23:44,683 - [WinError 2] The system cannot find the file specified
2025-10-02 04:23:49,688 - [WinError 2] The system cannot find the file specified
2025-10-02 04:23:54,685 - [WinError 2] The system cannot find the file specified
2025-10-02 04:23:59,698 - [WinError 2] The system cannot find the file specified
2025-10-02 04:24:04,700 - [WinError 2] The system cannot find the file specified
2025-10-02 04:24:09,703 - [WinError 2] The system cannot find the file specified
2025-10-02 04:24:14,726 - [WinError 2] The system cannot find the file specified
2025-10-02 04:24:19,721 - [WinError 2] The system cannot find the file specified
2025-10-02 04:24:24,717 - [WinError 2] The system cannot find the file specified
2025-10-02 04:24:29,719 - [WinError 2] The system cannot find the file specified
2025-10-02 04:24:34,718 - [WinError 2] The system cannot find the file specified
2025-10-02 04:24:39,718 - [WinError 2] The system cannot find the file specified
2025-10-02 04:24:44,723 - [WinError 2] The system cannot find the file specified
2025-10-02 04:24:49,716 - [WinError 2] The system cannot find the file specified
2025-10-02 04:24:54,719 - [WinError 2] The system cannot find the file specified
2025-10-02 04:24:59,723 - [WinError 2] The system cannot find the file specified
2025-10-02 04:25:04,715 - [WinError 2] The system cannot find the file specified
2025-10-02 04:25:09,723 - [WinError 2] The system cannot find the file specified
2025-10-02 04:25:14,725 - [WinError 2] The system cannot find the file specified
2025-10-02 04:25:19,724 - [WinError 2] The system cannot find the file specified
2025-10-02 04:25:24,720 - [WinError 2] The system cannot find the file specified
2025-10-02 04:25:29,738 - [WinError 2] The system cannot find the file specified
2025-10-02 04:25:34,738 - [WinError 2] The system cannot find the file specified
2025-10-02 04:25:39,737 - [WinError 2] The system cannot find the file specified
2025-10-02 04:25:44,732 - [WinError 2] The system cannot find the file specified
2025-10-02 04:25:49,733 - [WinError 2] The system cannot find the file specified
2025-10-02 04:25:54,732 - [WinError 2] The system cannot find the file specified
2025-10-02 04:25:59,742 - [WinError 2] The system cannot find the file specified
2025-10-02 04:26:04,730 - [WinError 2] The system cannot find the file specified
2025-10-02 04:26:09,754 - [WinError 2] The system cannot find the file specified
2025-10-02 04:26:14,745 - [WinError 2] The system cannot find the file specified
2025-10-02 04:26:19,749 - [WinError 2] The system cannot find the file specified
2025-10-02 04:26:24,761 - [WinError 2] The system cannot find the file specified
2025-10-02 04:26:29,757 - [WinError 2] The system cannot find the file specified
2025-10-02 04:26:34,759 - [WinError 2] The system cannot find the file specified
2025-10-02 04:26:39,767 - [WinError 2] The system cannot find the file specified
2025-10-02 04:26:44,772 - [WinError 2] The system cannot find the file specified
2025-10-02 04:26:49,762 - [WinError 2] The system cannot find the file specified
2025-10-02 04:26:54,770 - [WinError 2] The system cannot find the file specified
2025-10-02 04:26:59,771 - [WinError 2] The system cannot find the file specified
2025-10-02 04:27:04,771 - [WinError 2] The system cannot find the file specified
2025-10-02 04:27:09,766 - [WinError 2] The system cannot find the file specified
2025-10-02 04:27:14,772 - [WinError 2] The system cannot find the file specified
2025-10-02 04:27:19,767 - [WinError 2] The system cannot find the file specified
2025-10-02 04:27:19,891 - 🛑 Server stopped.
2025-10-02 04:28:10,935 - [WinError 2] The system cannot find the file specified
2025-10-02 04:28:13,272 - ❌ Could not connect: [WinError 10061] No connection could be made because the target machine actively refused it
2025-10-02 04:28:15,938 - [WinError 2] The system cannot find the file specified
2025-10-02 04:28:20,948 - [WinError 2] The system cannot find the file specified
2025-10-02 04:28:25,957 - [WinError 2] The system cannot find the file specified
2025-10-02 04:28:30,962 - [WinError 2] The system cannot find the file specified
2025-10-02 04:28:35,974 - [WinError 2] The system cannot find the file specified
2025-10-02 04:28:40,967 - [WinError 2] The system cannot find the file specified
2025-10-02 04:28:45,978 - [WinError 2] The system cannot find the file specified
2025-10-02 04:28:50,974 - [WinError 2] The system cannot find the file specified
2025-10-02 04:28:55,968 - [WinError 2] The system cannot find the file specified
2025-10-02 04:29:00,966 - [WinError 2] The system cannot find the file specified
2025-10-02 04:29:05,965 - [WinError 2] The system cannot find the file specified
2025-10-02 04:29:10,969 - [WinError 2] The system cannot find the file specified
2025-10-02 04:29:15,970 - [WinError 2] The system cannot find the file specified
2025-10-02 04:29:20,975 - [WinError 2] The system cannot find the file specified
2025-10-02 04:29:25,975 - [WinError 2] The system cannot find the file specified
2025-10-02 04:29:30,979 - [WinError 2] The system cannot find the file specified
2025-10-02 04:29:35,967 - [WinError 2] The system cannot find the file specified
2025-10-02 04:29:40,973 - [WinError 2] The system cannot find the file specified
2025-10-02 04:29:45,973 - [WinError 2] The system cannot find the file specified
2025-10-02 04:29:50,974 - [WinError 2] The system cannot find the file specified
2025-10-02 04:29:55,969 - [WinError 2] The system cannot find the file specified
2025-10-02 04:30:00,972 - [WinError 2] The system cannot find the file specified
2025-10-02 04:30:05,965 - [WinError 2] The system cannot find the file specified
2025-10-02 04:30:10,969 - [WinError 2] The system cannot find the file specified
2025-10-02 04:30:15,978 - [WinError 2] The system cannot find the file specified
2025-10-02 04:30:20,969 - [WinError 2] The system cannot find the file specified
2025-10-02 04:30:25,967 - [WinError 2] The system cannot find the file specified
2025-10-02 04:30:30,970 - [WinError 2] The system cannot find the file specified
2025-10-02 04:30:35,967 - [WinError 2] The system cannot find the file specified
2025-10-02 04:30:40,970 - [WinError 2] The system cannot find the file specified
2025-10-02 04:30:45,983 - [WinError 2] The system cannot find the file specified
2025-10-02 04:30:50,982 - [WinError 2] The system cannot find the file specified
2025-10-02 04:30:55,989 - [WinError 2] The system cannot find the file specified
2025-10-02 04:31:01,004 - [WinError 2] The system cannot find the file specified
2025-10-02 04:31:06,023 - [WinError 2] The system cannot find the file specified
2025-10-02 04:31:11,021 - [WinError 2] The system cannot find the file specified
2025-10-02 04:31:16,012 - [WinError 2] The system cannot find the file specified
2025-10-02 04:31:21,017 - [WinError 2] The system cannot find the file specified
2025-10-02 04:31:26,017 - [WinError 2] The system cannot find the file specified
2025-10-02 04:31:31,010 - [WinError 2] The system cannot find the file specified
2025-10-02 04:31:36,022 - [WinError 2] The system cannot find the file specified
2025-10-02 04:31:41,019 - [WinError 2] The system cannot find the file specified
2025-10-02 04:31:46,019 - [WinError 2] The system cannot find the file specified
2025-10-02 04:31:51,022 - [WinError 2] The system cannot find the file specified
2025-10-02 04:31:56,019 - [WinError 2] The system cannot find the file specified
2025-10-02 04:32:01,011 - [WinError 2] The system cannot find the file specified
2025-10-02 04:32:06,013 - [WinError 2] The system cannot find the file specified
2025-10-02 04:32:11,016 - [WinError 2] The system cannot find the file specified
2025-10-02 04:32:16,012 - [WinError 2] The system cannot find the file specified
2025-10-02 04:32:21,013 - [WinError 2] The system cannot find the file specified
2025-10-02 04:32:26,023 - [WinError 2] The system cannot find the file specified
2025-10-02 04:32:31,016 - [WinError 2] The system cannot find the file specified
2025-10-02 04:32:36,016 - [WinError 2] The system cannot find the file specified
2025-10-02 04:32:41,017 - [WinError 2] The system cannot find the file specified
2025-10-02 04:32:46,023 - [WinError 2] The system cannot find the file specified
2025-10-02 04:32:51,010 - [WinError 2] The system cannot find the file specified
2025-10-02 04:32:56,021 - [WinError 2] The system cannot find the file specified
2025-10-02 04:33:01,018 - [WinError 2] The system cannot find the file specified
2025-10-02 04:33:06,014 - [WinError 2] The system cannot find the file specified
2025-10-02 04:33:11,023 - [WinError 2] The system cannot find the file specified
2025-10-02 04:33:16,031 - [WinError 2] The system cannot find the file specified
2025-10-02 04:33:21,054 - [WinError 2] The system cannot find the file specified
2025-10-02 04:33:26,080 - [WinError 2] The system cannot find the file specified
2025-10-02 04:33:31,088 - [WinError 2] The system cannot find the file specified
2025-10-02 04:33:36,103 - [WinError 2] The system cannot find the file specified
2025-10-02 04:33:41,103 - [WinError 2] The system cannot find the file specified
2025-10-02 04:33:46,109 - [WinError 2] The system cannot find the file specified
2025-10-02 04:33:51,123 - [WinError 2] The system cannot find the file specified
2025-10-02 04:33:56,134 - [WinError 2] The system cannot find the file specified
2025-10-02 04:34:01,130 - [WinError 2] The system cannot find the file specified
2025-10-02 04:34:06,127 - [WinError 2] The system cannot find the file specified
2025-10-02 04:34:11,135 - [WinError 2] The system cannot find the file specified
2025-10-02 04:34:16,144 - [WinError 2] The system cannot find the file specified
2025-10-02 04:34:21,144 - [WinError 2] The system cannot find the file specified
2025-10-02 04:34:26,156 - [WinError 2] The system cannot find the file specified
2025-10-02 04:34:31,184 - [WinError 2] The system cannot find the file specified
2025-10-02 04:34:36,170 - [WinError 2] The system cannot find the file specified
2025-10-02 04:34:41,187 - [WinError 2] The system cannot find the file specified
2025-10-02 04:34:46,181 - [WinError 2] The system cannot find the file specified
2025-10-02 04:34:51,182 - [WinError 2] The system cannot find the file specified
2025-10-02 04:34:56,202 - [WinError 2] The system cannot find the file specified
2025-10-02 04:35:01,186 - [WinError 2] The system cannot find the file specified
2025-10-02 04:35:06,199 - [WinError 2] The system cannot find the file specified
