prediction,AUDJPY,up,0.95,1760015354.9778137,"**Reasoning:** The AUDJPY pair is showing strong bullish momentum with a high confidence level of 0.95. The fast EMA (100.69) is above the slow EMA (100.56), indicating a bullish trend. The RSI (57.74) suggests that the asset is not overbought, leaving room for upward movement. Additionally, the MACD value (0.13561) is positive, reinforcing the bullish outlook.

**Suggested Action:** Consider entering a long position on AUDJPY to capitalize on the anticipated upward movement. Set a stop loss slightly below the slow EMA to manage risk, and look for profit targets at resistance levels above the current price."
prediction,AUDJPY,up,0.95,1760015360.9742177,"**Reasoning:** The AUDJPY shows strong bullish momentum with a high confidence level of 0.95. The Fast EMA is above the Slow EMA, indicating a positive trend. The RSI at 57.30 suggests that the asset is not overbought, allowing for further upward movement. The MACD is also positive, reinforcing the bullish outlook.

**Suggested Action:** Consider entering a long position on AUDJPY. Set a stop-loss below the recent support level to manage risk, and look for profit-taking at key resistance levels."
prediction,AUDJPY,up,0.95,1760015365.9229593,"**Reasoning:** The AUDJPY shows a strong bullish signal with a high confidence level of 0.95. The fast EMA (100.69) is above the slow EMA (100.56), indicating a potential upward trend. The RSI at 57 suggests bullish momentum without being overbought, while the positive MACD (0.13433) further supports the upward outlook.

**Suggested Action:** Consider entering a long position on AUDJPY. Set a stop-loss just below the recent support level to manage risk, and target a profit level at the next resistance zone. Monitor the indicators for any signs of trend reversal."
prediction,AUDJPY,up,0.95,1760015370.1928315,"**Reasoning:** The AUDJPY pair shows strong bullish momentum with a high confidence level of 0.95. The fast EMA (100.69) is above the slow EMA (100.56), indicating a bullish trend. An RSI of 57.26 suggests that the asset is not overbought, leaving room for further upward movement. The MACD value of 0.13473 supports this bullish outlook, as it is above the signal line.

**Suggested Action:** Consider entering a long position on AUDJPY to capitalize on the anticipated upward movement. Set a stop-loss just below the recent support level to manage risk effectively."
prediction,AUDJPY,up,0.95,1760015374.8859003,"**Reasoning:** The AUDJPY is showing strong bullish momentum with a high confidence level of 0.95. The fast EMA (100.6922) is above the slow EMA (100.5573), indicating a bullish crossover. The RSI at 57.35 suggests that the asset is not overbought, providing room for further upward movement. Additionally, the positive MACD (0.13489) supports the bullish outlook.

**Suggested Action:** Consider entering a long position on AUDJPY, setting a stop-loss just below the recent support level to manage risk. Aim for a target that aligns with recent resistance levels or a favorable risk-reward ratio."
prediction,AUDJPY,up,0.95,1760015378.7497187,"**Reasoning**: The AUDJPY pair shows strong bullish momentum with a high confidence level of 0.95. The fast EMA (100.69) is above the slow EMA (100.56), indicating a bullish trend. The RSI at 57.52 suggests that the asset is not overbought, allowing for further upward movement. The positive MACD (0.13521) reinforces the bullish outlook.

**Suggested Action**: Consider entering a long position on AUDJPY. Monitor for any pullbacks to the EMA levels for optimal entry, and set a stop-loss below the recent support level to manage risk. Target a profit level based on recent resistance zones."
prediction,AUDJPY,up,0.95,1760015384.1624773,"**Reasoning:** The AUDJPY shows strong bullish momentum with a high confidence level of 0.95. The fast EMA (100.69) is above the slow EMA (100.56), indicating a bullish trend. The RSI (57.61) is above 50, suggesting that the asset is gaining strength, and the positive MACD (0.13537) confirms upward momentum.

**Suggested Action:** Consider entering a long position on AUDJPY. Set a stop-loss just below the recent support level to manage risk, and aim for a target that reflects a favorable risk-reward ratio."
prediction,AUDJPY,up,0.95,1760015388.079961,"**Reasoning:** The AUDJPY shows a strong upward potential with a high confidence level of 0.95. The fast EMA (100.69) is above the slow EMA (100.56), indicating a bullish trend. The RSI at 57.56 suggests that the asset is not overbought, allowing room for further upward movement. The positive MACD value (0.13529) reinforces the bullish sentiment.

**Suggested Action:** Consider entering a long position in AUDJPY to capitalize on the anticipated upward movement. Set a stop-loss just below the slow EMA (around 100.55) to manage risk effectively."
prediction,AUDJPY,up,0.95,1760015392.4704757,"**Reasoning:** The AUDJPY shows strong bullish momentum with a high confidence level of 0.95. The fast EMA (100.69) is above the slow EMA (100.56), indicating a bullish crossover. The RSI (57.61) is above 50, suggesting that the momentum is in favor of buyers. Additionally, the MACD (0.13537) is positive, confirming upward momentum.

**Suggested Action:** Consider entering a long position in AUDJPY. Set a stop-loss below the recent support level to manage risk, and target a profit at the next resistance level to maximize gains."
prediction,AUDJPY,up,0.95,1760015397.4312215,"**Reasoning:** The AUDJPY is showing strong bullish momentum with a high confidence level of 0.95. The fast EMA (100.69) is above the slow EMA (100.56), indicating a bullish trend. The RSI (57.56) is above 50, suggesting upward momentum, and the MACD (0.135) is positive, reinforcing the bullish outlook.

**Suggested Action:** Consider entering a long position on AUDJPY. Set a stop-loss just below the recent support level to manage risk, and look for a target based on recent resistance levels or a risk-reward ratio of at least 1:2."
prediction,AUDJPY,up,0.95,1760015400.618197,"**Reasoning:** The AUDJPY shows strong bullish momentum with a high confidence level of 0.95. The fast EMA (100.69) is above the slow EMA (100.56), indicating a bullish trend. The RSI at 57.61 suggests that the market is not overbought, allowing for further upward movement. The positive MACD (0.13537) reinforces the bullish sentiment.

**Suggested Action:** Consider entering a long position on AUDJPY. Set a stop-loss below the recent support level to manage risk and aim for a target that aligns with your risk-reward strategy."
prediction,AUDJPY,up,0.95,1760015406.0507329,"**Reasoning:** The AUDJPY pair shows a strong bullish signal with a high confidence level of 0.95. The fast EMA (100.69312) is above the slow EMA (100.55775), indicating a bullish crossover. Additionally, the RSI at 57.61 suggests that the asset is not overbought, allowing for further upward movement. The positive MACD value (0.13537) reinforces the bullish sentiment.

**Suggested Action:** Consider entering a long position on AUDJPY to capitalize on the upward trend. Set a stop-loss slightly below the recent support level to manage risk. Monitor the position closely for any signs of reversal."
prediction,AUDJPY,up,0.95,1760015412.4834328,"**Reasoning:** The AUDJPY pair shows strong bullish momentum with a high confidence level of 0.95. The fast EMA (100.69) is above the slow EMA (100.56), indicating a bullish trend. The RSI at 57.61 suggests that the market is not overbought, allowing for further upward movement. Additionally, the positive MACD (0.13537) supports the upward direction.

**Suggested Action:** Consider entering a long position on AUDJPY to capitalize on the anticipated upward movement. Set a stop-loss just below the recent support level to manage risk effectively."
prediction,AUDJPY,up,0.95,1760015418.2020311,"**Reasoning:** The AUDJPY shows strong bullish momentum indicated by a high confidence level (0.95). The fast EMA (100.6942) is above the slow EMA (100.55827), confirming a bullish trend. The RSI (57.91) is approaching overbought territory but is not yet overextended, suggesting there is still room for upward movement. The MACD (0.13593) is positive, reinforcing the upward momentum.

**Suggested Action:** Consider entering a long position on AUDJPY. Set a stop loss slightly below the recent support level to manage risk, and target a profit at the next resistance level. Monitor the RSI for signs of overbought conditions to adjust your position accordingly."
prediction,AUDJPY,up,0.95,1760015422.6119387,"**Reasoning:** The AUDJPY pair shows a strong bullish sentiment with a high confidence level of 0.95. The fast EMA (100.69) is above the slow EMA (100.56), indicating a bullish crossover. The RSI at 57.78 suggests that the asset is not overbought, leaving room for further upward movement. Additionally, the positive MACD (0.13569) supports the bullish outlook.

**Suggested Action:** Consider entering a long position on AUDJPY. Set a stop-loss just below the recent support level to manage risk and aim for a target that reflects a favorable risk-reward ratio. Monitor the indicators closely for any changes in momentum."
prediction,AUDJPY,up,0.95,1760015426.4047503,"**Reasoning:** The AUDJPY pair shows a strong bullish signal with a high confidence level of 0.95. The fast EMA (100.69) is above the slow EMA (100.56), indicating a bullish trend. The RSI at 57.69 suggests that the asset is not overbought, leaving room for further upward movement. Additionally, the MACD value of 0.13553 supports the bullish momentum.

**Suggested Action:** Consider entering a long position in AUDJPY to capitalize on the anticipated upward movement. Set a stop-loss just below the recent support level to manage risk effectively. Monitor for any signs of reversal or weakening momentum."
prediction,AUDJPY,up,0.95,1760015431.472141,"**Reasoning:** The AUDJPY pair shows strong bullish momentum with a high confidence level of 0.95. The fast EMA (100.69) is above the slow EMA (100.56), indicating a bullish trend. The RSI (57.82) suggests that the asset is not overbought, leaving room for upward movement. Additionally, the positive MACD (0.13577) supports the upward momentum.

**Suggested Action:** Consider entering a long position on AUDJPY to capitalize on the anticipated upward movement. Set a stop-loss just below the recent support level to manage risk effectively."
prediction,AUDJPY,up,0.95,1760015436.017582,"**Reasoning:** The AUDJPY pair shows strong bullish momentum with a high confidence level of 0.95. The fast EMA (100.69) is above the slow EMA (100.56), indicating a bullish crossover. The RSI at 57.74 suggests that the asset is not overbought, allowing room for further upward movement. The positive MACD value (0.13561) reinforces the bullish trend.

**Suggested Action:** Consider entering a long position on AUDJPY to capitalize on the upward momentum. Set a stop-loss slightly below the slow EMA (around 100.55) to manage risk. Aim for a target at least 1-2% above the current price to maximize potential gains."
prediction,AUDJPY,up,0.95,1760015440.2908955,"**Reasoning:**
The AUDJPY pair shows strong bullish momentum with a high confidence level of 0.95. The fast EMA (100.6942) is above the slow EMA (100.55827), indicating a bullish crossover. The RSI at 57.91 suggests that the market is not overbought, leaving room for upward movement. The positive MACD value (0.13593) further supports the bullish trend.

**Suggested Action:**
Consider entering a long position on AUDJPY, targeting the next resistance level while placing a stop-loss just below the recent support level to manage risk effectively. Monitor indicators for potential trend reversals."
prediction,AUDJPY,up,0.95,1760015444.3081348,"**Reasoning:** The AUDJPY pair shows strong upward momentum with a high confidence level of 0.95. The fast EMA (100.69) is above the slow EMA (100.56), indicating a bullish trend. The RSI at 58 suggests that the asset is not overbought, allowing for further upward movement. The positive MACD value (0.136) reinforces the bullish sentiment.

**Suggested Action:** Consider entering a long position on AUDJPY to capitalize on the upward trend. Set a stop-loss just below the recent support level to manage risk effectively. Monitor for potential resistance levels to determine exit points."
prediction,AUDJPY,up,0.95,1760015450.8295283,"**Reasoning:** The AUDJPY is showing strong bullish momentum with a high confidence level of 0.95. The fast EMA (100.70) is above the slow EMA (100.56), indicating a bullish crossover. The RSI at 58.30 suggests the asset is not overbought yet, allowing for further upside potential. The MACD value of 0.13665 reinforces the bullish trend.

**Suggested Action:** Consider entering a long position on AUDJPY. Set a stop-loss below the recent support level to manage risk and target a price level that aligns with your profit-taking strategy."
prediction,AUDJPY,up,0.95,1760015453.8370757,"**Reasoning**: The AUDJPY pair shows strong bullish momentum with a high confidence level of 0.95. The fast EMA (100.70) is above the slow EMA (100.56), indicating a potential upward trend. The RSI at 58.62 suggests that the pair is not overbought, allowing for further upward movement. The MACD value of 0.1372 supports the bullish outlook.

**Suggested Action**: Consider entering a long position on AUDJPY. Set a stop-loss below the recent swing low to manage risk, and target a profit level at the next resistance zone. Monitor for any signs of reversal or overextension in the RSI."
prediction,AUDJPY,up,0.95,1760015461.4147792,"**Reasoning:** The AUDJPY shows strong bullish momentum with a high confidence level of 0.95. The fast EMA (100.70) is above the slow EMA (100.56), indicating a potential upward trend. The RSI at 58.39 suggests that the asset is not overbought, allowing room for further gains. The positive MACD value (0.13681) reinforces the bullish outlook.

**Suggested Action:** Consider entering a long position on AUDJPY to capitalize on the upward momentum. Set a stop-loss just below the recent support level to manage risk effectively. Monitor for any signs of reversal or overbought conditions."
prediction,AUDJPY,up,0.95,1760015465.6872454,"**Reasoning:** The AUDJPY is showing strong bullish momentum with a high confidence level of 0.95. The fast EMA (100.70) is above the slow EMA (100.56), indicating a bullish crossover. The RSI at 58.35 suggests that the asset is not overbought yet, allowing room for further upward movement. The positive MACD value (0.14) supports the bullish trend.

**Suggested Action:** Consider entering a long position on AUDJPY to capitalize on the upward movement. Set a stop-loss just below the recent support level to manage risk effectively."
prediction,AUDJPY,up,0.95,1760015470.6955695,"Given the strong confidence level of 0.95 in an upward direction for AUDJPY, the following factors support this outlook:

1. **EMA Analysis**: The fast EMA (100.69589) is above the slow EMA (100.55908), indicating a bullish trend.
2. **RSI**: At 58.39, the RSI suggests that the asset is not overbought, leaving room for further upward movement.
3. **MACD**: The positive MACD value (0.13681) reinforces the bullish momentum.

**Suggested Action**: Consider entering a long position on AUDJPY to capitalize on the anticipated upward movement. Set a stop-loss just below the recent support level to manage risk effectively."
prediction,AUDJPY,up,0.95,1760015473.9173462,"**Reasoning:**
The AUDJPY pair shows strong upward momentum with a high confidence level of 0.95. The fast EMA (100.69635) is above the slow EMA (100.5593), indicating a bullish trend. The RSI at 58.53 suggests that the asset is not overbought, allowing room for further upward movement. The positive MACD value (0.13705) reinforces the bullish sentiment.

**Suggested Action:**
Consider entering a long position in AUDJPY. Set a stop-loss just below the slow EMA to manage risk, and target a profit level at the next significant resistance. Monitor the RSI for any signs of overbought conditions as the trade progresses."
prediction,AUDJPY,up,0.95,1760015477.453817,"**Reasoning:** The AUDJPY pair shows strong bullish momentum with a high confidence level of 0.95. The fast EMA (100.69635) is above the slow EMA (100.5593), indicating a bullish crossover. The RSI at 58.53 suggests the asset is not overbought, allowing for further upward movement. Additionally, the MACD (0.13705) confirms bullish momentum.

**Suggested Action:** Consider entering a long position on AUDJPY. Set a stop-loss below the recent support level to manage risk, and look for profit-taking opportunities at resistance levels or when the RSI approaches overbought territory (above 70)."
prediction,AUDJPY,up,0.95,1760015482.0481203,"**Reasoning:** The AUDJPY shows strong bullish momentum, indicated by a high confidence level of 0.95. The fast EMA (100.6965) is above the slow EMA (100.55938), confirming a bullish trend. An RSI of 58.57 suggests that the asset is not overbought, leaving room for further upside. The positive MACD value (0.13713) reinforces the upward momentum.

**Suggested Action:** Consider entering a long position on AUDJPY to capitalize on the upward trend. Set a stop-loss just below the recent support level to manage risk effectively."
prediction,AUDJPY,up,0.95,1760015486.1969504,"**Reasoning:** The AUDJPY pair shows strong bullish momentum with a high confidence level of 0.95. The fast EMA (100.70) is above the slow EMA (100.56), indicating a bullish crossover. The RSI at 58.66 suggests that the asset is not overbought, providing room for further upward movement. Additionally, the positive MACD (0.13728) supports the bullish outlook.

**Suggested Action:** Consider entering a long position on AUDJPY. Set a stop-loss below the recent support level to manage risk, and aim for a target based on recent resistance levels or a risk-reward ratio of at least 1:2."
prediction,AUDJPY,up,0.95,1760015490.0557756,"**Reasoning:** The AUDJPY is showing strong bullish momentum with a high confidence level of 0.95. The fast EMA (100.70) is above the slow EMA (100.56), indicating a bullish crossover. The RSI at 59.02 suggests that the pair is approaching overbought territory but is not yet overextended, allowing for further upward movement. The positive MACD value (0.14) supports the bullish trend.

**Suggested Action:** Consider entering a long position on AUDJPY, targeting resistance levels above 101.00. Set a stop-loss just below the recent support at around 100.40 to manage risk effectively. Monitor the RSI closely for potential overbought signals."
prediction,AUDJPY,up,0.95,1760015496.197134,"**Reasoning:** The AUDJPY shows strong bullish momentum with a high confidence level of 0.95. The fast EMA (100.698) is above the slow EMA (100.560), indicating a bullish trend. The RSI at 59.02 suggests that the asset is not overbought, leaving room for further upward movement. Additionally, the positive MACD (0.13792) reinforces the bullish sentiment.

**Suggested Action:** Consider entering a long position on AUDJPY. Set a stop-loss below the recent support level to manage risk, and aim for a target that aligns with key resistance levels. Monitor the RSI for any signs of overbought conditions as the trade progresses."
prediction,AUDJPY,up,0.95,1760015500.2893908,"**Reasoning:** The AUDJPY pair shows a strong bullish signal with a high confidence level of 0.95. The fast EMA (100.6982) is above the slow EMA (100.56019), indicating a potential upward trend. The RSI at 59.07 suggests that the asset is not overbought, leaving room for further upward movement. The positive MACD (0.138) reinforces the bullish momentum.

**Suggested Action:** Consider entering a long position in AUDJPY to capitalize on the anticipated upward movement. Set a stop-loss below the recent support level to manage risk effectively."
prediction,AUDJPY,up,0.95,1760015506.1410785,"**Reasoning:** The AUDJPY pair shows a strong bullish trend, supported by a high confidence level of 0.95. The EMA Fast (100.70) is above the EMA Slow (100.56), indicating upward momentum. The RSI at 60 suggests the asset is not overbought, allowing for further upside potential. The MACD (0.14) is also positive, reinforcing the bullish outlook.

**Suggested Action:** Consider entering a long position on AUDJPY to capitalize on the upward trend. Set a stop-loss just below the EMA Slow (around 100.55) to manage risk, and aim for a target that aligns with recent resistance levels."
prediction,AUDJPY,up,0.95,1760015510.5215313,"**Reasoning:** The AUDJPY shows strong bullish momentum with a high confidence level of 0.95. The fast EMA (100.70) is above the slow EMA (100.56), indicating a bullish crossover. The RSI at 59.52 suggests the asset is not overbought, allowing for further upward movement. Additionally, the positive MACD (0.1388) supports the upward trend.

**Suggested Action:** Consider entering a long position on AUDJPY to capitalize on the anticipated upward movement. Set a stop-loss below the recent support level to manage risk effectively."
prediction,AUDJPY,up,0.95,1760015514.487473,"**Reasoning:** The AUDJPY pair shows strong bullish momentum with a high confidence level of 0.95 in the upward direction. The Fast EMA (100.69912) is above the Slow EMA (100.56064), indicating a bullish crossover. The RSI at 59.34 suggests that the asset is not overbought, leaving room for further upward movement. Additionally, the positive MACD value (0.13848) confirms the strength of the bullish trend.

**Suggested Action:** Consider entering a long position on AUDJPY. Set a stop-loss slightly below the Slow EMA to manage risk, and look for profit targets based on previous resistance levels or a risk-reward ratio of at least 1:2."
prediction,AUDJPY,up,0.95,1760015518.308892,"**Reasoning:** The AUDJPY pair shows strong bullish momentum with a high confidence level of 0.95. The Fast EMA (100.70) is above the Slow EMA (100.56), indicating a bullish crossover. The RSI at 58.89 suggests that the asset is not overbought, leaving room for upward movement. Additionally, the MACD value of 0.13768 confirms the positive momentum.

**Suggested Action:** Consider entering a long position on AUDJPY. Set a stop-loss just below the Slow EMA (around 100.55) to manage risk, and aim for a target price above the recent resistance levels."
prediction,AUDJPY,up,0.95,1760015523.6704354,"**Reasoning:** The AUDJPY shows strong bullish momentum with a high confidence level of 0.95. The fast EMA (100.70) is above the slow EMA (100.56), indicating a bullish crossover. The RSI at 58.26 suggests that the asset is not overbought, allowing for further upward movement. Additionally, the positive MACD (0.137) reinforces the bullish sentiment.

**Suggested Action:** Consider entering a long position on AUDJPY to capitalize on the anticipated upward movement. Set a stop-loss below the recent support level to manage risk effectively."
prediction,AUDJPY,up,0.95,1760015528.0026798,"**Reasoning:** The AUDJPY shows a strong bullish trend with a high confidence level of 0.95. The fast EMA (100.6945) is above the slow EMA (100.55842), indicating a potential upward momentum. The RSI at 57.99 suggests the market is not overbought, allowing further room for upward movement. Additionally, the positive MACD (0.13609) reinforces the bullish outlook.

**Suggested Action:** Consider entering a long position in AUDJPY to capitalize on the anticipated upward movement. Set a stop-loss below the recent support level to manage risk effectively."
prediction,AUDJPY,up,0.95,1760015533.8098154,"**Reasoning:** The AUDJPY pair shows a strong bullish signal with a high confidence level of 0.95. The fast EMA (100.70) is above the slow EMA (100.56), indicating a potential upward momentum. The RSI at 58.22 suggests that the asset is not overbought, leaving room for further gains. The MACD positive value (0.14) also supports the bullish outlook.

**Suggested Action:** Consider entering a long position in AUDJPY. Set a stop-loss below the recent support level to manage risk, and aim for a target that reflects a favorable risk-reward ratio, ideally at least 1.5 times your risk."
prediction,AUDJPY,up,0.95,1760015537.7020922,"**Reasoning:** The AUDJPY pair shows a strong upward momentum with a high confidence level of 0.95. The fast EMA (100.70) is above the slow EMA (100.56), indicating a bullish crossover. The RSI at 58.30 suggests that the asset is not overbought, allowing for further upside potential. Additionally, the positive MACD value (0.13665) supports the bullish trend.

**Suggested Action:** Consider entering a long position on AUDJPY. Set a stop-loss below the recent support level to manage risk, and aim for a target based on the next resistance level for potential profit-taking."
prediction,AUDJPY,up,0.95,1760015544.0082624,"**Reasoning:** The AUDJPY is showing strong bullish momentum with a high confidence level of 0.95. The fast EMA (100.70) is above the slow EMA (100.56), indicating a bullish crossover. The RSI at 58.66 suggests that the asset is not overbought, allowing for further upward movement. Additionally, the positive MACD value (0.13728) supports the bullish trend.

**Suggested Action:** Consider entering a long position on AUDJPY. Set a stop loss just below the slow EMA to manage risk, and target a profit level around the next resistance zone. Monitor the RSI for overbought conditions as a signal to take profits."
prediction,AUDJPY,up,0.95,1760015549.3828452,"**Reasoning:** The AUDJPY pair shows strong bullish momentum with a high confidence level of 0.95. The fast EMA (100.6965) is above the slow EMA (100.55938), indicating a bullish crossover. The RSI at 58.57 suggests that the asset is not overbought, allowing for further upward movement. Additionally, the positive MACD value (0.13713) supports the upward trend.

**Suggested Action:** Consider entering a long position on AUDJPY. Set a stop-loss just below the recent support level to manage risk and target a profit at the next resistance level above the current price."
prediction,AUDJPY,up,0.95,1760015553.1337514,"**Reasoning:** The AUDJPY pair shows strong bullish signals with a high confidence level of 0.95. The fast EMA (100.69527) is above the slow EMA (100.55879), indicating a bullish trend. The RSI at 58.22 suggests that the market is not overbought, leaving room for upward movement. Additionally, the positive MACD (0.13649) reinforces the bullish momentum.

**Suggested Action:** Consider entering a long position on AUDJPY to capitalize on the anticipated upward movement. Set a stop-loss just below the recent support level to manage risk effectively."
prediction,AUDJPY,up,0.95,1760015561.4633317,"**Reasoning:** The AUDJPY is showing strong bullish momentum with a high confidence level of 0.95. The fast EMA (100.70) is above the slow EMA (100.56), indicating a bullish crossover. The RSI at 58.22 suggests that the asset is not overbought, allowing room for further upward movement. Additionally, the MACD value of 0.13649 supports the bullish trend.

**Suggested Action:** Consider entering a long position in AUDJPY to capitalize on the upward momentum. Set a stop-loss just below the recent support level to manage risk effectively. Monitor for any signs of reversal or overbought conditions as the trade progresses."
prediction,AUDJPY,up,0.95,1760015566.0687377,"**Reasoning:** The AUDJPY pair shows a strong bullish signal with a high confidence level of 0.95. The fast EMA (100.69527) is above the slow EMA (100.55879), indicating a bullish trend. The RSI at 58.22 suggests that the asset is not overbought, leaving room for upward movement. Additionally, the positive MACD value (0.13649) supports the upward momentum.

**Suggested Action:** Consider entering a long position on AUDJPY. Set a stop-loss just below the recent support level to manage risk, and aim for a target that reflects a favorable risk-reward ratio."
prediction,AUDJPY,up,0.95,1760015571.1945674,"**Reasoning:** The AUDJPY pair shows strong bullish momentum with a high confidence level of 0.95. The fast EMA (100.70) is above the slow EMA (100.56), indicating an upward trend. The RSI (58.17) suggests that the asset is not overbought, allowing for further upward movement. The MACD (0.13641) is positive, reinforcing the bullish sentiment.

**Suggested Action:** Consider entering a long position on AUDJPY. Set a stop-loss just below the slow EMA (around 100.55) to manage risk, and target a resistance level above the current price for profit-taking. Monitor the RSI for potential overbought signals as the trade progresses."
prediction,AUDJPY,up,0.95,1760015573.7096193,"**Reasoning:** The AUDJPY pair shows strong bullish momentum with a high confidence level of 0.95. The fast EMA (100.69) is above the slow EMA (100.56), indicating a bullish crossover. The RSI at 58 suggests that the asset is not overbought, leaving room for upward movement. The positive MACD (0.13633) confirms the bullish trend.

**Suggested Action:** Consider entering a long position on AUDJPY. Set a stop-loss just below the slow EMA (around 100.55) to manage risk, and target a profit level above recent highs to capitalize on the upward momentum."
prediction,AUDJPY,up,0.95,1760015577.2550302,"**Analysis:**

1. **Predicted Direction**: Up (Confidence: 0.95) - Strong bullish sentiment.
2. **EMA Fast (100.69512) vs. EMA Slow (100.55871)**: The fast EMA is above the slow EMA, indicating a bullish trend.
3. **RSI (58.17221)**: Above 50 suggests upward momentum but not yet overbought.
4. **MACD (0.13641)**: Positive value indicates bullish momentum.

**Suggested Action**: Consider entering a long position on AUDJPY to capitalize on the anticipated upward movement. Set a stop-loss slightly below the recent support level to manage risk effectively. Monitor for any changes in momentum indicators to adjust your position as necessary."
prediction,AUDJPY,up,0.95,1760015582.2459922,"**Reasoning:** The AUDJPY pair shows strong bullish momentum, supported by a high confidence level of 0.95. The EMA Fast (100.70) is above the EMA Slow (100.56), indicating a bullish trend. The RSI at 58.39 suggests the asset is not overbought, allowing room for further upward movement. Additionally, the positive MACD (0.13681) reinforces the bullish outlook.

**Suggested Action:** Consider entering a long position on AUDJPY. Set a stop-loss just below the EMA Slow (around 100.55) to manage risk, and target a profit level based on recent resistance levels or a risk-reward ratio of at least 1:2."
prediction,AUDJPY,up,0.95,1760015586.446382,"**Reasoning:** The AUDJPY pair shows a strong upward momentum with a high confidence level of 0.95. The fast EMA (100.6962) is above the slow EMA (100.55923), indicating a bullish crossover. The RSI at 58.48 suggests the asset is not overbought, allowing room for further upward movement. Additionally, the positive MACD (0.13697) supports the bullish trend.

**Suggested Action:** Consider entering a long position on AUDJPY to capitalize on the anticipated upward movement. Set a stop-loss just below the slow EMA to manage risk effectively."
prediction,AUDJPY,up,0.95,1760015590.430649,"**Reasoning:** The AUDJPY pair is showing strong upward momentum, supported by a high confidence level of 0.95. The fast EMA (100.70) is above the slow EMA (100.56), indicating a bullish trend. The RSI (58.66) suggests that the asset is not overbought, leaving room for further upward movement. Additionally, the positive MACD (0.14) reinforces the bullish outlook.

**Suggested Action:** Consider entering a long position on AUDJPY, targeting key resistance levels while placing a stop-loss just below the recent support to manage risk effectively. Monitor for any signs of reversal or weakening momentum."
prediction,AUDJPY,up,0.95,1760015592.9875436,"**Reasoning:** The AUDJPY pair shows a strong bullish outlook with a high confidence level of 0.95. The fast EMA (100.70) is above the slow EMA (100.56), indicating a bullish trend. The RSI at 58.89 suggests that the asset is not overbought, leaving room for further upward movement. Additionally, the positive MACD (0.14) reinforces the bullish momentum.

**Suggested Action:** Consider entering a long position on AUDJPY. Set a target for a reasonable profit based on recent price action and a stop-loss just below the slow EMA to manage risk."
prediction,AUDJPY,up,0.95,1760015598.1462884,"**Reasoning:** The AUDJPY pair shows strong bullish momentum with a high confidence level of 0.95. The fast EMA (100.6962) is above the slow EMA (100.55923), indicating a bullish crossover. The RSI at 58.48 suggests there is still room for upward movement without being overbought. Additionally, the positive MACD value (0.13697) reinforces the bullish trend.

**Suggested Action:** Consider entering a long position to capitalize on the upward momentum. Set a stop-loss below the recent support level to manage risk effectively. Monitor for potential profit-taking opportunities as the price approaches key resistance levels."
prediction,AUDJPY,up,0.95,1760015602.7244658,"**Reasoning:** The AUDJPY shows a strong bullish signal with a high confidence level of 0.95. The fast EMA is above the slow EMA, indicating a potential upward trend. The RSI is at 58.48, suggesting that the asset is not overbought yet, allowing for further upward movement. The MACD is positive, reinforcing the bullish momentum.

**Suggested Action:** Consider entering a long position on AUDJPY. Set a stop-loss below the recent support level to manage risk, and look for potential profit-taking opportunities at resistance levels or based on a trailing stop strategy."
prediction,AUDJPY,up,0.95,1760015607.4387476,"**Reasoning:** The AUDJPY pair shows strong bullish momentum with a high confidence level of 0.95. The fast EMA (100.70) is above the slow EMA (100.56), indicating a potential upward trend. The RSI at 58.39 suggests that the asset is not overbought, leaving room for further upward movement. Additionally, the positive MACD value (0.14) supports the bullish sentiment.

**Suggested Action:** Consider entering a long position on AUDJPY. Set a stop-loss just below the recent support level to manage risk, and target a profit level based on recent resistance areas or a risk-reward ratio of at least 1:2."
prediction,AUDJPY,up,0.95,1760015612.6603,"**Reasoning:** The AUDJPY pair shows strong bullish momentum with a high confidence level of 0.95. The fast EMA (100.70) is above the slow EMA (100.56), indicating a bullish crossover. The RSI at 58.26 suggests that the pair is not overbought, allowing for further upward movement. Additionally, the positive MACD (0.13657) supports the upward trend.

**Suggested Action:** Enter a long position on AUDJPY, targeting the next resistance level. Set a stop-loss just below the recent support level to manage risk effectively."
prediction,AUDJPY,up,0.95,1760015618.3134096,"**Reasoning:**
The AUDJPY pair shows strong bullish momentum with a high confidence level of 0.95. The fast EMA (100.70) is above the slow EMA (100.56), indicating a bullish trend. The RSI at 58.26 suggests that the asset is not overbought, leaving room for further upward movement. Additionally, the MACD value of 0.13657 supports the bullish outlook as it indicates positive momentum.

**Suggested Action:**
Consider entering a long position on AUDJPY to capitalize on the expected upward movement. Set a stop-loss just below the recent support level to manage risk effectively."
prediction,AUDJPY,up,0.95,1760015622.691756,"**Reasoning:** The AUDJPY is showing strong bullish momentum. The fast EMA (100.6962) is above the slow EMA (100.55923), indicating a bullish trend. The RSI at 58.48 suggests that the asset is not overbought, leaving room for further upward movement. Additionally, the positive MACD value (0.13697) confirms the bullish sentiment.

**Suggested Action:** Consider entering a long position in AUDJPY. Set a stop-loss just below the recent support level to manage risk, and look for potential profit targets at key resistance levels."
prediction,AUDJPY,up,0.95,1760015628.0963445,"**Reasoning:** The AUDJPY pair shows strong bullish momentum, indicated by a high confidence level of 0.95. The fast EMA (100.70) is above the slow EMA (100.56), signaling a potential upward trend. The RSI at 58.89 suggests that the asset is not overbought, leaving room for further upside. Additionally, the MACD value of 0.13768 supports the upward movement with positive momentum.

**Suggested Action:** Consider entering a long position on AUDJPY to capitalize on the predicted upward movement. Set a stop-loss just below the slow EMA (around 100.55) to manage risk effectively."
prediction,AUDJPY,up,0.95,1760015630.1714718,"**Reasoning:** The AUDJPY pair shows a strong bullish momentum with a high confidence level of 0.95. The fast EMA (100.69804) is above the slow EMA (100.56012), indicating a potential upward trend. The RSI at 59.0214 suggests that the asset is not overbought, leaving room for further price increases. The positive MACD (0.13792) supports the upward movement.

**Suggested Action:** Consider entering a long position on AUDJPY to capitalize on the predicted upward trend. Set a stop-loss just below the slow EMA to manage risk effectively."
prediction,AUDJPY,up,0.95,1760015633.8896732,"**Reasoning:** The AUDJPY pair shows strong bullish momentum with a high confidence level of 0.95. The Fast EMA (100.70) is above the Slow EMA (100.56), indicating a bullish crossover. The RSI at 59 suggests that the asset is not overbought, leaving room for further upward movement. The positive MACD value (0.138) reinforces the bullish trend.

**Suggested Action:** Consider entering a long position on AUDJPY. Set a stop-loss just below the Slow EMA (around 100.55) to manage risk. Target a profit level at least 1-2% above the entry point, adjusting as necessary based on market conditions."
prediction,AUDJPY,up,0.95,1760015637.233377,"**Reasoning:** The strong upward prediction for AUDJPY is supported by a high confidence level of 0.95. The EMA Fast (100.69804) is above the EMA Slow (100.56012), indicating a bullish trend. Additionally, the RSI at 59.0214 suggests that the asset is not overbought, allowing room for further upward movement. The positive MACD value (0.13792) reinforces the bullish momentum.

**Suggested Action:** Consider entering a long position on AUDJPY to capitalize on the anticipated upward movement. Set a stop-loss below the recent support level to manage risk effectively."
prediction,AUDJPY,up,0.95,1760015639.3558466,"**Reasoning:**
The AUDJPY pair shows strong bullish momentum with a high confidence level of 0.95. The fast EMA (100.69804) is above the slow EMA (100.56012), indicating a potential upward trend. The RSI (59.0214) suggests that the asset is not overbought, leaving room for further gains. Additionally, the positive MACD (0.13792) reinforces the bullish outlook.

**Suggested Action:**
Consider entering a long position on AUDJPY to capitalize on the anticipated upward movement. Set a stop-loss slightly below the recent support level to manage risk effectively. Monitor for any signs of reversal or weakening momentum."
prediction,AUDJPY,up,0.95,1760015645.9294844,"**Reasoning:** The AUDJPY shows strong bullish momentum with a high confidence level of 0.95. The fast EMA (100.70) is above the slow EMA (100.56), indicating a bullish trend. The RSI (58.93) suggests that the market is not overbought, allowing for further upside potential. The MACD (0.13776) is positive, reinforcing the bullish outlook.

**Suggested Action:** Consider entering a long position in AUDJPY, setting a target just above the recent highs while placing a stop-loss below the recent support level to manage risk effectively."
prediction,AUDJPY,up,0.95,1760015651.6765933,"**Reasoning:** The AUDJPY pair shows a strong bullish signal with a high confidence level of 0.95. The fast EMA (100.70) is above the slow EMA (100.56), indicating a bullish trend. The RSI (58.89) suggests that the asset is not overbought yet, allowing for further upward movement. Additionally, the positive MACD (0.14) supports the upward momentum.

**Suggested Action:** Consider entering a long position on AUDJPY to capitalize on the anticipated upward movement. Set a stop-loss below the recent support level to manage risk effectively."
prediction,AUDJPY,up,0.95,1760015655.8676276,"**Reasoning:** The AUDJPY shows strong bullish momentum with a high confidence level of 0.95. The fast EMA (100.70) is above the slow EMA (100.56), indicating a bullish crossover. The RSI at 58.98 suggests that the asset is not overbought, allowing room for further upward movement. Additionally, the MACD (0.14) is positive, reinforcing the bullish trend.

**Suggested Action:** Consider entering a long position in AUDJPY to capitalize on the anticipated upward movement. Set a stop-loss just below the recent support level to manage risk effectively."
prediction,AUDJPY,up,0.95,1760015659.6837428,"**Reasoning:** The AUDJPY is showing strong bullish momentum with a high confidence level of 0.95. The fast EMA (100.70) is above the slow EMA (100.56), indicating a bullish trend. The RSI (58.62) suggests that the asset is not overbought, allowing for further upside potential. The MACD (0.1372) is positive, reinforcing the bullish sentiment.

**Suggested Action:** Consider entering a long position on AUDJPY. Set a stop-loss just below the recent support level to manage risk. Aim for a target based on recent resistance levels, adjusting as the position moves in your favor."
prediction,AUDJPY,up,0.95,1760015662.9452906,"**Reasoning:** The AUDJPY pair shows strong bullish signals. The fast EMA (100.70) is above the slow EMA (100.56), indicating a bullish trend. The RSI (58.22) is above 50, suggesting upward momentum, and the MACD (0.13649) is positive, further confirming the bullish outlook.

**Suggested Action:** Consider entering a long position in AUDJPY to capitalize on the predicted upward movement. Set a stop-loss just below the recent support level to manage risk effectively."
prediction,AUDJPY,up,0.95,1760015666.9087563,"**Reasoning:** The AUDJPY pair shows strong bullish momentum with a high confidence level of 0.95. The fast EMA (100.69481) is above the slow EMA (100.55856), indicating a bullish trend. Additionally, the RSI (58.08) suggests that the market is not overbought, allowing for further upward movement. The MACD (0.13625) also supports this bullish outlook.

**Suggested Action:** Consider entering a long position on AUDJPY to capitalize on the anticipated upward movement. Set a stop-loss slightly below the recent support level to manage risk effectively. Monitor for any signs of reversal or overbought conditions."
prediction,AUDJPY,up,0.95,1760015670.3568437,"**Reasoning:** The AUDJPY pair shows strong bullish potential, supported by a high confidence level of 0.95. The fast EMA is above the slow EMA, indicating an upward trend. The RSI at 58.22 suggests bullish momentum without being overbought, while the positive MACD value reinforces the upward direction.

**Suggested Action:** Consider entering a long position on AUDJPY. Set a stop-loss just below the EMA Slow at 100.56 to manage risk, and target a profit level at least 1-2% above the entry point to capitalize on the upward movement. Monitor key support and resistance levels closely."
prediction,AUDJPY,up,0.95,1760015673.909777,"**Reasoning:**
The AUDJPY pair shows a strong bullish signal with a high confidence level of 0.95. The fast EMA (100.69635) is above the slow EMA (100.5593), indicating a potential upward trend. The RSI at 58.53 suggests that the asset is not overbought, leaving room for further upward movement. Additionally, the positive MACD (0.13705) supports the bullish outlook.

**Suggested Action:**
Consider entering a long position on AUDJPY, targeting resistance levels above the current price while setting a stop-loss just below the recent support level to manage risk. Monitor for any signs of reversal or weakening momentum."
prediction,AUDJPY,up,0.95,1760015678.3104334,"**Reasoning:** The AUDJPY pair is showing strong bullish momentum with a high confidence level of 0.95. The fast EMA (100.70) is above the slow EMA (100.56), indicating a bullish crossover. The RSI at 58.30 suggests that the asset is not overbought, allowing further upward movement. Additionally, the positive MACD value (0.13665) reinforces the bullish sentiment.

**Suggested Action:** Consider entering a long position on AUDJPY to capitalize on the anticipated upward movement. Set a stop-loss just below the recent support level to manage risk effectively. Monitor for resistance levels to determine exit points."
prediction,AUDJPY,up,0.95,1760015681.5112107,"**Reasoning:** The AUDJPY shows strong bullish momentum with a high confidence level of 0.95. The fast EMA (100.70) is above the slow EMA (100.56), indicating a bullish trend. The RSI at 58.80 suggests that the market is not overbought yet, allowing for further upward movement. The positive MACD value (0.14) reinforces this bullish outlook.

**Suggested Action:** Consider entering a long position on AUDJPY to capitalize on the expected upward movement. Set a stop-loss just below the slow EMA (100.56) to manage risk effectively."
prediction,AUDJPY,up,0.95,1760015686.075901,"**Reasoning:** The AUDJPY pair shows strong bullish momentum with a high confidence level of 0.95. The fast EMA (100.698) is above the slow EMA (100.560), indicating a bullish trend. The RSI at 59.02 suggests that the asset is not overbought, providing room for further upward movement. The positive MACD value (0.13792) reinforces the potential for continued price increases.

**Suggested Action:** Consider entering a long position on AUDJPY. Set a stop-loss below the recent support level to manage risk, and look for potential profit-taking opportunities at key resistance levels."
prediction,AUDJPY,up,0.95,1760015691.3474917,"**Reasoning:**
The AUDJPY pair is showing strong bullish momentum with a high confidence level of 0.95. The fast EMA (100.69835) is above the slow EMA (100.56027), indicating a bullish crossover. The RSI (59.11) suggests that the market is not overbought, leaving room for further upward movement. Additionally, the positive MACD (0.13808) supports the upward trend.

**Suggested Action:**
Consider entering a long position on AUDJPY to capitalize on the anticipated upward movement. Set a stop-loss slightly below the slow EMA to manage risk and take profit at a resistance level or a predetermined target based on your risk-reward strategy."
prediction,AUDJPY,up,0.95,1760015695.710289,"**Reasoning:** The AUDJPY pair shows strong bullish momentum with a high confidence level of 0.95. The fast EMA (100.69804) is above the slow EMA (100.56012), indicating a bullish trend. The RSI at 59.02 suggests that the market is not overbought, allowing for further upward movement. The positive MACD value (0.13792) supports the bullish outlook.

**Suggested Action:** Consider entering a long position on AUDJPY to capitalize on the predicted upward movement. Set a stop-loss just below the recent support level to manage risk effectively. Target a profit level that aligns with your risk-reward strategy."
prediction,AUDJPY,up,0.95,1760015699.29768,"**Reasoning:** The AUDJPY pair shows strong bullish momentum with a high confidence level of 0.95. The fast EMA is above the slow EMA, indicating a potential upward trend. The RSI is at 59.43, suggesting that the asset is not overbought yet, allowing room for further gains. Additionally, the MACD is positive, reinforcing the bullish outlook.

**Suggested Action:** Consider entering a long position on AUDJPY to capitalize on the anticipated upward movement. Set a stop-loss just below the recent support level to manage risk effectively. Monitor for any signs of reversal or weakness."
prediction,AUDJPY,up,0.95,1760015704.3113897,"**Reasoning:** The AUDJPY pair shows strong bullish momentum with a high confidence level of 0.95. The fast EMA (100.69912) is above the slow EMA (100.56064), indicating a bullish crossover. The RSI at 59.34 suggests that the market is not overbought, allowing for further upward movement. The positive MACD value (0.13848) reinforces the bullish trend.

**Suggested Action:** Consider entering a long position on AUDJPY. Set a stop-loss just below the slow EMA to manage risk, and look for profit targets at key resistance levels above the current price."
prediction,AUDJPY,up,0.95,1760015708.0552018,"**Reasoning:**
The AUDJPY shows strong bullish signals with a high confidence level of 0.95. The fast EMA (100.70) is above the slow EMA (100.56), indicating a bullish trend. The RSI at 59.57 suggests that the asset is not overbought, allowing room for further upside. Additionally, the positive MACD (0.14) reinforces the upward momentum.

**Suggested Action:**
Consider entering a long position on AUDJPY. Set a target around the next resistance level, and place a stop-loss just below the recent support to manage risk effectively."
prediction,AUDJPY,up,0.95,1760015711.5835688,"**Reasoning:** The AUDJPY pair shows strong bullish momentum. The fast EMA (100.70) is above the slow EMA (100.56), indicating a potential uptrend. The RSI at 59.99 suggests that the asset is not yet overbought, leaving room for further upward movement. Additionally, the positive MACD (0.1396) reinforces the bullish outlook.

**Suggested Action:** Consider entering a long position on AUDJPY to capitalize on the anticipated upward movement. Set a stop-loss just below the recent support level to manage risk effectively. Monitor for any signs of reversal or overbought conditions."
prediction,AUDJPY,up,0.95,1760015716.435265,"**Reasoning:** The AUDJPY pair shows strong bullish momentum with a high confidence level of 0.95. The fast EMA (100.70) is above the slow EMA (100.56), indicating a bullish crossover. The RSI at 60.13 suggests that the asset is not overbought, allowing for further upward movement. Additionally, the positive MACD value (0.13984) reinforces the upward trend.

**Suggested Action:** Consider entering a long position on AUDJPY. Set a stop-loss just below the recent support level to manage risk, and aim for a profit target at the next resistance level. Monitor for any changes in momentum indicators for potential adjustments."
prediction,AUDJPY,up,0.95,1760015720.3433099,"**Reasoning:** The AUDJPY is showing strong bullish momentum with a high confidence level of 0.95. The fast EMA (100.7025) is above the slow EMA (100.56227), indicating a bullish crossover. The RSI at 60.37 suggests that the pair is not overbought, allowing for further upward movement. Additionally, the positive MACD (0.14024) supports the upward trend.

**Suggested Action:** Consider entering a long position on AUDJPY, with a stop-loss below the recent swing low to manage risk. Monitor for further bullish signals or resistance levels to adjust your strategy as needed."
prediction,AUDJPY,up,0.95,1760015725.1504257,"**Reasoning:** The AUDJPY pair shows strong bullish momentum with a high confidence level of 0.95. The fast EMA is above the slow EMA, indicating a potential upward trend. The RSI is above 60, suggesting that the asset is not overbought yet, allowing for further upside. The positive MACD value supports the bullish outlook.

**Suggested Action:** Consider entering a long position in AUDJPY. Set a stop-loss just below the recent support level to manage risk, and target a profit level based on recent resistance points. Monitor for any significant changes in market conditions that could affect momentum."
prediction,AUDJPY,up,0.95,1760015728.8135102,"**Reasoning:** The AUDJPY shows strong bullish signals with a high confidence level of 0.95. The fast EMA (100.70) is above the slow EMA (100.56), indicating a bullish trend. The RSI at 60.51 suggests that the asset is still in the bullish territory without being overbought. Additionally, the positive MACD (0.14) reinforces the upward momentum.

**Suggested Action:** Consider entering a long position in AUDJPY to capitalize on the anticipated upward movement. Monitor for any signs of market reversal or overbought conditions to manage your risk effectively."
prediction,AUDJPY,up,0.95,1760015733.3736744,"**Reasoning:** The AUDJPY shows strong bullish momentum with a high confidence level of 0.95. The EMA Fast is above the EMA Slow, indicating a bullish trend, while the RSI of 60.65 suggests that the asset is not overbought, allowing for further upside potential. The MACD value of 0.14071 supports this upward movement.

**Suggested Action:** Consider entering a long position on AUDJPY to capitalize on the expected upward movement. Set a stop-loss just below the EMA Slow (100.56) to manage risk, and aim for a target around the next resistance level."
prediction,AUDJPY,up,0.95,1760015738.1256323,"**Reasoning:** The AUDJPY pair shows strong bullish momentum, supported by a high confidence level of 0.95. The Fast EMA is above the Slow EMA, indicating a bullish trend. The RSI is at 60.84, suggesting that the market is not overbought yet, allowing for further upward movement. Additionally, the positive MACD value reinforces the strength of the bullish signal.

**Suggested Action:** Consider entering a long position in AUDJPY to capitalize on the upward trend. Set a stop-loss just below the recent support level to manage risk effectively."
prediction,AUDJPY,up,0.95,1760015742.1641557,"**Reasoning:** The AUDJPY pair shows strong upward momentum, supported by a high confidence level of 0.95. The fast EMA (100.70) is above the slow EMA (100.56), indicating a bullish trend. The RSI at 61.28 suggests that the asset is not overbought, allowing for further upside potential. Additionally, the positive MACD value (0.14175) reinforces the bullish sentiment.

**Suggested Action:** Consider entering a long position on AUDJPY to capitalize on the expected upward movement. Set a stop-loss just below the recent support level to manage risk effectively."
prediction,AUDJPY,up,0.95,1760015745.1537104,"**Reasoning:** The AUDJPY pair shows strong bullish momentum, indicated by a high confidence level of 0.95. The fast EMA (100.71) is above the slow EMA (100.56), confirming a bullish trend. The RSI (61.43) suggests the market is not overbought, allowing for further upside potential. The positive MACD (0.14) reinforces the upward momentum.

**Suggested Action:** Consider entering a long position on AUDJPY. Set a stop-loss just below the slow EMA (around 100.56) to manage risk, and aim for a profit target based on recent resistance levels or a risk-reward ratio of at least 1:2."
prediction,AUDJPY,up,0.95,1760015748.6379604,"**Reasoning:** The AUDJPY pair shows strong bullish momentum, supported by a high confidence level of 0.95. The Fast EMA is above the Slow EMA, indicating a potential uptrend. The RSI at 61.48 suggests that the asset is not overbought, leaving room for further upward movement. Additionally, the positive MACD value confirms the upward momentum.

**Suggested Action:** Consider entering a long position on AUDJPY to capitalize on the expected upward movement. Set a stop loss below the recent support level to manage risk effectively. Monitor for any signs of trend reversal or overbought conditions."
prediction,AUDJPY,up,0.95,1760015752.3789055,"**Reasoning:** The AUDJPY pair is showing strong bullish momentum, indicated by a high confidence level of 0.95 in the predicted upward direction. The fast EMA (100.71) is above the slow EMA (100.56), signaling a bullish trend. Additionally, the RSI (61.43) suggests that the asset is not overbought, allowing for further upward movement. The positive MACD (0.14) reinforces the bullish sentiment.

**Suggested Action:** Consider entering a long position on AUDJPY to capitalize on the anticipated upward movement. Set a stop-loss just below the slow EMA to manage risk effectively."
prediction,AUDJPY,up,0.95,1760015759.630436,"**Reasoning:** The AUDJPY pair shows strong bullish momentum with a high confidence level of 0.95. The fast EMA (100.7062) is above the slow EMA (100.56405), indicating a bullish crossover. The RSI at 61.53 suggests that the market is not overbought, leaving room for further upward movement. Additionally, the MACD value of 0.14215 supports the upward trend.

**Suggested Action:** Consider entering a long position in AUDJPY to capitalize on the predicted upward movement. Set a stop-loss slightly below the recent support level to manage risk effectively."
prediction,AUDJPY,up,0.95,1760015763.5597496,"**Reasoning:** The AUDJPY pair shows strong bullish momentum with a high confidence level of 0.95. The fast EMA (100.71) is above the slow EMA (100.56), indicating a bullish trend. The RSI (61.72) suggests that the market is not overbought, allowing for further upward movement. The positive MACD (0.14) confirms the bullish momentum.

**Suggested Action:** Consider entering a long position on AUDJPY to capitalize on the upward trend. Set a stop-loss below the recent support level to manage risk effectively."
prediction,AUDJPY,up,0.95,1760015768.7510078,"**Reasoning:**
The AUDJPY pair shows strong bullish momentum with a high confidence level of 0.95. The fast EMA (100.70727) is above the slow EMA (100.56456), indicating a bullish trend. The RSI (61.87) suggests that the asset is not overbought, allowing for further upward movement. The positive MACD (0.14271) reinforces the bullish sentiment.

**Suggested Action:**
Consider entering a long position on AUDJPY. Set a stop-loss just below the recent support level to manage risk, and look for profit-taking opportunities at resistance levels."
prediction,AUDJPY,up,0.95,1760015774.7689424,"**Reasoning:** The AUDJPY pair shows a strong bullish signal with a high confidence level of 0.95. The fast EMA (100.7085) is above the slow EMA (100.56516), indicating a bullish trend. The RSI at 62.27 suggests that the asset is not overbought, allowing for further upward movement. Additionally, the positive MACD (0.14335) reinforces the bullish momentum.

**Suggested Action:** Consider entering a long position on AUDJPY, with a target price above the recent highs to capitalize on the upward trend. Set a stop-loss just below the recent support level to manage risk effectively."
prediction,AUDJPY,up,0.95,1760015778.9582062,"**Reasoning:** The AUDJPY pair shows strong bullish momentum. The fast EMA (100.71) is above the slow EMA (100.56), indicating a bullish trend. The RSI at 62 suggests that the asset is not overbought, allowing for further upward movement. The positive MACD (0.143) confirms the strength of the current trend.

**Suggested Action:** Consider entering a long position on AUDJPY to capitalize on the anticipated upward movement. Set a stop-loss just below the recent support level to manage risk effectively."
prediction,AUDJPY,up,0.95,1760015783.2480614,"**Reasoning:**
The AUDJPY pair shows strong bullish momentum with a high confidence level of 0.95. The fast EMA (100.71) is above the slow EMA (100.57), indicating a potential uptrend. The RSI at 62.78 suggests that the asset is not yet overbought, allowing room for further upward movement. Additionally, the MACD value of 0.14415 supports the bullish trend.

**Suggested Action:**
Consider entering a long position on AUDJPY. Set a stop-loss just below the recent support level to manage risk. Target a reasonable profit level based on recent highs or Fibonacci retracement levels."
prediction,AUDJPY,up,0.95,1760015788.350874,"**Reasoning:** The AUDJPY pair shows strong bullish momentum with a high confidence level of 0.95. The fast EMA (100.7105) is above the slow EMA (100.56612), indicating a potential upward trend. The RSI at 62.94 suggests the asset is not overbought yet, allowing for further upward movement. The positive MACD (0.14438) reinforces the bullish sentiment.

**Suggested Action:** Consider entering a long position in AUDJPY to capitalize on the predicted upward movement. Set a stop-loss just below the recent support level to manage risk. Monitor the RSI for signs of overbought conditions as the trade progresses."
prediction,AUDJPY,up,0.95,1760015792.37123,"**Reasoning:**
The AUDJPY pair shows strong bullish momentum, supported by a high confidence level of 0.95. The fast EMA (100.7082) is above the slow EMA (100.56501), indicating a bullish trend. The RSI at 62.17 suggests that the pair is approaching overbought territory but is not yet overextended. The positive MACD (0.14319) further confirms the upward momentum.

**Suggested Action:**
Consider entering a long position on AUDJPY, with a target set at a resistance level above the current price. Implement a stop-loss just below the recent swing low to manage risk effectively. Monitor RSI for signs of overbought conditions as the trade progresses."
prediction,AUDJPY,up,0.95,1760015797.1126554,"**Reasoning:** The AUDJPY pair shows strong bullish momentum with a high confidence level of 0.95. The fast EMA (100.7085) is above the slow EMA (100.56516), indicating a bullish crossover. The RSI at 62.27 suggests that the market is not overbought yet, allowing for further upside potential. The positive MACD value (0.14335) reinforces the upward momentum.

**Suggested Action:** Consider entering a long position on AUDJPY. Set a stop-loss slightly below the recent support level to manage risk, and target a profit level based on recent resistance zones."
prediction,AUDJPY,up,0.95,1760015801.152016,"**Reasoning:** The AUDJPY pair shows strong bullish momentum with a high confidence level of 0.95. The fast EMA (100.71) is above the slow EMA (100.56), indicating a bullish trend. The RSI at 62 suggests that the asset is not overbought, allowing room for further upward movement. Additionally, the positive MACD value (0.143) reinforces the upward momentum.

**Suggested Action:** Consider entering a long position on AUDJPY to capitalize on the anticipated upward movement. Set a stop-loss below the recent support level to manage risk effectively."
prediction,AUDJPY,up,0.95,1760015804.4514182,"**Reasoning:** The AUDJPY pair shows strong bullish momentum with a high confidence level of 0.95. The fast EMA (100.71) is above the slow EMA (100.57), indicating a bullish trend. The RSI at 62.22 suggests that the asset is not overbought, allowing room for further upward movement. Additionally, the MACD is positive (0.14327), reinforcing the bullish outlook.

**Suggested Action:** Consider entering a long position on AUDJPY to capitalize on the anticipated upward movement. Set a stop-loss below the recent support level to manage risk effectively. Monitor the RSI and MACD for any signs of trend reversal."
prediction,AUDJPY,up,0.95,1760015808.3964837,"**Reasoning:**
The AUDJPY pair shows strong bullish momentum with a high confidence level of 0.95. The fast EMA (100.71) is above the slow EMA (100.56), indicating a potential upward trend. The RSI at 61.97 suggests that the asset is not overbought, leaving room for further upward movement. Additionally, the positive MACD (0.14287) confirms the bullish momentum.

**Suggested Action:**
Consider entering a long position in AUDJPY, targeting the next resistance levels while setting a stop-loss just below the recent support to manage risk effectively."
prediction,AUDJPY,up,0.95,1760015813.157384,"**Reasoning:** The AUDJPY shows strong bullish momentum. The fast EMA (100.71) is above the slow EMA (100.56), indicating a bullish trend. The RSI (61.77) is above 60, suggesting upward momentum without being overbought. The MACD (0.14255) is positive, reinforcing the bullish outlook.

**Suggested Action:** Consider entering a long position on AUDJPY. Set a stop-loss slightly below the recent support level to manage risk, and target a profit level based on recent resistance levels."
prediction,AUDJPY,up,0.95,1760015817.4633977,"**Reasoning:** The AUDJPY is showing strong bullish signals. The EMA Fast is above the EMA Slow, indicating upward momentum. The RSI is above 60, suggesting that the asset is in a bullish trend without being overbought. Additionally, the positive MACD value reinforces the upward momentum.

**Suggested Action:** Consider entering a long position on AUDJPY. Set a stop-loss slightly below the recent support level to manage risk, and aim for a target that aligns with the next resistance level. Monitor for any signs of reversal or overbought conditions."
prediction,AUDJPY,up,0.95,1760015822.5775962,"**Reasoning:** The AUDJPY is showing strong bullish momentum with a high confidence level of 0.95. The fast EMA (100.7085) is above the slow EMA (100.56516), confirming an upward trend. The RSI at 62.27 indicates that the asset is not overbought, allowing room for further gains. Additionally, the positive MACD (0.14335) suggests bullish momentum is increasing.

**Suggested Action:** Consider entering a long position on AUDJPY, with a target profit set above recent resistance levels. Use a trailing stop to protect gains as the price moves upward."
prediction,AUDJPY,up,0.95,1760015826.5509093,"**Reasoning:** The AUDJPY pair shows strong bullish momentum with a high confidence level of 0.95. The fast EMA (100.71) is above the slow EMA (100.57), indicating a bullish trend. The RSI at 62.48 suggests that the asset is approaching overbought territory but is not yet overextended. Additionally, the positive MACD value (0.14) supports the upward momentum.

**Suggested Action:** Consider entering a long position in AUDJPY, ideally at current market levels or on minor pullbacks, with a target set above recent resistance levels. Maintain a stop-loss just below the recent swing low to manage risk."
prediction,AUDJPY,up,0.95,1760015831.4858747,"**Reasoning**: The AUDJPY shows strong bullish momentum with a high confidence level of 0.95. The fast EMA (100.71) is above the slow EMA (100.57), indicating a bullish trend. The RSI at 62.63 suggests the asset is not overbought, allowing for further upward movement. Additionally, the positive MACD (0.14) supports the upward trend.

**Suggested Action**: Consider entering a long position on AUDJPY. Set a stop-loss just below the recent support level to manage risk, and target a profit level based on key resistance areas. Monitor for any signs of trend reversal."
prediction,AUDJPY,up,0.95,1760015834.9896731,"**Reasoning:** The AUDJPY pair shows strong bullish momentum, indicated by a high confidence level of 0.95. The fast EMA (100.71) is above the slow EMA (100.57), confirming a bullish trend. The RSI (62.58) suggests that the asset is in a healthy uptrend without being overbought, while the positive MACD (0.14) reinforces the upward momentum.

**Suggested Action:** Consider entering a long position on AUDJPY to capitalize on the anticipated upward movement. Set a stop-loss just below the slow EMA to manage risk effectively."
prediction,AUDJPY,up,0.95,1760015836.9837203,"**Reasoning:** The AUDJPY pair shows strong bullish momentum with a high confidence level of 0.95. The fast EMA (100.71) is above the slow EMA (100.57), indicating a bullish trend. The RSI at 62.33 suggests the asset is not overbought, leaving room for further upward movement. Additionally, the MACD value of 0.14343 confirms the positive momentum.

**Suggested Action:** Consider entering a long position on AUDJPY, setting a target near the next resistance level while placing a stop-loss just below the recent support level to manage risk effectively."
prediction,AUDJPY,up,0.95,1760015840.6016788,"**Reasoning:** The AUDJPY pair shows strong bullish momentum with a high confidence level of 0.95. The fast EMA (100.71) is above the slow EMA (100.57), indicating a bullish trend. The RSI at 62.99 suggests the asset is not overbought, allowing for further upward movement. Additionally, the positive MACD value (0.14446) supports the upward trend.

**Suggested Action:** Consider entering a long position in AUDJPY to capitalize on the expected upward movement. Set a stop-loss below the recent support level to manage risk effectively. Monitor for any signs of reversal or overbought conditions."
prediction,AUDJPY,up,0.95,1760015844.9516578,"**Reasoning:** The AUDJPY pair shows a strong bullish signal with a high confidence level of 0.95. The fast EMA (100.71) is above the slow EMA (100.57), indicating a bullish trend. The RSI at 63.09 suggests that the market is not yet overbought, allowing for further upside potential. The positive MACD value (0.14462) confirms the upward momentum.

**Suggested Action:** Consider entering a long position on AUDJPY to capitalize on the expected upward movement. Set a stop-loss just below the recent support level to manage risk effectively. Monitor for any signs of reversal or overbought conditions."
prediction,AUDJPY,up,0.95,1760015848.8646338,"**Reasoning:** The AUDJPY is showing strong bullish momentum with a high confidence level of 0.95. The fast EMA (100.71) is above the slow EMA (100.57), indicating a bullish crossover. The RSI at 63.56 suggests that the asset is not overbought yet, leaving room for further upward movement. The positive MACD value (0.14534) reinforces the bullish trend.

**Suggested Action:** Consider entering a long position on AUDJPY to capitalize on the upward momentum. Set a stop-loss slightly below the recent support level to manage risk effectively."
prediction,AUDJPY,up,0.95,1760015854.8059216,"**Reasoning:**
The AUDJPY pair shows strong bullish momentum with a high confidence level of 0.95. The fast EMA (100.71) is above the slow EMA (100.57), indicating a potential upward trend. The RSI (63.56) suggests the market is not yet overbought, providing room for further upward movement. Additionally, the positive MACD (0.14534) reinforces the bullish sentiment.

**Suggested Action:**
Consider entering a long position in AUDJPY. Set a stop-loss below the recent support level to manage risk, and look for profit-taking opportunities as the price approaches key resistance levels."
prediction,AUDJPY,up,0.95,1760015859.5433476,"**Reasoning:** The AUDJPY pair shows strong bullish momentum, indicated by the high confidence level of 0.95. The fast EMA (100.7125) is above the slow EMA (100.56708), confirming a bullish trend. The RSI at 63.62 suggests that the market is not overbought yet, allowing for further upward movement. The positive MACD (0.14542) reinforces the bullish outlook.

**Suggested Action:** Consider entering a long position on AUDJPY. Set a target near recent highs and use a trailing stop to protect profits as the price moves upward. Monitor for any signs of reversal or overbought conditions."
prediction,AUDJPY,up,0.95,1760015863.1325579,"**Reasoning:** The AUDJPY pair shows a strong bullish momentum with a high confidence level of 0.95. The fast EMA (100.71) is above the slow EMA (100.57), indicating a bullish crossover. The RSI at 63.56 suggests that the asset is not yet overbought, allowing for further upward movement. Additionally, the MACD value (0.14534) confirms the bullish trend.

**Suggested Action:** Consider entering a long position on AUDJPY to capitalize on the expected upward movement. Set a stop-loss below the recent support level to manage risk effectively."
prediction,AUDJPY,up,0.95,1760015866.634631,"**Reasoning:** The AUDJPY pair shows strong bullish momentum with a high confidence level of 0.95. The fast EMA (100.71) is above the slow EMA (100.57), indicating a bullish trend. The RSI (63.35) suggests that the market is not yet overbought, allowing for further upward movement. Additionally, the positive MACD (0.14502) supports the bullish outlook.

**Suggested Action:** Consider entering a long position on AUDJPY. Set a stop-loss just below the recent support level to manage risk effectively, and target a nearby resistance level for profit-taking."
prediction,AUDJPY,up,0.95,1760015870.7714913,"**Reasoning:**
The AUDJPY pair shows strong bullish momentum, indicated by a high confidence level of 0.95. The fast EMA (100.71) is above the slow EMA (100.57), confirming a bullish trend. The RSI at 63.56 suggests the asset is not overbought yet, allowing room for further upward movement. Additionally, the positive MACD (0.14534) reinforces the bullish outlook.

**Suggested Action:**
Consider entering a long position on AUDJPY to capitalize on the upward trend. Set a stop-loss below the recent support level to manage risk effectively. Monitor for any signs of reversal or overbought conditions."
prediction,AUDJPY,up,0.95,1760015874.2919364,"**Reasoning:**
The AUDJPY pair shows strong bullish momentum with a high confidence level of 0.95. The fast EMA (100.71) is above the slow EMA (100.57), indicating a bullish trend. The RSI at 63.30 suggests that the asset is not overbought yet, allowing room for further upward movement. Additionally, the positive MACD value (0.14494) reinforces the bullish sentiment.

**Suggested Action:**
Consider entering a long position on AUDJPY. Set a stop-loss just below the recent support level to manage risk. Monitor for a target around the next resistance level, adjusting as necessary based on market conditions."
prediction,AUDJPY,up,0.95,1760015878.3894644,"**Reasoning:** The AUDJPY pair shows strong bullish momentum with a high confidence level of 0.95. The fast EMA (100.71) is above the slow EMA (100.57), indicating a bullish trend. The RSI (63.20) suggests that the asset is not yet overbought, allowing room for further upward movement. The MACD (0.14478) confirms the bullish sentiment as it is above zero.

**Suggested Action:** Consider entering a long position on AUDJPY to capitalize on the anticipated upward movement. Set a stop-loss below the recent support level to manage risk effectively. Monitor for potential resistance levels to take profits."
prediction,AUDJPY,up,0.95,1760015884.2225704,"**Reasoning:** The AUDJPY pair shows strong bullish momentum, supported by a high confidence level of 0.95. The fast EMA (100.71) is above the slow EMA (100.57), indicating a bullish trend. The RSI (63.04) suggests the asset is not overbought, leaving room for further upward movement. The positive MACD (0.145) reinforces the potential for continued upward momentum.

**Suggested Action:** Consider entering a long position in AUDJPY to capitalize on the anticipated upward movement. Set a stop-loss just below the recent support level to manage risk effectively."
prediction,AUDJPY,up,0.95,1760015888.2147653,"**Reasoning:**
The AUDJPY is showing strong bullish momentum with a high confidence level of 0.95. The fast EMA (100.7105) is above the slow EMA (100.56612), indicating a bullish crossover. The RSI at 62.94 suggests the asset is not overbought yet, allowing for further upward movement. Additionally, the positive MACD (0.14438) confirms the upward trend.

**Suggested Action:**
Consider entering a long position in AUDJPY to capitalize on the upward momentum. Set a stop-loss below the recent support level to manage risk effectively. Aim for a target that aligns with recent resistance levels for optimal profit-taking."
prediction,AUDJPY,up,0.95,1760015892.5657635,"**Reasoning:**
The AUDJPY pair shows strong bullish momentum with a high confidence level of 0.95. The fast EMA (100.7105) is above the slow EMA (100.56612), indicating a potential upward trend. The RSI (62.94) is approaching overbought territory but still suggests upward momentum. The MACD (0.14438) is positive, reinforcing the bullish outlook.

**Suggested Action:**
Consider entering a long position on AUDJPY to capitalize on the anticipated upward movement. Set a stop-loss slightly below the slow EMA to manage risk effectively. Monitor for any signs of reversal as the RSI approaches overbought levels."
prediction,AUDJPY,up,0.95,1760015896.307345,"**Reasoning:** The AUDJPY pair shows strong bullish momentum indicated by a high confidence level (0.95). The fast EMA (100.71) is above the slow EMA (100.57), signaling a potential upward trend. Additionally, the RSI (63.09) suggests that the asset is not yet overbought, allowing for further upward movement. The positive MACD (0.14462) reinforces the bullish sentiment.

**Suggested Action:** Consider entering a long position on AUDJPY, setting a target just above recent resistance levels while placing a stop-loss below the recent swing low to manage risk effectively."
prediction,AUDJPY,up,0.95,1760015900.4896858,"**Reasoning:** The AUDJPY is showing strong bullish momentum with a high confidence level of 0.95. The fast EMA (100.71) is above the slow EMA (100.57), indicating a potential upward trend. The RSI at 62.89 suggests that the asset is not overbought yet, leaving room for further upward movement. The MACD value of 0.1443 also supports the bullish sentiment as it indicates positive momentum.

**Suggested Action:** Consider entering a long position on AUDJPY to capitalize on the predicted upward movement. Set a stop-loss slightly below the recent support level to manage risk effectively. Monitor the RSI and MACD for any signs of weakening momentum."
prediction,AUDJPY,up,0.95,1760015904.9056084,"**Reasoning:** The AUDJPY pair shows strong bullish signals with a high confidence level of 0.95. The fast EMA (100.71) is above the slow EMA (100.57), indicating a bullish trend. The RSI at 62.33 suggests that the asset is not overbought, leaving room for further upside. Additionally, the positive MACD (0.14) reinforces the upward momentum.

**Suggested Action:** Consider entering a long position in AUDJPY. Set a stop-loss below the recent support level to manage risk, and target a take-profit level at the next resistance zone. Monitor for any changes in momentum indicators to adjust the position accordingly."
prediction,AUDJPY,up,0.95,1760015909.8763645,"Given the strong upward prediction for AUDJPY with a confidence level of 0.95, the following indicators support this outlook:

1. **EMA Fast (100.70681) above EMA Slow (100.56434)**: This indicates a bullish trend, suggesting upward momentum.
2. **RSI (61.72453)**: This value is above 60, indicating that the asset is in bullish territory without being overbought.
3. **MACD (0.14247)**: The positive MACD value confirms upward momentum.

**Suggested Action**: Consider entering a long position in AUDJPY, placing a stop-loss slightly below the EMA Slow to manage risk. Target a profit level based on recent resistance levels or a risk-reward ratio of at least 1:2. Monitor the trade closely for any signs of reversal."
prediction,AUDJPY,up,0.95,1760015913.9152663,"**Reasoning:** The AUDJPY pair shows strong bullish momentum with a high confidence level of 0.95. The fast EMA (100.70635) is above the slow EMA (100.56412), indicating a bullish crossover. The RSI at 61.58 suggests the market is not overbought, allowing room for further upward movement. Additionally, the positive MACD (0.14223) reinforces the bullish trend.

**Suggested Action:** Consider entering a long position on AUDJPY, with a target above the recent highs. Set a stop-loss just below the recent support level to manage risk. Monitor for any signs of reversal or weakening momentum."
prediction,AUDJPY,up,0.95,1760015919.1496224,"**Reasoning:**
The AUDJPY pair shows strong bullish momentum with a high confidence level of 0.95. The fast EMA (100.71) is above the slow EMA (100.56), indicating a bullish trend. The RSI at 61.58 suggests that the market is not overbought, allowing for further upside potential. The MACD value of 0.14223 supports the upward momentum.

**Suggested Action:**
Consider entering a long position on AUDJPY. Set a stop-loss below the recent support level to manage risk, and aim for a profit target based on recent resistance levels or a specific risk-reward ratio (e.g., 1:2). Monitor for any signs of trend reversal or weakening momentum."
prediction,AUDJPY,up,0.95,1760015924.2804053,"**Reasoning:** The AUDJPY pair shows strong bullish momentum, supported by a high confidence level of 0.95. The fast EMA (100.71) is above the slow EMA (100.56), indicating a bullish trend. The RSI at 61.77 suggests that the asset is not overbought, leaving room for further upward movement. The MACD is positive (0.14), confirming the bullish sentiment.

**Suggested Action:** Consider entering a long position in AUDJPY to capitalize on the expected upward movement. Set a stop-loss just below the slow EMA to manage risk effectively."
prediction,AUDJPY,up,0.95,1760015932.2767572,"**Reasoning:** The AUDJPY is showing a strong bullish trend with a high confidence level of 0.95. The fast EMA (100.7062) is above the slow EMA (100.56405), indicating a potential upward momentum. The RSI at 61.53 suggests that the asset is not overbought, allowing for further upward movement. Additionally, the positive MACD value (0.14215) supports the bullish outlook.

**Suggested Action:** Consider entering a long position in AUDJPY to capitalize on the expected upward movement. Set a stop-loss just below the recent support level to manage risk effectively. Monitor for any signs of reversal or overbought conditions as the trade progresses."
prediction,AUDJPY,up,0.95,1760016016.0157006,"**Reasoning:** The AUDJPY pair shows strong upward momentum with a high confidence level of 0.95. The fast EMA (100.70035) is above the slow EMA (100.56123), indicating a bullish trend. The RSI at 59.71 suggests that the asset is not overbought, leaving room for further upward movement. Additionally, the positive MACD value (0.13912) reinforces the bullish sentiment.

**Suggested Action:** Consider entering a long position on AUDJPY. Set a target near the next resistance level and implement a stop-loss slightly below the recent support to manage risk effectively."
prediction,AUDJPY,up,0.95,1760016019.9855652,"**Reasoning:** The AUDJPY shows a strong bullish signal with a high confidence level of 0.95. The fast EMA (100.70081) is above the slow EMA (100.56145), indicating a potential upward trend. The RSI at 59.85 suggests that the asset is not overbought, leaving room for further upward movement. The positive MACD (0.13936) supports the bullish momentum.

**Suggested Action:** Consider entering a long position on AUDJPY to capitalize on the anticipated upward movement. Set a stop-loss below the recent support level to manage risk effectively."
prediction,AUDJPY,up,0.95,1760016024.4310935,"**Reasoning:** The AUDJPY pair shows strong bullish momentum with a high confidence level of 0.95. The Fast EMA (100.70) is above the Slow EMA (100.56), indicating a potential upward trend. The RSI at 59.99 suggests that the asset is not overbought yet, allowing for further upward movement. Additionally, the positive MACD value (0.1396) supports the bullish outlook.

**Suggested Action:** Consider entering a long position on AUDJPY to capitalize on the expected upward movement. Set a stop-loss just below the Slow EMA to manage risk effectively."
prediction,AUDJPY,up,0.95,1760016027.8790135,"**Reasoning:** The AUDJPY pair shows strong bullish momentum with a high confidence level of 0.95. The fast EMA (100.70) is above the slow EMA (100.56), indicating a bullish trend. The RSI (59.90) suggests that the asset is not overbought, allowing for further upward movement. Additionally, the positive MACD (0.13944) confirms the momentum.

**Suggested Action:** Consider entering a long position on AUDJPY to capitalize on the predicted upward movement. Set a stop-loss below the recent support level to manage risk effectively."
prediction,AUDJPY,up,0.95,1760016042.6377623,"**Reasoning:** The AUDJPY pair shows strong bullish momentum with a high confidence level of 0.95. The fast EMA (100.70097) is above the slow EMA (100.56153), indicating a bullish crossover. The RSI is at 59.90, suggesting that the asset is not overbought, allowing for further upward movement. The MACD is positive (0.13944), reinforcing the bullish trend.

**Suggested Action:** Consider entering a long position in AUDJPY to capitalize on the anticipated upward movement. Set a stop-loss just below the slow EMA (around 100.56) to manage risk, and look for potential profit targets at key resistance levels above the current price."
prediction,AUDJPY,up,0.95,1760016047.6600013,"**Reasoning:** The AUDJPY pair shows strong bullish momentum, indicated by a high confidence level of 0.95. The fast EMA (100.70112) is above the slow EMA (100.5616), confirming a bullish trend. The RSI at 59.94 suggests there is still room for upward movement without being overbought. The positive MACD (0.13952) further supports the upward trend.

**Suggested Action:** Consider entering a long position on AUDJPY to capitalize on the predicted upward movement. Set a stop-loss just below the recent support level to manage risk effectively. Monitor for potential profit-taking opportunities as the price approaches resistance levels."
prediction,AUDJPY,up,0.95,1760016052.9339345,"**Reasoning:** The AUDJPY pair shows strong bullish momentum with a high confidence level of 0.95. The fast EMA (100.70) is above the slow EMA (100.56), indicating a bullish crossover. The RSI at 60.32 suggests the asset is not overbought, allowing for further upside potential. The MACD value of 0.14 reinforces the bullish trend.

**Suggested Action:** Consider entering a long position on AUDJPY. Set a stop-loss slightly below the recent support level to manage risk, and target a profit at the next resistance level. Monitor for any signs of trend reversal or overextension."
prediction,AUDJPY,up,0.95,1760016057.1813726,"**Reasoning:** The AUDJPY shows a strong bullish signal with a high confidence level of 0.95. The fast EMA (100.70343) is above the slow EMA (100.56271), indicating a bullish trend. The RSI (60.65) is above 50, suggesting upward momentum without being overbought. The MACD (0.14071) is positive, reinforcing the bullish outlook.

**Suggested Action:** Consider entering a long position on AUDJPY. Set a stop-loss below the recent swing low to manage risk, and target a profit level that aligns with your risk-reward ratio. Monitor for any signs of reversal or weakening momentum."
prediction,AUDJPY,up,0.95,1760016059.7736676,"**Reasoning:** The AUDJPY is showing strong bullish momentum, indicated by a high confidence level of 0.95. The fast EMA (100.70) is above the slow EMA (100.56), confirming an upward trend. The RSI at 60.51 suggests that the asset is not overbought, leaving room for further upside. The positive MACD (0.14) reinforces the bullish sentiment.

**Suggested Action:** Consider entering a long position in AUDJPY. Set a stop-loss just below the slow EMA to manage risk, and target a profit level that aligns with your trading strategy, ideally above recent resistance levels."
prediction,AUDJPY,up,0.95,1760016063.7578382,"**Reasoning:** The AUDJPY pair shows strong bullish momentum with a high confidence level of 0.95. The fast EMA (100.70) is above the slow EMA (100.56), indicating a bullish trend. The RSI at 60.70 suggests that the market is not overbought, allowing room for further upward movement. Additionally, the positive MACD value (0.14) reinforces the bullish outlook.

**Suggested Action:** Consider entering a long position on AUDJPY to capitalize on the anticipated upward movement. Set a stop-loss slightly below the recent support level to manage risk effectively. Monitor for any signs of reversal or weakening momentum."
prediction,AUDJPY,up,0.95,1760016069.2624815,"**Reasoning:** The AUDJPY pair shows strong bullish momentum with a high confidence level of 0.95. The fast EMA (100.70) is above the slow EMA (100.56), indicating a potential upward trend. The RSI at 60.46 suggests that the asset is not overbought, allowing for further upward movement. Additionally, the MACD value of 0.1404 supports the bullish outlook.

**Suggested Action:** Consider entering a long position on AUDJPY. Set a stop-loss slightly below the slow EMA (around 100.55) to manage risk, and target a profit level above recent resistance points. Monitor for any changes in momentum indicators for adjustments."
prediction,AUDJPY,up,0.95,1760016075.8146224,"**Analysis:**

1. **Predicted Direction**: Up
   - High confidence (0.95) indicates strong bullish sentiment.

2. **EMA Indicators**: 
   - The Fast EMA (100.7025) is above the Slow EMA (100.56227), confirming an upward trend.

3. **RSI**: 
   - At 60.37, it indicates bullish momentum without being overbought (above 70).

4. **MACD**: 
   - The positive MACD value (0.14024) supports the bullish outlook, suggesting upward price momentum.

**Suggested Action**: 
Consider entering a long position on AUDJPY. Set a stop-loss just below the recent support level to manage risk, and target the next resistance level for profit-taking."
prediction,AUDJPY,up,0.95,1760016079.8100383,"**Reasoning:** The AUDJPY is showing strong bullish momentum with a high confidence level of 0.95. The fast EMA (100.70) is above the slow EMA (100.56), indicating a bullish crossover. The RSI at 60.41 suggests that the asset is not overbought, leaving room for further upward movement. Additionally, the positive MACD value (0.14) reinforces the bullish trend.

**Suggested Action:** Consider entering a long position on AUDJPY. Set a stop-loss just below the recent support level to manage risk, and aim for a target that reflects a favorable risk-reward ratio, ideally taking profits at resistance levels."
prediction,AUDJPY,up,0.95,1760016084.246424,"**Reasoning:** The AUDJPY shows strong bullish momentum with a high confidence level of 0.95. The fast EMA (100.70) is above the slow EMA (100.56), indicating a potential uptrend. The RSI at 60 suggests that the asset is not overbought, providing room for further upward movement. Additionally, the positive MACD value (0.14) supports the bullish outlook.

**Suggested Action:** Consider entering a long position on AUDJPY. Set a stop-loss just below the recent support level to manage risk, and target a resistance level for profit-taking. Monitor for any shifts in momentum indicators that may signal a change in trend."
prediction,AUDJPY,up,0.95,1760016089.2586715,"**Reasoning:**
The AUDJPY shows strong bullish momentum with a high confidence level of 0.95. The fast EMA (100.70) is above the slow EMA (100.56), indicating a bullish crossover. The RSI at 60.13 suggests that the asset is not overbought, allowing for further upward movement. The MACD value of 0.13984 supports the upward trend.

**Suggested Action:**
Consider entering a long position on AUDJPY. Set a stop-loss below the recent support level to manage risk, and aim for a target price based on recent resistance levels. Monitor the indicators for any signs of reversal."
prediction,AUDJPY,up,0.95,1760016093.8387609,"**Reasoning:** The AUDJPY pair shows strong bullish momentum. The EMA Fast (100.70) is above the EMA Slow (100.56), indicating a potential upward trend. The RSI at 60.41 suggests that the asset is not overbought, allowing for further upside. The positive MACD (0.14) reinforces the bullish outlook.

**Suggested Action:** Consider entering a long position on AUDJPY to capitalize on the predicted upward movement. Set a stop-loss just below the EMA Slow (around 100.55) to manage risk. Aim for a target above recent highs to maximize potential gains."
prediction,AUDJPY,up,0.95,1760016098.0391033,"**Reasoning:** The AUDJPY pair shows strong bullish momentum with a high confidence level of 0.95. The fast EMA (100.70) is above the slow EMA (100.56), indicating a bullish trend. The RSI at 60.51 suggests that the asset is not overbought, allowing for further upward movement. Additionally, the positive MACD value (0.14) supports the upward momentum.

**Suggested Action:** Consider entering a long position on AUDJPY to capitalize on the anticipated upward movement. Set a stop-loss below the recent support level to manage risk effectively."
prediction,AUDJPY,up,0.95,1760016102.928912,"**Reasoning:** The AUDJPY pair shows strong bullish momentum with a high confidence level of 0.95. The fast EMA (100.7025) is above the slow EMA (100.56227), indicating a bullish crossover. The RSI at 60.37 suggests that the asset is not yet overbought, allowing for further upward movement. Additionally, the positive MACD (0.14024) reinforces the bullish sentiment.

**Suggested Action:** Consider entering a long position on AUDJPY. Set a target near resistance levels and place a stop-loss just below the recent support to manage risk effectively."
prediction,AUDJPY,up,0.95,1760016106.626254,"**Reasoning:**
The AUDJPY pair shows a strong bullish outlook with a high confidence level of 0.95. The fast EMA (100.7025) is above the slow EMA (100.56227), indicating a bullish trend. The RSI at 60.37 suggests that the asset is not overbought, allowing for further upward movement. The positive MACD value (0.14024) reinforces the bullish momentum.

**Suggested Action:**
Consider entering a long position on AUDJPY. Set a stop-loss slightly below the slow EMA (around 100.55) to manage risk, and target a profit level at least 1-2% above the current price, adjusting as necessary based on market conditions."
prediction,AUDJPY,up,0.95,1760016110.5585299,"**Reasoning:** The AUDJPY pair shows strong bullish momentum. The EMA Fast (100.70) is above the EMA Slow (100.56), indicating a potential upward trend. The RSI (60.46) is above the neutral level (50), suggesting that the asset is gaining strength, but not yet overbought. The positive MACD (0.1404) further supports the bullish outlook.

**Suggested Action:** Consider entering a long position on AUDJPY. Set a stop-loss below the recent support level to manage risk, and aim for a target that reflects a favorable risk-reward ratio, ideally above the recent resistance levels."
prediction,AUDJPY,up,0.95,1760016114.4654026,"**Reasoning:** The AUDJPY shows a strong bullish signal with a high confidence level of 0.95. The fast EMA (100.7022) is above the slow EMA (100.56212), indicating a potential upward trend. Additionally, the RSI (60.27) suggests that the market is not overbought yet, allowing room for further upward movement. The MACD (0.14008) supports this bullish outlook as it is positive.

**Suggested Action:** Consider entering a long position on AUDJPY to capitalize on the predicted upward movement. Set a stop-loss just below the recent support level to manage risk effectively. Monitor the RSI for signs of overbought conditions to decide on profit-taking."
prediction,AUDJPY,up,0.95,1760016118.4729156,"**Reasoning:** The AUDJPY is showing strong bullish momentum with a high confidence level of 0.95. The fast EMA is above the slow EMA, indicating a potential uptrend. The RSI at 60 suggests that the asset is not overbought, providing room for further upward movement. The positive MACD value reinforces the bullish signal.

**Suggested Action:** Consider entering a long position on AUDJPY. Set a stop-loss just below the recent support level to manage risk, and aim for a target that aligns with the next resistance level. Monitor the indicators for any signs of reversal or weakening momentum."
prediction,AUDJPY,up,0.95,1760016122.6676393,"**Reasoning:** The AUDJPY pair shows strong bullish momentum with a high confidence level of 0.95. The fast EMA (100.70143) is above the slow EMA (100.56175), indicating a bullish trend. The RSI at 60.04 suggests there is still room for upward movement without being overbought. Additionally, the positive MACD (0.13968) reinforces the upward momentum.

**Suggested Action:** Consider entering a long position in AUDJPY. Set a stop-loss just below the slow EMA to manage risk, and target a profit level based on recent resistance levels or a predetermined risk-reward ratio."
prediction,AUDJPY,up,0.95,1760016127.1027339,"**Reasoning:** The AUDJPY is showing strong bullish momentum with a high confidence level (0.95). The fast EMA (100.70) is above the slow EMA (100.56), indicating a positive trend. The RSI at 60.32 suggests that the asset is not overbought, leaving room for further upward movement. The MACD is also positive (0.14), supporting the bullish outlook.

**Suggested Action:** Consider entering a long position in AUDJPY, taking advantage of the upward momentum. Set a stop-loss just below the recent support level to manage risk, and look for profit targets based on recent resistance levels."
prediction,AUDJPY,up,0.95,1760016131.31568,"**Reasoning:** The AUDJPY pair shows strong bullish momentum with a high confidence level of 0.95. The fast EMA (100.70) is above the slow EMA (100.56), indicating a bullish trend. The RSI at 59.85 suggests the asset is not overbought, allowing for further upward movement, while the MACD of 0.13936 confirms positive momentum.

**Suggested Action:** Consider entering a long position on AUDJPY to capitalize on the upward trend. Set a stop-loss just below the recent support level to manage risk effectively."
prediction,AUDJPY,up,0.95,1760016134.921846,"**Reasoning:** The AUDJPY shows strong bullish momentum with a high confidence level of 0.95. The fast EMA (100.70) is above the slow EMA (100.56), indicating a bullish crossover. The RSI at 59.90 suggests that the asset is not overbought, providing room for further upside. Additionally, the positive MACD (0.13944) reinforces the upward trend.

**Suggested Action:** Consider entering a long position on AUDJPY to capitalize on the expected upward movement. Set a stop-loss just below the recent support level to manage risk."
prediction,AUDJPY,up,0.95,1760016139.1804173,"**Reasoning:** The AUDJPY is showing strong bullish momentum with a high confidence level of 0.95. The fast EMA (100.7005) is above the slow EMA (100.5613), indicating a bullish crossover. The RSI is at 59.76, suggesting that the asset is not overbought, leaving room for further upward movement. The MACD value of 0.1392 supports the bullish trend.

**Suggested Action:** Consider entering a long position on AUDJPY. Set a stop-loss just below the recent support level to manage risk, and target a profit at the next resistance level for optimal gains."
prediction,AUDJPY,up,0.95,1760016144.503557,"**Reasoning:**
The AUDJPY is showing strong bullish momentum. The fast EMA (100.7005) is above the slow EMA (100.5613), indicating a bullish trend. The RSI (59.76) suggests that the asset is not overbought, allowing for further upward movement. Additionally, the MACD (0.1392) is positive, reinforcing the bullish sentiment.

**Suggested Action:**
Consider entering a long position on AUDJPY. Set a stop-loss below the recent support level to manage risk, and aim for a target that aligns with the next resistance level. Monitor the trade closely for any signs of reversal."
prediction,AUDJPY,up,0.95,1760016154.3811064,"**Reasoning:** The predicted upward movement for AUDJPY is supported by a high confidence level of 0.95. The fast EMA (100.69927) is above the slow EMA (100.56071), indicating a bullish trend. The RSI at 59.39 suggests that the asset is not overbought, leaving room for further upward movement. Additionally, the positive MACD (0.13856) reinforces the bullish momentum.

**Suggested Action:** Consider entering a long position on AUDJPY. Set a stop-loss just below the slow EMA to manage risk, and target a profit level that aligns with your risk-reward strategy."
prediction,AUDJPY,up,0.95,1760016159.128329,"**Reasoning:** The AUDJPY pair shows strong bullish momentum, indicated by a high confidence level of 0.95. The fast EMA (100.70) is above the slow EMA (100.56), confirming a bullish trend. The RSI at 59.43 suggests that the asset is not overbought, allowing room for further upward movement. Additionally, the MACD value (0.13864) indicates positive momentum.

**Suggested Action:** Consider entering a long position on AUDJPY. Set a stop-loss below the recent support level to manage risk, and target resistance levels for profit-taking."
prediction,AUDJPY,up,0.95,1760016164.5367095,"**Reasoning:** The AUDJPY pair shows strong bullish signals with a high confidence level of 0.95. The fast EMA (100.70) is above the slow EMA (100.56), indicating an uptrend. The RSI at 59.52 suggests that the asset is not yet overbought, allowing for further upward movement. Additionally, the positive MACD (0.1388) reinforces the bullish momentum.

**Suggested Action:** Consider entering a long position on AUDJPY. Set a stop-loss just below the recent support level to manage risk, and look for profit targets at key resistance levels above the current price."
prediction,AUDJPY,up,0.95,1760016167.984276,"**Reasoning**: The AUDJPY pair shows strong bullish momentum indicated by a high confidence level (0.95). The fast EMA (100.70) is above the slow EMA (100.56), signaling a potential upward trend. The RSI at 59.62 suggests that the pair is not overbought, leaving room for further upside. Additionally, a positive MACD (0.139) reinforces the bullish outlook.

**Suggested Action**: Consider entering a long position in AUDJPY to capitalize on the anticipated upward movement. Set a stop-loss below the recent support level to manage risk effectively."
prediction,AUDJPY,up,0.95,1760016171.2828228,"**Reasoning:** The AUDJPY pair shows strong bullish momentum with a high confidence level of 0.95. The fast EMA (100.70) is above the slow EMA (100.56), indicating a bullish trend. The RSI at 59.57 suggests that the asset is not overbought, leaving room for further upward movement. Additionally, the MACD value of 0.13888 supports the bullish sentiment as it is above zero.

**Suggested Action:** Consider entering a long position in AUDJPY to capitalize on the anticipated upward movement. Set a stop-loss just below the recent support level to manage risk effectively."
prediction,AUDJPY,up,0.95,1760016174.3232489,"Given the strong bullish sentiment for AUDJPY, indicated by a high confidence level of 0.95, the following insights support the upward movement:

1. **EMA Analysis**: The fast EMA (100.70004) is above the slow EMA (100.56108), confirming a bullish trend.
2. **RSI**: At 59.62, the RSI is approaching overbought territory but still indicates strength without being excessively high.
3. **MACD**: The positive MACD value (0.13896) suggests upward momentum.

**Suggested Action**: Consider entering a long position in AUDJPY, with a stop-loss just below the slow EMA to manage risk. Target potential resistance levels above the current price for profit-taking."
prediction,AUDJPY,up,0.95,1760016178.114432,"**Reasoning:** The AUDJPY is showing bullish momentum with a high confidence level of 0.95. The fast EMA (100.70) is above the slow EMA (100.56), indicating a potential upward trend. The RSI at 59.52 suggests there is still room for upward movement without being overbought. Additionally, the positive MACD (0.1388) reinforces the bullish outlook.

**Suggested Action:** Consider entering a long position in AUDJPY. Set a stop-loss just below the recent support level to manage risk, and look for profit targets at key resistance levels above the current price."
prediction,AUDJPY,up,0.95,1760016181.572331,"**Reasoning:** The AUDJPY shows strong bullish momentum with a high confidence level of 0.95. The fast EMA (100.70) is above the slow EMA (100.56), indicating a bullish trend. The RSI (59.57) is approaching overbought territory but is not yet there, suggesting further upward potential. The positive MACD (0.14) reinforces the bullish sentiment.

**Suggested Action:** Consider entering a long position on AUDJPY, taking advantage of the upward momentum. Set a stop-loss just below the recent support level to manage risk, and aim for a target that captures at least a 1:2 risk-reward ratio."
prediction,AUDJPY,up,0.95,1760016185.5354316,"**Reasoning:** The AUDJPY pair shows strong bullish momentum with a high confidence level of 0.95. The fast EMA (100.70) is above the slow EMA (100.56), indicating a potential uptrend. The RSI at 59.25 suggests that the pair is not overbought, leaving room for further upward movement. The positive MACD (0.13832) reinforces the bullish sentiment.

**Suggested Action:** Consider entering a long position on AUDJPY. Set a stop-loss just below the recent support level to manage risk, and target a profit at the next resistance level. Monitor the indicators for any signs of reversal."
prediction,AUDJPY,up,0.95,1760016188.5884311,"**Reasoning:**
The AUDJPY pair shows strong bullish momentum with a high confidence level of 0.95. The fast EMA (100.69912) is above the slow EMA (100.56064), indicating a bullish trend. The RSI at 59.34 suggests that the asset is not overbought, leaving room for further upward movement. The positive MACD (0.13848) reinforces the bullish outlook.

**Suggested Action:**
Consider entering a long position on AUDJPY. Set a stop-loss just below the recent support level to manage risk, and target a profit at the next resistance level. Monitor the RSI and MACD for any signs of reversal or loss of momentum."
prediction,AUDJPY,up,0.95,1760016193.5489523,"**Reasoning**: The AUDJPY shows strong bullish momentum with a high confidence level of 0.95. The fast EMA (100.70) is above the slow EMA (100.56), indicating a bullish crossover. The RSI at 59.29 suggests that the asset is not overbought, leaving room for further upward movement. The positive MACD (0.1384) reinforces the bullish trend.

**Suggested Action**: Consider entering a long position in AUDJPY to capitalize on the anticipated upward movement. Set a stop-loss below the recent support level to manage risk effectively."
prediction,AUDJPY,up,0.95,1760016201.4125574,"**Reasoning:** The AUDJPY pair shows strong bullish momentum with a high confidence level of 0.95. The fast EMA (100.70) is above the slow EMA (100.56), indicating a bullish trend. The RSI (59.29) suggests that the market is not overbought, allowing for further upward movement. The positive MACD (0.1384) also reinforces the bullish outlook.

**Suggested Action:** Consider entering a long position in AUDJPY to capitalize on the anticipated upward movement. Set a stop-loss just below the slow EMA (around 100.55) to manage risk effectively. Monitor for potential resistance levels above to determine exit points."
prediction,AUDJPY,up,0.95,1760016206.076048,"**Reasoning:**
The AUDJPY is showing strong bullish momentum, supported by a high confidence level of 0.95. The fast EMA (100.70) is above the slow EMA (100.56), indicating a potential uptrend. The RSI at 59.25 suggests that the asset is not overbought yet, allowing room for further upward movement. Additionally, the positive MACD (0.13832) confirms the bullish trend.

**Suggested Action:**
Consider entering a long position on AUDJPY. Set a stop-loss below the recent swing low to manage risk effectively. Target a profit level based on key resistance areas or a favorable risk-reward ratio."
prediction,AUDJPY,up,0.95,1760016211.547449,"**Reasoning:** The AUDJPY pair shows strong bullish momentum with a high confidence level of 0.95. The fast EMA (100.70) is above the slow EMA (100.56), indicating a bullish trend. The RSI (59.25) suggests that the pair is not yet overbought, allowing for further upward movement. The MACD (0.13832) is also positive, supporting the bullish outlook.

**Suggested Action:** Consider entering a long position on AUDJPY. Set a stop-loss just below the recent support level to manage risk, and look for potential targets at resistance levels above 101.00."
prediction,AUDJPY,up,0.95,1760016216.2106044,"**Reasoning:** The AUDJPY is showing strong bullish momentum with a high confidence level of 0.95. The fast EMA (100.69912) is above the slow EMA (100.56064), indicating a potential upward trend. The RSI at 59.34 suggests that the asset is not overbought yet, allowing for further upward movement. Additionally, the positive MACD value (0.13848) reinforces the bullish sentiment.

**Suggested Action:** Consider entering a long position in AUDJPY to capitalize on the anticipated upward movement. Set a stop-loss just below the slow EMA to manage risk effectively."
prediction,AUDJPY,up,0.95,1760016219.7051158,"**Reasoning:** The AUDJPY pair shows a strong bullish signal with a high confidence level of 0.95. The fast EMA (100.70) is above the slow EMA (100.56), indicating a bullish trend. The RSI at 59.34 suggests that the asset is not overbought, leaving room for further upward movement. Additionally, the positive MACD (0.13848) reinforces the bullish momentum.

**Suggested Action:** Consider entering a long position in AUDJPY. Set a target slightly above the recent highs and place a stop-loss just below the slow EMA (100.56) to manage risk effectively."
prediction,AUDJPY,up,0.95,1760016226.263568,"**Reasoning:** The AUDJPY pair shows strong bullish momentum with a high confidence level of 0.95. The fast EMA (100.69912) is above the slow EMA (100.56064), indicating a bullish crossover. The RSI at 59.34 suggests that the asset is not overbought, allowing room for further upside. Additionally, the positive MACD value (0.13848) supports the upward trend.

**Suggested Action:** Consider entering a long position in AUDJPY. Set a stop-loss just below the recent support level to manage risk, and target a profit level at the next resistance zone. Monitor the indicators for any signs of reversal."
prediction,AUDJPY,up,0.95,1760016230.349205,"**Reasoning:** The AUDJPY pair shows strong bullish momentum, indicated by a high confidence level (0.95). The fast EMA (100.70) is above the slow EMA (100.56), signaling a potential upward trend. The RSI at 59.34 suggests that the asset is not overbought, allowing for further upward movement. The positive MACD (0.13848) reinforces the bullish outlook.

**Suggested Action:** Consider entering a long position on AUDJPY, setting a target above recent highs while placing a stop-loss just below the slow EMA to manage risk."
prediction,AUDJPY,up,0.95,1760016233.513199,"**Reasoning:** The AUDJPY shows a strong bullish signal based on the following indicators: 
- The fast EMA (100.69912) is above the slow EMA (100.56064), indicating a potential upward trend.
- The RSI at 59.34 suggests that the asset is not yet overbought, allowing room for further upward movement.
- The MACD is positive (0.13848), reinforcing the bullish momentum.

**Suggested Action:** Consider entering a long position in AUDJPY to capitalize on the expected upward movement. Set a stop-loss below the recent support level to manage risk effectively."
prediction,AUDJPY,up,0.95,1760016237.4881928,"**Reasoning:** The AUDJPY pair shows strong bullish momentum with a high confidence level of 0.95. The fast EMA (100.70) is above the slow EMA (100.56), indicating a bullish crossover. The RSI at 59.62 suggests the market is not overbought, leaving room for further upward movement. Additionally, the MACD at 0.139 indicates positive momentum.

**Suggested Action:** Consider entering a long position on AUDJPY to capitalize on the anticipated upward movement. Set a stop-loss below the recent support level to manage risk effectively. Monitor for any changes in momentum indicators for potential adjustments."
prediction,AUDJPY,up,0.95,1760016242.1151285,"**Reasoning**: The AUDJPY pair shows strong bullish momentum with a high confidence level of 0.95. The fast EMA (100.70112) is above the slow EMA (100.5616), indicating a bullish trend. The RSI at 59.94 suggests that the asset is not overbought, providing room for upward movement. The positive MACD value (0.13952) further supports the bullish outlook.

**Suggested Action**: Consider entering a long position on AUDJPY. Set a stop-loss just below the recent support level to manage risk, and target a profit level based on recent resistance zones."
prediction,AUDJPY,up,0.95,1760016246.8361387,"**Reasoning:** The AUDJPY shows strong bullish momentum with a high confidence level of 0.95. The fast EMA (100.70035) is above the slow EMA (100.56123), indicating a potential upward trend. The RSI is at 59.71, suggesting the pair is not overbought, and the MACD (0.13912) is positive, confirming the upward momentum.

**Suggested Action:** Consider entering a long position on AUDJPY. Set a stop-loss just below the slow EMA (around 100.56) to manage risk, and aim for a target that reflects a favorable risk-reward ratio, possibly around 101.00 or higher, depending on market conditions."
prediction,AUDJPY,up,0.95,1760016251.332022,"**Reasoning:** The AUDJPY is showing strong bullish momentum, supported by a high confidence level of 0.95. The fast EMA (100.70) is above the slow EMA (100.56), indicating a potential uptrend. The RSI at 59.85 suggests that the asset is not overbought yet, allowing for further upward movement. The positive MACD value (0.13936) reinforces the bullish sentiment.

**Suggested Action:** Consider entering a long position in AUDJPY. Set a stop-loss just below the recent support level to manage risk, and look for profit-taking opportunities at resistance levels or based on a trailing stop strategy as the price moves up."
prediction,AUDJPY,up,0.95,1760016256.8649552,"**Reasoning:** The AUDJPY is showing strong bullish momentum with a high confidence level of 0.95. The fast EMA (100.70112) is above the slow EMA (100.5616), indicating a bullish crossover. The RSI at 59.94 suggests that the asset is not overbought, leaving room for further upward movement. The MACD value of 0.13952 supports the bullish trend.

**Suggested Action:** Consider entering a long position on AUDJPY. Set a stop-loss just below the slow EMA to manage risk, and target a profit level that aligns with recent highs or resistance levels."
prediction,AUDJPY,up,0.95,1760016260.55145,"**Reasoning:** The AUDJPY pair shows strong bullish momentum with a high confidence level of 0.95. The fast EMA (100.70) is above the slow EMA (100.56), indicating a bullish crossover. The RSI (59.85) is approaching overbought territory but is not yet overextended, suggesting continued upward movement. Additionally, the MACD (0.13936) is positive, reinforcing the bullish trend.

**Suggested Action:** Consider entering a long position in AUDJPY, targeting a price level above the current EMA fast value. Set a stop-loss just below the EMA slow to manage risk effectively. Monitor for any signs of reversal or overbought conditions as the trade progresses."
prediction,AUDJPY,up,0.95,1760016265.5089772,"**Reasoning:** The AUDJPY pair shows strong bullish momentum with a high confidence level (0.95). The fast EMA (100.70) is above the slow EMA (100.56), indicating a bullish crossover. The RSI (59.94) is approaching overbought territory but still has room to move higher, while the MACD (0.13952) suggests upward momentum.

**Suggested Action:** Consider entering a long position on AUDJPY. Set a stop-loss below the recent low to manage risk, and target a profit level based on recent resistance or a predetermined risk-reward ratio. Monitor the RSI for signs of overbought conditions to determine exit points."
prediction,AUDJPY,up,0.95,1760016269.873729,"**Reasoning:** The AUDJPY pair shows strong bullish momentum with a high confidence level of 0.95. The fast EMA (100.70112) is above the slow EMA (100.5616), indicating a bullish crossover. The RSI at 59.94 suggests that the market is not overbought yet, leaving room for upward movement. Additionally, the MACD value of 0.13952 reinforces the bullish trend.

**Suggested Action:** Consider entering a long position on AUDJPY to capitalize on the expected upward movement. Set a stop-loss just below the slow EMA to manage risk effectively."
prediction,AUDJPY,up,0.95,1760016274.2687907,"**Reasoning:** The AUDJPY shows strong bullish momentum indicated by the high confidence level (0.95) and the following technical indicators: the fast EMA (100.70) is above the slow EMA (100.56), suggesting a bullish crossover. Additionally, the RSI (59.80) is approaching overbought territory, but still indicates upward strength, and the positive MACD (0.13928) reinforces the upward trend.

**Suggested Action:** Consider entering a long position in AUDJPY to capitalize on the expected upward movement. Set a stop-loss just below the slow EMA (around 100.56) to manage risk, and target a profit level that aligns with your risk-reward strategy, ideally above recent resistance levels."
prediction,AUDJPY,up,0.95,1760016280.1947336,"**Reasoning:** The AUDJPY is showing strong bullish momentum with a high confidence level of 0.95. The fast EMA (100.70) is above the slow EMA (100.56), indicating a bullish crossover. The RSI at 59.62 suggests that the asset is not overbought, leaving room for further upward movement. Additionally, the positive MACD (0.139) confirms the strength of the upward trend.

**Suggested Action:** Consider entering a long position on AUDJPY. Set a stop-loss below the recent support level to manage risk, and look for profit-taking opportunities at key resistance levels."
prediction,AUDJPY,up,0.95,1760016284.17631,"**Reasoning:** The AUDJPY shows strong bullish momentum with a high confidence level of 0.95. The fast EMA (100.69989) is above the slow EMA (100.56101), indicating a bullish crossover. The RSI (59.57) suggests that the pair is not overbought, allowing room for further upward movement. The positive MACD (0.13888) reinforces the upward trend.

**Suggested Action:** Consider entering a long position on AUDJPY to capitalize on the anticipated upward movement. Set a stop-loss just below the slow EMA to manage risk effectively."
prediction,AUDJPY,up,0.95,1760016287.6356316,"**Reasoning:** The AUDJPY shows a strong bullish signal with a high confidence level of 0.95. The fast EMA (100.69927) is above the slow EMA (100.56071), indicating a bullish trend. The RSI (59.39) suggests that the asset is not overbought, leaving room for upward movement. The MACD (0.13856) is positive, reinforcing the bullish momentum.

**Suggested Action:** Consider entering a long position on AUDJPY to capitalize on the anticipated upward movement. Set a stop-loss below the recent support level to manage risk effectively."
prediction,AUDJPY,up,0.95,1760016291.8770556,"**Reasoning:** The AUDJPY shows strong bullish momentum with a high confidence level of 0.95. The fast EMA (100.70) is above the slow EMA (100.56), indicating a bullish crossover. The RSI at 59.39 suggests that the asset is not overbought, leaving room for further upward movement. Additionally, the positive MACD (0.14) reinforces the bullish sentiment.

**Suggested Action:** Consider entering a long position on AUDJPY, setting a target above the current resistance levels while placing a stop-loss just below the recent support to manage risk effectively."
prediction,AUDJPY,up,0.95,1760016296.1666121,"**Reasoning:** The AUDJPY pair shows a strong bullish trend, supported by a high confidence level of 0.95. The fast EMA (100.70) is above the slow EMA (100.56), indicating upward momentum. The RSI at 59.34 suggests that the pair is not overbought, leaving room for further gains. Additionally, the positive MACD value (0.13848) confirms the upward momentum.

**Suggested Action:** Consider entering a long position on AUDJPY to capitalize on the anticipated upward movement. Set a stop-loss slightly below the slow EMA to manage risk effectively."
prediction,AUDJPY,up,0.95,1760016299.762115,"**Reasoning:** The AUDJPY is showing strong bullish momentum, indicated by a high confidence level of 0.95. The fast EMA (100.69927) is above the slow EMA (100.56071), confirming a bullish trend. The RSI at 59.39 suggests that the asset is not overbought, allowing for further upside potential. Additionally, the positive MACD (0.13856) supports the upward momentum.

**Suggested Action:** Consider entering a long position on AUDJPY. Set a stop-loss below the recent support level to manage risk, and target the next resistance level for profit-taking. Monitor closely for any changes in momentum indicators."
prediction,AUDJPY,up,0.95,1760016303.6471,"**Reasoning:** The AUDJPY shows strong bullish momentum with a high confidence level of 0.95. The fast EMA (100.7002) is above the slow EMA (100.56116), indicating a bullish crossover. The RSI (59.66) is approaching overbought territory but still supports upward movement. The MACD (0.13904) is positive, further confirming the upward trend.

**Suggested Action:** Consider entering a long position on AUDJPY. Set a stop-loss just below the slow EMA (around 100.56) to manage risk, and look for profit targets at key resistance levels above the current price."
prediction,AUDJPY,up,0.95,1760016307.9046478,"**Reasoning:**
The AUDJPY pair shows strong bullish momentum with a high confidence level of 0.95. The fast EMA (100.70) is above the slow EMA (100.56), indicating a bullish crossover. The RSI at 59.57 suggests that the market is not overbought yet, leaving room for further upward movement. The positive MACD (0.14) reinforces the bullish sentiment.

**Suggested Action:**
Consider entering a long position on AUDJPY to capitalize on the upward trend. Set a stop-loss below the recent support level to manage risk, and target a profit level based on recent resistance areas."
prediction,AUDJPY,up,0.95,1760016310.1239069,"**Reasoning**: The AUDJPY pair shows strong bullish momentum with a high confidence level of 0.95. The fast EMA (100.70) is above the slow EMA (100.56), indicating a bullish trend. The RSI at 59.62 suggests that the asset is not overbought, allowing for further upside potential. Additionally, the positive MACD (0.139) reinforces the upward momentum.

**Suggested Action**: Consider entering a long position on AUDJPY. Set a stop-loss below the recent support level to manage risk, and target a profit at the next resistance level. Monitor the RSI and MACD for any signs of reversal."
prediction,AUDJPY,up,0.95,1760016314.3166537,"**Reasoning:** The AUDJPY pair shows strong bullish momentum with a high confidence level of 0.95. The fast EMA (100.70) is above the slow EMA (100.56), indicating a potential uptrend. The RSI at 59.62 suggests that the asset is not overbought yet, leaving room for further upward movement. The positive MACD (0.139) reinforces the bullish outlook.

**Suggested Action:** Consider entering a long position on AUDJPY with a target above the recent highs. Set a stop-loss just below the slow EMA (around 100.56) to manage risk effectively."
prediction,AUDJPY,up,0.95,1760016319.9385324,"**Reasoning:**
The AUDJPY pair shows strong bullish momentum with a high confidence level of 0.95. The fast EMA (100.7005) is above the slow EMA (100.5613), indicating a bullish trend. The RSI (59.76) is approaching overbought territory but still supports upward movement. The positive MACD (0.1392) reinforces the bullish sentiment.

**Suggested Action:**
Consider entering a long position in AUDJPY to capitalize on the anticipated upward movement. Set a stop-loss below the recent swing low to manage risk effectively. Monitor the RSI for signs of overbought conditions to evaluate potential exit points."
prediction,AUDJPY,up,0.95,1760016441.0833018,"**Reasoning:** The AUDJPY shows strong bullish momentum with a high confidence level of 0.95. The fast EMA (100.6985) is above the slow EMA (100.56034), indicating a potential uptrend. The RSI at 59.16 suggests that the asset is not yet overbought, allowing for further upward movement. The positive MACD (0.13816) reinforces the bullish outlook.

**Suggested Action:** Consider entering a long position in AUDJPY to capitalize on the anticipated upward movement. Set a stop-loss just below the recent support level to manage risk effectively."
prediction,AUDJPY,up,0.95,1760016445.1769664,"**Reasoning:**
The AUDJPY is showing strong bullish momentum with a high confidence level of 0.95. The fast EMA (100.70) is above the slow EMA (100.56), indicating a bullish trend. The RSI at 59.29 suggests that the asset is not overbought, allowing for further upward movement. The positive MACD (0.1384) supports the bullish outlook.

**Suggested Action:**
Consider entering a long position on AUDJPY to capitalize on the predicted upward movement. Set a stop-loss slightly below the recent support level to manage risk, and look for potential profit-taking at resistance levels above 101.00."
prediction,AUDJPY,up,0.95,1760016448.9948804,"**Reasoning:** The AUDJPY pair shows strong bullish momentum with a high confidence level of 0.95. The fast EMA (100.70) is above the slow EMA (100.56), indicating a bullish trend. The RSI at 59.02 suggests that the asset is not overbought, allowing further upside potential. The positive MACD value (0.138) supports this upward momentum.

**Suggested Action:** Consider entering a long position in AUDJPY to capitalize on the predicted upward movement. Set a stop-loss just below the recent support level to manage risk effectively."
prediction,AUDJPY,up,0.95,1760016452.0311863,"**Reasoning:** The AUDJPY pair shows strong bullish momentum with a high confidence level of 0.95. The fast EMA is above the slow EMA, indicating a bullish trend. The RSI at 59 suggests that the asset is not overbought, allowing room for further upward movement. The positive MACD value reinforces the bullish sentiment.

**Suggested Action:** Consider entering a long position on AUDJPY. Set a stop-loss just below the recent support level to manage risk. Target a profit at the next resistance level for optimal returns."
prediction,AUDJPY,up,0.95,1760016456.4396257,"**Reasoning:** The AUDJPY pair shows strong bullish momentum with a high confidence level of 0.95. The fast EMA is above the slow EMA, indicating a bullish trend. The RSI is approaching overbought territory but is not yet overextended, suggesting room for further upward movement. The MACD is also positive, supporting the bullish outlook.

**Suggested Action:** Consider entering a long position on AUDJPY. Set a stop-loss slightly below the slow EMA (around 100.55) to manage risk, and target a profit level at least 1-2% above the current price for a favorable risk-reward ratio."
prediction,AUDJPY,up,0.95,1760016459.6596715,"**Reasoning:** The AUDJPY shows strong bullish momentum with a predicted upward direction and high confidence level of 0.95. The fast EMA (100.70) is above the slow EMA (100.56), indicating a bullish crossover. The RSI (59.11) is approaching overbought territory but still supports upward movement. The MACD (0.14) is positive, reinforcing the upward trend.

**Suggested Action:** Consider entering a long position in AUDJPY to capitalize on the bullish momentum. Set a stop-loss below the recent support level to manage risk effectively. Monitor for any signs of reversal or overbought conditions."
prediction,AUDJPY,up,0.95,1760016472.6179342,"**Reasoning:** The AUDJPY pair shows strong bullish momentum with a high confidence level of 0.95. The fast EMA (100.70) is above the slow EMA (100.56), indicating a bullish trend. The RSI (58.89) is approaching overbought territory but is not yet there, suggesting room for further upward movement. The MACD (0.14) is positive, reinforcing the bullish sentiment.

**Suggested Action:** Consider entering a long position on AUDJPY, targeting a resistance level above the current price while placing a stop-loss just below the recent support level to manage risk. Monitor the RSI for potential overbought signals as the trade progresses."
prediction,AUDJPY,up,0.95,1760016477.4766204,"**Reasoning:** The AUDJPY shows strong upward momentum with a high confidence level of 0.95. The fast EMA (100.70) is above the slow EMA (100.56), indicating a bullish trend. The RSI at 58.84 suggests that the asset is not overbought, allowing for further upside potential. The MACD at 0.1376 supports the bullish outlook with a positive value.

**Suggested Action:** Consider entering a long position in AUDJPY to capitalize on the upward momentum. Set a stop-loss below the recent support level to manage risk effectively. Monitor for potential profit-taking points as the price approaches key resistance levels."
prediction,AUDJPY,up,0.95,1760016480.4113183,"**Reasoning:** The AUDJPY pair is showing strong bullish momentum with a high confidence level of 0.95. The fast EMA (100.70) is above the slow EMA (100.56), indicating a bullish crossover. The RSI (58.93) suggests that the asset is not overbought, allowing for further upward movement. Additionally, the MACD (0.14) is positive, reinforcing the bullish trend.

**Suggested Action:** Consider entering a long position on AUDJPY to capitalize on the upward momentum. Set a stop-loss below the recent support level to manage risk effectively."
prediction,AUDJPY,up,0.95,1760016484.629216,"**Reasoning:** The AUDJPY pair shows a strong upward momentum, supported by a high confidence level of 0.95. The fast EMA (100.70) is above the slow EMA (100.56), indicating a bullish trend. The RSI (58.93) is approaching overbought territory but still suggests room for upward movement. The positive MACD (0.14) further confirms the bullish sentiment.

**Suggested Action:** Consider entering a long position in AUDJPY to capitalize on the upward trend. Set a stop-loss just below the slow EMA (around 100.55) to manage risk. Monitor for potential resistance levels to secure profits as the price approaches them."
prediction,AUDJPY,up,0.95,1760016488.2860606,"**Reasoning:** The AUDJPY pair shows a strong bullish outlook with a high confidence level of 0.95. The fast EMA (100.70) is above the slow EMA (100.56), indicating a bullish trend. The RSI at 58.84 suggests that the asset is not overbought, allowing for further upward movement. Additionally, the positive MACD value (0.1376) reinforces the bullish momentum.

**Suggested Action:** Consider entering a long position in AUDJPY, with a target above the recent resistance levels. Set a stop-loss just below the recent support to manage risk effectively."
prediction,AUDJPY,up,0.95,1760016491.6853614,"**Reasoning:** The AUDJPY pair shows a strong bullish signal with a high confidence level of 0.95. The fast EMA (100.6962) is above the slow EMA (100.55923), indicating a bullish trend. The RSI at 58.48 suggests that the market is not overbought, allowing for further upward movement. The MACD value of 0.13697 also supports the bullish momentum.

**Suggested Action:** Consider entering a long position on AUDJPY to capitalize on the predicted upward movement. Set a stop-loss below the recent support level to manage risk effectively. Monitor the RSI and MACD for any signs of trend reversal."
prediction,AUDJPY,up,0.95,1760016496.7415998,"**Reasoning:** The AUDJPY pair shows a strong bullish signal with a high confidence level of 0.95. The fast EMA (100.6962) is above the slow EMA (100.55923), indicating a potential upward trend. The RSI (58.48) suggests that the asset is not overbought, allowing for further upside potential. Additionally, the positive MACD (0.13697) supports the bullish momentum.

**Suggested Action:** Consider entering a long position in AUDJPY to capitalize on the anticipated upward movement. Set a stop-loss just below the recent support level to manage risk effectively. Monitor for any signs of reversal or overbought conditions."
prediction,AUDJPY,up,0.95,1760016499.7678905,"**Reasoning:** The AUDJPY shows strong bullish momentum with a high confidence level of 0.95. The fast EMA (100.6965) is above the slow EMA (100.55938), indicating a bullish crossover. The RSI at 58.57 suggests that the market is not overbought, allowing further upward movement. The positive MACD (0.13713) reinforces the bullish trend.

**Suggested Action:** Consider entering a long position in AUDJPY. Set a stop-loss just below the recent support level to manage risk, and target a resistance level for profit-taking."
prediction,AUDJPY,up,0.95,1760016504.87121,"**Reasoning:** The AUDJPY pair shows a strong bullish signal with a high confidence level of 0.95. The fast EMA (100.70) is above the slow EMA (100.56), indicating a bullish trend. The RSI (58.62) is above 50, suggesting upward momentum without being overbought, while the MACD (0.1372) indicates positive momentum.

**Suggested Action:** Consider entering a long position on AUDJPY. Set a stop-loss just below the recent support level to manage risk, and target the next resistance level for profit-taking."
prediction,AUDJPY,up,0.95,1760016508.6121173,"**Reasoning:** The AUDJPY shows strong bullish momentum with a high confidence level of 0.95. The fast EMA (100.70) is above the slow EMA (100.56), indicating a bullish crossover. The RSI at 58.62 suggests that the asset is not overbought, allowing for further upward movement. The MACD at 0.1372 further supports the bullish outlook, as it is above zero.

**Suggested Action:** Consider entering a long position on AUDJPY, setting a stop-loss just below the recent support level to manage risk. Target a profit level that aligns with recent resistance levels."
prediction,AUDJPY,up,0.95,1760016512.3514016,"**Reasoning:** The AUDJPY pair shows a strong bullish sentiment with a high confidence level of 0.95. The fast EMA (100.6962) is above the slow EMA (100.55923), indicating a bullish crossover. The RSI at 58.48 suggests that the asset is not overbought, leaving room for upward movement. The MACD value of 0.13697 supports this bullish outlook, indicating momentum is in favor of buyers.

**Suggested Action:** Consider entering a long position on AUDJPY to capitalize on the anticipated upward movement. Set a stop-loss just below the slow EMA to manage risk effectively. Monitor for any signs of reversal or overbought conditions as the trade progresses."
prediction,AUDJPY,up,0.95,1760016514.9410625,"**Reasoning:** The AUDJPY pair shows strong bullish momentum with a high confidence level of 0.95. The Fast EMA (100.69666) is above the Slow EMA (100.55945), indicating a bullish trend. The RSI at 58.62 suggests that the asset is not overbought, allowing room for further upward movement. Additionally, the MACD value of 0.1372 supports the upward momentum.

**Suggested Action:** Consider entering a long position in AUDJPY to capitalize on the predicted upward movement. Set a stop-loss just below the Slow EMA to manage risk effectively."
prediction,AUDJPY,up,0.95,1760016520.3383436,"**Reasoning:** The AUDJPY is showing strong bullish momentum with a high confidence level of 0.95. The fast EMA (100.70) is above the slow EMA (100.56), indicating a bullish trend. The RSI at 58.62 suggests that the asset is not yet overbought, allowing room for further upward movement. Additionally, the MACD value of 0.1372 supports the bullish outlook.

**Suggested Action:** Consider entering a long position on AUDJPY. Set a stop-loss just below the recent support level to manage risk, and aim for a target that aligns with the next resistance level. Monitor the indicators for any signs of trend reversal."
prediction,AUDJPY,up,0.95,1760016524.0995631,"**Reasoning:** The AUDJPY pair shows strong upward momentum with a high confidence level of 0.95. The fast EMA (100.70) is above the slow EMA (100.56), indicating a bullish trend. The RSI at 58.66 suggests that the pair is not overbought, leaving room for further upward movement. The positive MACD (0.13728) reinforces the bullish sentiment.

**Suggested Action:** Consider entering a long position in AUDJPY to capitalize on the expected upward movement. Set a stop-loss slightly below the recent support level to manage risk effectively."
prediction,AUDJPY,up,0.95,1760016527.5861256,"**Reasoning:** The AUDJPY pair shows strong bullish momentum with a high confidence level of 0.95. The fast EMA (100.70) is above the slow EMA (100.56), indicating a bullish crossover. The RSI at 58.66 suggests that the asset is not overbought, allowing for further upward movement. Additionally, the MACD value of 0.13728 supports the bullish trend.

**Suggested Action:** Consider entering a long position in AUDJPY. Set a stop-loss just below the slow EMA (around 100.55) to manage risk, and aim for a target at a recent resistance level or a risk-reward ratio of at least 1:2."
prediction,AUDJPY,up,0.95,1760016531.9778292,"**Reasoning:** The AUDJPY pair shows strong bullish momentum with a high confidence level of 0.95. The Fast EMA (100.70) is above the Slow EMA (100.56), indicating a bullish crossover. The RSI at 58.75 suggests that the asset is not overbought, leaving room for further upside. Additionally, the positive MACD value (0.13744) reinforces the upward trend.

**Suggested Action:** Consider entering a long position on AUDJPY, setting a stop-loss just below the Slow EMA (around 100.55) to manage risk. Aim for a target profit level based on recent resistance or a risk-reward ratio of at least 1:2."
prediction,AUDJPY,up,0.95,1760016537.217927,"**Reasoning:** The AUDJPY pair shows strong bullish momentum with a high confidence level of 0.95. The fast EMA (100.70) is above the slow EMA (100.56), indicating a bullish crossover. The RSI at 58.75 suggests that the asset is not overbought, leaving room for further upside. The positive MACD value (0.13744) reinforces the upward trend.

**Suggested Action:** Consider entering a long position on AUDJPY. Set a stop-loss just below the recent support level to manage risk, and target a profit level at the next resistance zone for optimal gains."
prediction,AUDJPY,up,0.95,1760016541.097793,"**Reasoning:** The AUDJPY is showing strong bullish momentum with a high confidence level of 0.95. The fast EMA (100.70) is above the slow EMA (100.56), indicating a bullish crossover. The RSI at 58.75 suggests that the asset is not overbought, leaving room for upward movement. Additionally, the MACD being positive (0.13744) supports the upward trend.

**Suggested Action:** Consider entering a long position on AUDJPY to capitalize on the anticipated upward movement. Set a stop-loss below the recent support level to manage risk effectively."
prediction,AUDJPY,up,0.95,1760016545.4972508,"**Reasoning:** The AUDJPY pair shows a strong bullish sentiment with a high confidence level of 0.95. The fast EMA (100.70) is above the slow EMA (100.56), indicating a potential upward trend. The RSI at 58.39 suggests that the asset is not overbought, allowing for further upward movement. Additionally, the positive MACD (0.13681) supports the bullish outlook.

**Suggested Action:** Consider entering a long position in AUDJPY to capitalize on the anticipated upward movement. Set a stop-loss just below the recent support level to manage risk effectively."
prediction,AUDJPY,up,0.95,1760016549.2531085,"**Reasoning:** The AUDJPY shows a strong bullish trend with a high confidence level of 0.95. The fast EMA (100.6965) is above the slow EMA (100.55938), indicating upward momentum. The RSI at 58.57 suggests that the asset is not overbought, allowing room for further upward movement. The MACD value of 0.13713 confirms the bullish trend as it remains positive.

**Suggested Action:** Consider entering a long position on AUDJPY to capitalize on the anticipated upward movement. Set a stop-loss below the recent support level to manage risk effectively."
prediction,AUDJPY,up,0.95,1760016552.0455823,"**Reasoning:** The AUDJPY shows a strong bullish signal with a high confidence level of 0.95. The fast EMA (100.70) is above the slow EMA (100.56), indicating a bullish trend. The RSI at 58.84 suggests that the pair is not overbought, allowing room for further upward movement. Additionally, the positive MACD (0.1376) reinforces the upward momentum.

**Suggested Action:** Consider entering a long position in AUDJPY to capitalize on the anticipated upward movement. Set a stop-loss below the recent support level to manage risk effectively."
prediction,AUDJPY,up,0.95,1760016558.1590412,"**Reasoning:** The AUDJPY pair shows strong bullish momentum with a high confidence level of 0.95. The fast EMA (100.70) is above the slow EMA (100.56), indicating a bullish crossover. The RSI at 58.66 suggests that the asset is not overbought, allowing room for further upside. Additionally, a positive MACD (0.13728) reinforces the upward trend.

**Suggested Action:** Consider entering a long position on AUDJPY. Set a stop-loss below the recent support level to manage risk, and target a resistance level for profit-taking."
prediction,AUDJPY,up,0.95,1760016561.0902908,"**Reasoning:** The AUDJPY pair shows strong bullish momentum with a high confidence level of 0.95. The fast EMA (100.70) is above the slow EMA (100.56), indicating a bullish trend. The RSI at 58.71 suggests that the asset is not overbought, allowing for further upward movement. Additionally, the positive MACD value (0.13736) supports the bullish outlook.

**Suggested Action:** Consider entering a long position in AUDJPY to capitalize on the expected upward movement. Set a stop-loss slightly below the slow EMA to manage risk effectively."
prediction,AUDJPY,up,0.95,1760016564.7732708,"**Reasoning:** The AUDJPY pair shows strong bullish momentum with a high confidence level of 0.95. The fast EMA (100.70) is above the slow EMA (100.56), indicating a bullish trend. The RSI (58.53) suggests that the market is not overbought, allowing for further upward movement. Additionally, the positive MACD (0.13705) reinforces the bullish sentiment.

**Suggested Action:** Consider entering a long position on AUDJPY. Set a stop-loss below the recent support level to manage risk, and aim for a target near the next resistance level for profit-taking."
prediction,AUDJPY,up,0.95,1760016570.056,"**Reasoning:**
The AUDJPY pair shows strong bullish momentum, indicated by a high confidence level of 0.95. The fast EMA (100.70) is above the slow EMA (100.56), confirming a bullish trend. The RSI at 58.62 suggests that the asset is not overbought, allowing room for further upward movement. The positive MACD value (0.1372) reinforces the bullish sentiment.

**Suggested Action:**
Consider entering a long position on AUDJPY to capitalize on the upward trend. Set a stop-loss just below the recent support level to manage risk effectively. Monitor for any signs of reversal or divergence in indicators for timely exit strategies."
prediction,AUDJPY,up,0.95,1760016573.4271965,"**Reasoning:** The AUDJPY pair shows a strong bullish signal with a high confidence level of 0.95. The fast EMA (100.70) is above the slow EMA (100.56), indicating a bullish trend. The RSI at 58.62 suggests that the asset is not overbought, leaving room for upward movement. The positive MACD (0.1372) confirms the bullish momentum.

**Suggested Action:** Consider entering a long position in AUDJPY. Set a stop-loss slightly below the recent support level to manage risk, and target a profit level based on recent resistance zones."
prediction,AUDJPY,up,0.95,1760016576.8987079,"**Reasoning:** The AUDJPY shows strong bullish momentum with a high confidence level of 0.95. The fast EMA (100.70) is above the slow EMA (100.56), indicating a bullish crossover. The RSI at 58.39 suggests that the market is not overbought, leaving room for further upward movement. Additionally, the positive MACD (0.13681) confirms the upward trend.

**Suggested Action:** Consider entering a long position on AUDJPY to capitalize on the predicted upward movement. Set a stop-loss below the recent support level to manage risk, and monitor for potential profit-taking levels as the price approaches resistance."
prediction,AUDJPY,up,0.95,1760016579.8521426,"**Reasoning:** The AUDJPY shows a strong bullish signal with a high confidence level of 0.95. The fast EMA (100.70) is above the slow EMA (100.56), indicating a potential upward trend. The RSI (58.35) is above 50, suggesting bullish momentum without being overbought. Additionally, the MACD (0.137) is positive, reinforcing the upward direction.

**Suggested Action:** Consider entering a long position on AUDJPY. Set a stop-loss below the recent support level to manage risk and aim for a target that aligns with your risk-reward ratio."
prediction,AUDJPY,up,0.95,1760016583.9608746,"**Reasoning:** The AUDJPY pair shows strong bullish momentum with a high confidence level of 0.95. The fast EMA (100.70) is above the slow EMA (100.56), indicating a bullish trend. The RSI (58.30) suggests that the market is not overbought, leaving room for further upward movement. Additionally, the MACD (0.13665) is positive, reinforcing the bullish outlook.

**Suggested Action:** Consider entering a long position on AUDJPY. Set a stop-loss below the recent support level to manage risk, and target a profit at the next resistance level for optimal gains."
prediction,AUDJPY,up,0.95,1760016588.2509508,"**Reasoning:** The AUDJPY pair shows strong bullish momentum with a high confidence level of 0.95. The fast EMA (100.70) is above the slow EMA (100.56), indicating a bullish crossover. The RSI (59.25) is approaching overbought territory but is not yet extreme, suggesting further upward movement is possible. The MACD (0.13832) is also positive, reinforcing the bullish sentiment.

**Suggested Action:** Consider entering a long position on AUDJPY, targeting the next resistance level while setting a stop-loss just below the recent swing low to manage risk. Monitor for any signs of reversal or overextension."
prediction,AUDJPY,up,0.95,1760016592.2329493,"**Reasoning:** The AUDJPY pair shows strong bullish momentum, indicated by a high confidence level of 0.95. The fast EMA (100.70) is above the slow EMA (100.56), confirming a bullish trend. The RSI at 59.48 suggests that the asset is not overbought, providing room for further upward movement. Additionally, the positive MACD value (0.13872) reinforces the bullish sentiment.

**Suggested Action:** Consider entering a long position in AUDJPY to capitalize on the anticipated upward movement. Set a stop-loss just below the recent support level to manage risk effectively."
prediction,AUDJPY,up,0.95,1760016596.9312875,"**Reasoning:** The AUDJPY pair shows strong bullish momentum with a high confidence level of 0.95. The fast EMA (100.70) is above the slow EMA (100.56), indicating a bullish trend. The RSI (59.52) is approaching overbought territory but is not yet overextended, suggesting there is still room for upward movement. The positive MACD (0.1388) confirms the upward momentum.

**Suggested Action:** Consider entering a long position on AUDJPY to capitalize on the upward trend. Set a stop-loss just below the slow EMA (around 100.56) to manage risk, and look for profit-taking opportunities if the price approaches the next resistance level."
prediction,AUDJPY,up,0.95,1760016600.4450521,"**Reasoning:** The AUDJPY pair shows strong bullish momentum with a high confidence level of 0.95. The fast EMA (100.70) is above the slow EMA (100.56), indicating a bullish crossover. The RSI (59.48) is approaching the overbought territory but still supports upward movement. The MACD (0.13872) is positive, reinforcing the bullish trend.

**Suggested Action:** Consider entering a long position on AUDJPY. Set a stop-loss just below the recent support level to manage risk and target a profit at the next resistance level. Monitor the RSI for potential overbought signals to adjust your position accordingly."
prediction,AUDJPY,up,0.95,1760016605.1836483,"**Reasoning**: The AUDJPY shows a strong bullish trend with a high confidence level of 0.95. The fast EMA (100.7002) is above the slow EMA (100.56116), indicating upward momentum. The RSI at 59.66 suggests the market is not overbought, allowing for further upward movement. The positive MACD value (0.13904) reinforces the bullish outlook.

**Suggested Action**: Consider entering a long position in AUDJPY, taking advantage of the upward momentum. Set a stop-loss just below the recent support level to manage risk effectively. Monitor for any signs of reversal or overbought conditions."
prediction,AUDJPY,up,0.95,1760016608.7329326,"**Reasoning**: The AUDJPY pair shows strong bullish momentum, indicated by a high confidence level of 0.95. The fast EMA (100.70004) is above the slow EMA (100.56108), confirming a bullish trend. The RSI at 59.62 suggests that the asset is not overbought, leaving room for further upward movement. Additionally, the positive MACD (0.13896) indicates that momentum is in favor of buyers.

**Suggested Action**: Consider entering a long position on AUDJPY. Set a stop-loss just below the recent support level to manage risk, and target a profit level aligned with recent resistance zones."
prediction,AUDJPY,up,0.95,1760016612.0434558,"**Reasoning:** The AUDJPY is showing strong bullish momentum with a high confidence level of 0.95. The fast EMA is above the slow EMA, indicating a bullish trend. The RSI is approaching overbought territory but is still below 70, suggesting room for further upward movement. The positive MACD value supports the upward trend.

**Suggested Action:** Consider entering a long position in AUDJPY. Set a stop-loss just below the slow EMA (100.56116) to manage risk. Aim for a target price that aligns with recent resistance levels or a risk-reward ratio of at least 1:2."
prediction,AUDJPY,up,0.95,1760016615.1725357,"**Reasoning:** The AUDJPY pair shows strong upward momentum with a high confidence level of 0.95. The fast EMA is above the slow EMA, indicating a bullish trend. The RSI is approaching overbought territory but is still below 70, suggesting room for further upside. The positive MACD value reinforces the bullish outlook.

**Suggested Action:** Consider entering a long position on AUDJPY. Set a stop-loss below the recent support level to manage risk, and target a profit at the next resistance level. Monitor the RSI closely for signs of overbought conditions."
prediction,AUDJPY,up,0.95,1760016619.1159437,"**Reasoning:** The AUDJPY shows strong bullish momentum with a high confidence level of 0.95. The fast EMA (100.70) is above the slow EMA (100.56), indicating a bullish crossover. The RSI at 59.52 suggests that the asset is not overbought, leaving room for further upward movement. The positive MACD (0.1388) supports the bullish outlook.

**Suggested Action:** Consider entering a long position on AUDJPY. Set a stop-loss slightly below the EMA Slow (around 100.55) to manage risk, and target a resistance level above the current price for profit-taking."
prediction,AUDJPY,up,0.95,1760016622.205008,"**Reasoning:** The AUDJPY shows a strong upward trend with a high confidence level of 0.95. The fast EMA (100.70) is above the slow EMA (100.56), indicating a bullish crossover. The RSI at 59.52 suggests that the asset is not overbought, allowing for further upward movement. The MACD value of 0.1388 supports the bullish sentiment, indicating momentum is in favor of the buyers.

**Suggested Action:** Consider entering a long position on AUDJPY to capitalize on the expected upward movement. Set a stop-loss just below the slow EMA to manage risk effectively."
prediction,AUDJPY,up,0.95,1760016626.22718,"**Reasoning:** The AUDJPY pair shows a strong bullish signal with a high confidence level of 0.95. The fast EMA (100.70) is above the slow EMA (100.56), indicating a bullish trend. The RSI at 59.48 suggests that the asset is not overbought, allowing room for upward movement. The positive MACD (0.13872) further supports the bullish sentiment.

**Suggested Action:** Consider entering a long position on AUDJPY to capitalize on the anticipated upward movement. Set a stop-loss below the recent support level to manage risk effectively."
prediction,AUDJPY,up,0.95,1760016629.9923637,"**Reasoning:** The AUDJPY pair shows a strong bullish signal with a high confidence level of 0.95. The fast EMA (100.7002) is above the slow EMA (100.56116), indicating a bullish trend. The RSI at 59.66 suggests that the asset is not overbought, providing room for further upward movement. Additionally, the positive MACD (0.13904) confirms the upward momentum.

**Suggested Action:** Consider entering a long position in AUDJPY to capitalize on the predicted upward movement. Set a stop-loss just below the recent support level to manage risk effectively."
prediction,AUDJPY,up,0.95,1760016633.5697083,"**Reasoning:** The AUDJPY pair is showing strong bullish momentum with a high confidence level of 0.95. The fast EMA (100.70) is above the slow EMA (100.56), indicating a bullish trend. The RSI at 59.57 suggests that the market is not overbought, leaving room for further upward movement. Additionally, the positive MACD value (0.13888) confirms the upward momentum.

**Suggested Action:** Consider entering a long position in AUDJPY to capitalize on the anticipated upward movement. Set a stop-loss just below the recent support level to manage risk effectively."
prediction,AUDJPY,up,0.95,1760016638.2044234,"**Reasoning:** The AUDJPY pair shows strong bullish momentum, supported by a high confidence level (0.95). The fast EMA (100.70) is above the slow EMA (100.56), indicating a bullish trend. The RSI at 60.18 suggests the asset is not overbought, allowing room for further upside. The positive MACD (0.14) reinforces the bullish outlook.

**Suggested Action:** Consider entering a long position on AUDJPY. Set a stop-loss just below the recent support level to manage risk, and aim for a target profit aligned with the next resistance level."
prediction,AUDJPY,up,0.95,1760016642.7049675,"**Reasoning:**
The AUDJPY pair shows a strong upward trend, supported by a high confidence level of 0.95. The fast EMA (100.70) is above the slow EMA (100.56), indicating bullish momentum. The RSI at 60.13 suggests that the pair is not overbought, leaving room for further upward movement. Additionally, the positive MACD value (0.13984) reinforces the bullish outlook.

**Suggested Action:**
Consider entering a long position on AUDJPY. Set a stop-loss just below the slow EMA (around 100.56) to manage risk, and target a profit level based on recent resistance levels or a risk-reward ratio of at least 1:2."
prediction,AUDJPY,up,0.95,1760016645.9823225,"**Reasoning:** The AUDJPY shows strong bullish momentum with a high confidence level of 0.95. The fast EMA (100.70) is above the slow EMA (100.56), indicating a potential uptrend. The RSI at 60.08 suggests that the asset is not overbought, leaving room for further upward movement. Additionally, the positive MACD value (0.13976) supports the bullish sentiment.

**Suggested Action:** Consider entering a long position on AUDJPY. Set a stop-loss below the recent support level to manage risk, and look for profit-taking opportunities at resistance levels or when the RSI approaches overbought territory."
prediction,AUDJPY,up,0.95,1760016648.6239302,"**Reasoning:** The AUDJPY shows strong bullish momentum with a high confidence level of 0.95. The fast EMA (100.70) is above the slow EMA (100.56), indicating a bullish crossover. The RSI at 60.18 suggests the asset is not overbought, allowing for further upward movement. The MACD value of 0.13992 supports the bullish trend.

**Suggested Action:** Consider entering a long position in AUDJPY. Set a stop-loss slightly below the recent support level to manage risk, and target a resistance level for profit-taking."
prediction,AUDJPY,up,0.95,1760016652.3537316,"**Reasoning:** The AUDJPY pair shows a strong bullish signal with a high confidence level of 0.95. The fast EMA (100.70) is above the slow EMA (100.56), indicating a bullish trend. The RSI (60.32) is above 50, suggesting upward momentum, while the MACD (0.14) confirms the bullish trend with a positive value.

**Suggested Action:** Consider entering a long position on AUDJPY to capitalize on the anticipated upward movement. Set a stop-loss just below the recent support level to manage risk effectively."
prediction,AUDJPY,up,0.95,1760016655.7898076,"**Reasoning:** The AUDJPY shows strong bullish momentum with a high confidence level of 0.95. The fast EMA (100.70143) is above the slow EMA (100.56175), indicating a bullish crossover. The RSI at 60.04 suggests that the asset is not overbought yet, allowing for further upward movement. The positive MACD value (0.13968) reinforces the bullish trend.

**Suggested Action:** Consider entering a long position on AUDJPY to capitalize on the predicted upward movement. Set a stop-loss just below the slow EMA to manage risk effectively."
prediction,AUDJPY,up,0.95,1760016660.1111276,"**Reasoning:**
The AUDJPY pair shows a strong bullish signal based on the following indicators:
- **EMA Analysis:** The fast EMA (100.7025) is above the slow EMA (100.56227), indicating a bullish trend.
- **RSI:** At 60.37, the RSI is comfortably above the neutral level of 50, suggesting bullish momentum without being overbought.
- **MACD:** The positive MACD value (0.14024) further confirms upward momentum.

**Suggested Action:**
Consider entering a long position on AUDJPY to capitalize on the predicted upward movement. Set a stop-loss below the recent support level to manage risk effectively. Monitor for potential profit-taking levels as the price moves higher."
prediction,AUDJPY,up,0.95,1760016662.9843905,"**Reasoning:** The AUDJPY pair shows strong bullish momentum with a high confidence level of 0.95. The fast EMA (100.70) is above the slow EMA (100.56), indicating a bullish trend. The RSI (59.94) suggests the asset is not overbought, leaving room for further upside. Additionally, the positive MACD (0.13952) supports the upward movement.

**Suggested Action:** Consider entering a long position in AUDJPY, aiming for a target above the current price level while placing a stop-loss just below the recent support level to manage risk effectively."
prediction,AUDJPY,up,0.95,1760016667.0248668,"**Reasoning:** The AUDJPY pair shows a strong bullish trend with a high confidence level of 0.95. The fast EMA (100.70) is above the slow EMA (100.56), indicating a bullish crossover. The RSI at 59.71 suggests that the pair is not overbought, leaving room for further upward movement. The positive MACD value (0.13912) supports the bullish sentiment.

**Suggested Action:** Enter a long position on AUDJPY, setting a stop-loss just below the recent support level to manage risk. Consider taking profits at key resistance levels or using a trailing stop to capture further gains."
prediction,AUDJPY,up,0.95,1760016672.0919795,"**Reasoning**: The AUDJPY pair shows a strong bullish signal with a high confidence level of 0.95. The fast EMA (100.70127) is above the slow EMA (100.56168), indicating a confirmed upward trend. The RSI (59.99) suggests that the asset is not overbought, leaving room for further upward movement. Additionally, the positive MACD (0.1396) reinforces the bullish momentum.

**Suggested Action**: Consider entering a long position on AUDJPY. Set a stop-loss just below the recent support level to manage risk, and target a price level that reflects a favorable risk-reward ratio based on your trading strategy."
prediction,AUDJPY,up,0.95,1760016681.4092696,"**Reasoning:**
The AUDJPY shows strong bullish momentum with a high confidence level of 0.95. The fast EMA (100.70) is above the slow EMA (100.56), indicating a bullish trend. The RSI at 59.99 suggests that the market is not overbought yet, allowing for more upward movement. The MACD value of 0.1396 supports this bullish outlook, as it is positive.

**Suggested Action:**
Consider entering a long position on AUDJPY to capitalize on the upward momentum. Set a stop-loss below the recent support level to manage risk effectively. Monitor for any signs of reversal or overbought conditions."
prediction,AUDJPY,up,0.95,1760016684.8949842,"**Reasoning:**
The AUDJPY pair shows strong bullish momentum. The fast EMA is above the slow EMA, indicating a potential upward trend. The RSI is below 70, suggesting there is still room for upward movement without being overbought. Additionally, the MACD is positive, reinforcing the bullish outlook.

**Suggested Action:**
Consider entering a long position on AUDJPY. Set a stop-loss just below the recent support level to manage risk, and target a profit at the next resistance level for optimal gains."
prediction,AUDJPY,up,0.95,1760016688.7851958,"**Reasoning:** The AUDJPY is showing strong upward momentum with a high confidence level of 0.95. The fast EMA (100.70) is above the slow EMA (100.56), indicating a bullish trend. The RSI at 60.18 suggests that the asset is not overbought, allowing room for further upside. Additionally, the positive MACD (0.14) reinforces the bullish momentum.

**Suggested Action:** Consider entering a long position in AUDJPY. Set a stop-loss just below the recent support level to manage risk, and aim for a target that aligns with your risk-reward ratio."
prediction,AUDJPY,up,0.95,1760016692.4555423,"**Reasoning:** The AUDJPY pair shows strong bullish momentum. The EMA Fast (100.70) is above the EMA Slow (100.56), indicating a bullish trend. The RSI at 60.32 suggests that the asset is not overbought, allowing for further upward movement. The positive MACD (0.14) reinforces the upward momentum.

**Suggested Action:** Consider entering a long position on AUDJPY. Set a stop-loss just below the EMA Slow (around 100.55) to manage risk. Aim for a target that reflects recent resistance levels or a risk-reward ratio of at least 1:2."
prediction,AUDJPY,up,0.95,1760016696.5693932,"**Reasoning:** The AUDJPY pair shows strong bullish momentum, supported by a significant confidence level of 0.95. The fast EMA (100.70312) is above the slow EMA (100.56256), indicating a bullish trend. Additionally, the RSI (60.56) suggests that the asset is not overbought, allowing room for further upward movement. The positive MACD (0.14056) confirms the upward momentum.

**Suggested Action:** Consider entering a long position on AUDJPY to capitalize on the predicted upward movement. Set a stop-loss just below the slow EMA to manage risk effectively. Monitor for profit-taking opportunities as the price approaches resistance levels."
prediction,AUDJPY,up,0.95,1760016699.8970013,"**Reasoning:** The AUDJPY pair shows strong bullish momentum with a high confidence level of 0.95 in an upward direction. The fast EMA (100.70) is above the slow EMA (100.56), indicating a bullish crossover. The RSI at 60.41 suggests that the asset is not overbought, allowing room for further upward movement. Additionally, the positive MACD (0.14) reinforces the bullish sentiment.

**Suggested Action:** Consider entering a long position in AUDJPY to capitalize on the anticipated upward movement. Set a stop-loss just below the recent support level to manage risk effectively."
prediction,AUDJPY,up,0.95,1760016706.5716865,"**Reasoning:**
The AUDJPY pair shows strong bullish momentum with a high confidence level of 0.95. The fast EMA (100.7022) is above the slow EMA (100.56212), indicating a bullish trend. The RSI at 60.27 suggests that the asset is not overbought, allowing for further upward movement. Additionally, the positive MACD (0.14008) reinforces the bullish outlook.

**Suggested Action:**
Consider entering a long position on AUDJPY. Set a stop-loss just below the slow EMA to manage risk, and target a profit level based on recent resistance levels or a risk-reward ratio of at least 1:2."
prediction,AUDJPY,up,0.95,1760016710.1764507,"**Reasoning:** The AUDJPY is showing strong bullish momentum with a high confidence level of 0.95. The fast EMA (100.70) is above the slow EMA (100.56), indicating a bullish trend. The RSI at 60.08 suggests that the asset is not overbought, allowing for further upward movement. The positive MACD (0.14) reinforces the bullish outlook.

**Suggested Action:** Consider entering a long position on AUDJPY. Set a stop-loss just below the recent support level to manage risk, and target resistance levels for profit-taking."
prediction,AUDJPY,up,0.95,1760016714.2006211,"**Reasoning:** The AUDJPY shows strong bullish momentum with a high confidence level of 0.95. The fast EMA (100.70) is above the slow EMA (100.56), indicating a bullish crossover. The RSI at 60.32 suggests that the asset is not overbought, allowing room for further upward movement. The MACD value of 0.14 supports the upward trend as it remains positive.

**Suggested Action:** Consider entering a long position in AUDJPY to capitalize on the predicted upward movement. Set a stop-loss just below the slow EMA (around 100.56) to manage risk effectively."
prediction,AUDJPY,up,0.95,1760016717.7753756,"**Reasoning:** The AUDJPY pair shows strong bullish momentum with a high confidence level of 0.95. The fast EMA (100.70) is above the slow EMA (100.56), indicating a bullish crossover. The RSI at 60.56 suggests that the asset is not overbought, allowing room for further upward movement. The positive MACD value (0.14056) reinforces the bullish trend.

**Suggested Action:** Consider entering a long position in AUDJPY. Set a stop-loss below the recent support level to manage risk, and target a profit at the next resistance level for optimal gains."
prediction,AUDJPY,up,0.95,1760016720.735784,"**Reasoning:** The AUDJPY shows strong bullish momentum, supported by a high confidence level of 0.95. The fast EMA is above the slow EMA, indicating a potential upward trend. The RSI at 60.56 suggests that the asset is not overbought and still has room to move higher. The positive MACD value further confirms the bullish sentiment.

**Suggested Action:** Consider entering a long position on AUDJPY to capitalize on the anticipated upward movement. Set a stop-loss below the recent support level to manage risk effectively."
prediction,AUDJPY,up,0.95,1760016724.9988902,"**Reasoning:** The AUDJPY pair shows strong bullish momentum with a high confidence level of 0.95. The fast EMA (100.70327) is above the slow EMA (100.56264), indicating a bullish crossover. The RSI (60.60) suggests that the asset is not overbought, allowing for further upward movement. Additionally, a positive MACD (0.14064) reinforces the bullish trend.

**Suggested Action:** Consider entering a long position in AUDJPY. Set a stop-loss below the recent swing low to manage risk, and target a profit level based on recent resistance areas or a risk-reward ratio of at least 1:2."
prediction,AUDJPY,up,0.95,1760016729.3477917,"**Reasoning:** The AUDJPY pair shows strong bullish momentum with a high confidence level of 0.95. The fast EMA (100.7045) is above the slow EMA (100.56323), indicating a bullish crossover. The RSI at 60.99 suggests that the asset is not overbought, allowing further upward movement. Additionally, the positive MACD value (0.14127) reinforces the bullish sentiment.

**Suggested Action:** Consider entering a long position in AUDJPY to capitalize on the upward trend. Set a stop-loss slightly below the slow EMA to manage risk, and target a profit level based on recent resistance areas."
prediction,AUDJPY,up,0.95,1760016734.0676374,"**Reasoning:**
The AUDJPY pair shows strong bullish momentum with a high confidence level of 0.95. The fast EMA (100.70) is above the slow EMA (100.56), indicating an upward trend. The RSI at 60.46 suggests that the asset is not overbought, allowing for further price appreciation. Additionally, the positive MACD value (0.1404) confirms the bullish momentum.

**Suggested Action:**
Consider entering a long position on AUDJPY. Set a stop-loss below the recent support level to manage risk, and target a resistance level above the current price for profit-taking."
prediction,AUDJPY,up,0.95,1760016737.4463654,"**Reasoning:** The AUDJPY pair shows strong bullish momentum with a high confidence level of 0.95 in an upward direction. The Fast EMA (100.70) is above the Slow EMA (100.56), indicating a bullish crossover. The RSI at 60.41 suggests that the market is not overbought, allowing for further upward movement. Additionally, the MACD value of 0.14 supports the bullish trend.

**Suggested Action:** Consider entering a long position on AUDJPY to capitalize on the anticipated upward movement. Set a stop-loss below the recent support level to manage risk effectively."
prediction,AUDJPY,up,0.95,1760016741.9748006,"**Reasoning:**
The AUDJPY pair shows strong bullish momentum with a high confidence level of 0.95. The fast EMA (100.7022) is above the slow EMA (100.56212), indicating a bullish trend. Additionally, the RSI at 60.27 suggests that the asset is not overbought, allowing for further upward movement. The positive MACD value (0.14008) confirms the strength of the bullish trend.

**Suggested Action:**
Consider entering a long position on AUDJPY. Set a stop-loss below the recent support level to manage risk, and target a profit at the next resistance level to maximize gains. Monitor for any signs of reversal or overextension."
prediction,AUDJPY,up,0.95,1760016748.416626,"**Reasoning:** The AUDJPY is showing strong bullish momentum with a high confidence level of 0.95. The fast EMA (100.70) is above the slow EMA (100.56), indicating a bullish crossover. The RSI at 60.41 suggests that the asset is not yet overbought, allowing for further upward movement. The positive MACD value (0.14) reinforces the upward trend.

**Suggested Action:** Consider entering a long position on AUDJPY. Set a stop-loss just below the slow EMA to manage risk, and target key resistance levels for profit-taking."
prediction,AUDJPY,up,0.95,1760016753.699372,"**Reasoning:** The AUDJPY pair shows strong bullish momentum with a high confidence level of 0.95. The fast EMA (100.70) is above the slow EMA (100.56), indicating a bullish crossover. The RSI (60.46) suggests that the asset is not overbought yet, allowing for further upward movement. Additionally, the positive MACD (0.1404) reinforces the bullish trend.

**Suggested Action:** Consider entering a long position on AUDJPY to capitalize on the upward momentum. Set a stop-loss just below the slow EMA (around 100.56) to manage risk, and aim for a target based on recent resistance levels or a risk-reward ratio of at least 1:2."
prediction,AUDJPY,up,0.95,1760016757.7273195,"**Reasoning:** The AUDJPY pair shows strong bullish momentum with a high confidence level of 0.95. The fast EMA (100.70) is above the slow EMA (100.56), indicating a bullish trend. The RSI at 60.46 suggests that the asset is not overbought, leaving room for further upside. Additionally, the positive MACD (0.1404) reinforces the upward momentum.

**Suggested Action:** Consider entering a long position on AUDJPY to capitalize on the anticipated upward movement. Set a stop-loss just below the recent support level to manage risk effectively."
prediction,AUDJPY,up,0.95,1760016760.1546485,"**Reasoning:** The AUDJPY pair shows strong bullish signals. The high confidence level (0.95) indicates a strong belief in the upward movement. The fast EMA (100.70) is above the slow EMA (100.56), confirming a bullish trend. The RSI at 60.41 suggests that the asset is not overbought, leaving room for upward movement. Additionally, the MACD value (0.14) supports the bullish momentum.

**Suggested Action:** Consider entering a long position in AUDJPY to capitalize on the anticipated upward movement. Set a stop-loss just below the recent support level to manage risk effectively."
prediction,AUDJPY,up,0.95,1760016762.6769838,"**Reasoning:**
The AUDJPY pair shows strong bullish momentum, indicated by a high confidence level (0.95). The fast EMA (100.70) is above the slow EMA (100.56), suggesting a bullish crossover. The RSI at 60.51 indicates that the market is not overbought, allowing for further upward movement. The positive MACD (0.14) confirms the bullish trend.

**Suggested Action:**
Consider entering a long position in AUDJPY. Set a stop-loss slightly below the slow EMA (around 100.55) to manage risk, and target resistance levels above the current price for profit-taking."
prediction,AUDJPY,up,0.95,1760016766.1286252,"**Reasoning:** The AUDJPY pair shows strong bullish momentum with a high confidence level of 0.95. The fast EMA (100.70358) is above the slow EMA (100.56279), indicating a bullish trend. The RSI at 60.70 suggests that the asset is not overbought, leaving room for further upward movement. Additionally, the positive MACD (0.14079) supports the bullish outlook.

**Suggested Action:** Consider entering a long position on AUDJPY. Set a stop-loss slightly below the slow EMA (around 100.55) to manage risk, and target a profit level at least 1-2% above the entry price. Monitor for any changes in momentum indicators to adjust your strategy accordingly."
prediction,AUDJPY,up,0.95,1760016768.1659892,"**Reasoning:** The AUDJPY pair shows strong bullish momentum, indicated by a high confidence level of 0.95. The fast EMA (100.70) is above the slow EMA (100.56), confirming an upward trend. An RSI of 60.94 suggests that the asset is not overbought, leaving room for further upside. Additionally, a positive MACD value (0.14119) supports the bullish outlook.

**Suggested Action:** Consider entering a long position on AUDJPY. Set a stop-loss below the recent support level to manage risk, and aim for a target aligned with recent resistance levels to maximize potential gains."
prediction,AUDJPY,up,0.95,1760016773.094395,"**Reasoning:** The AUDJPY shows a strong bullish sentiment with a high confidence level of 0.95. The fast EMA (100.7042) is above the slow EMA (100.56308), indicating a potential upward trend. The RSI (60.89) suggests that the asset is not overbought yet, providing room for further upward movement. Additionally, the positive MACD (0.14111) reinforces the bullish momentum.

**Suggested Action:** Consider entering a long position in AUDJPY. Set a stop-loss just below the recent support level to manage risk, and target a resistance level for profit-taking. Monitor the indicators for any signs of trend reversal."
prediction,AUDJPY,up,0.95,1760016776.606345,"**Reasoning:** The AUDJPY pair shows strong bullish momentum, indicated by a high confidence level of 0.95. The fast EMA (100.7042) is above the slow EMA (100.56308), confirming a bullish trend. The RSI at 60.89 suggests that the asset is not overbought, allowing for further upward movement. The MACD value of 0.14111 supports the bullish outlook, indicating increasing momentum.

**Suggested Action:** Consider entering a long position in AUDJPY to capitalize on the upward trend. Set a stop-loss below the recent support level to manage risk, and target a profit level based on recent resistance levels or a trailing stop strategy to maximize gains as the price increases."
prediction,AUDJPY,up,0.95,1760016780.8309052,"**Reasoning:** The AUDJPY pair shows strong bullish momentum with a high confidence level of 0.95. The fast EMA (100.70) is above the slow EMA (100.56), indicating a bullish trend. The RSI at 60.84 suggests that the asset is not overbought, leaving room for further upward movement. Additionally, the positive MACD (0.14103) reinforces the bullish sentiment.

**Suggested Action:** Consider entering a long position on AUDJPY to capitalize on the anticipated upward movement. Set a stop-loss below the recent support level to manage risk effectively. Monitor for any signs of trend reversal or overbought conditions."
prediction,AUDJPY,up,0.95,1760016784.4578588,"**Reasoning:** The AUDJPY shows strong bullish momentum with a high confidence level of 0.95. The fast EMA (100.70) is above the slow EMA (100.56), indicating a bullish trend. The RSI at 60.65 suggests that the asset is not overbought, leaving room for further upside. Additionally, the positive MACD (0.14) reinforces the upward momentum.

**Suggested Action:** Consider entering a long position on AUDJPY. Set a target near recent resistance levels and place a stop-loss just below the EMA Slow (100.56) to manage risk effectively."
prediction,AUDJPY,up,0.95,1760016786.5329692,"**Reasoning:** The AUDJPY pair shows strong bullish momentum with a high confidence level of 0.95. The fast EMA (100.70) is above the slow EMA (100.56), indicating a bullish crossover. The RSI (60.41) suggests that the asset is not overbought, allowing for further upward movement. Additionally, the positive MACD (0.14) reinforces the upward trend.

**Suggested Action:** Consider entering a long position on AUDJPY to capitalize on the anticipated upward movement. Set a stop-loss below the recent support level to manage risk effectively."
prediction,AUDJPY,up,0.95,1760016789.6770892,"**Reasoning:** The strong bullish sentiment for AUDJPY is supported by a high confidence level of 0.95. The fast EMA (100.70) is above the slow EMA (100.56), indicating a bullish trend. The RSI (60.46) suggests that the asset is not overbought, allowing for further upward movement. Additionally, the positive MACD (0.1404) reinforces the upward momentum.

**Suggested Action:** Consider entering a long position on AUDJPY to capitalize on the expected upward movement. Set a stop-loss just below the EMA Slow (around 100.55) to manage risk effectively."
prediction,AUDJPY,up,0.95,1760016793.5000615,"**Reasoning:** The AUDJPY pair shows a strong bullish sentiment with a high confidence level of 0.95. The Fast EMA (100.70) is above the Slow EMA (100.56), indicating a bullish trend. The RSI at 60.80 suggests that the asset is not overbought, providing room for further upward movement. The positive MACD (0.14) reinforces the upward momentum.

**Suggested Action:** Consider entering a long position in AUDJPY to capitalize on the anticipated upward movement. Set a stop-loss slightly below the Slow EMA (around 100.55) to manage risk effectively."
prediction,AUDJPY,up,0.95,1760016797.2301266,"**Reasoning:** The AUDJPY pair shows strong bullish momentum with a high confidence level of 0.95. The EMA Fast (100.70) is above the EMA Slow (100.56), indicating a bullish trend. The RSI at 60.65 suggests that the asset is not overbought, leaving room for further upward movement. Additionally, the positive MACD (0.14) supports the bullish outlook.

**Suggested Action:** Consider entering a long position on AUDJPY to capitalize on the upward trend. Set a stop-loss below the recent support level to manage risk effectively. Monitor for potential resistance levels as targets for profit-taking."
prediction,AUDJPY,up,0.95,1760016800.5443723,"**Reasoning:** The AUDJPY pair shows strong bullish momentum with a high confidence level of 0.95. The fast EMA (100.70) is above the slow EMA (100.56), indicating a potential uptrend. Additionally, the RSI (60.65) suggests that the asset is not overbought, allowing room for further upward movement. The positive MACD (0.14) reinforces the bullish sentiment.

**Suggested Action:** Consider entering a long position on AUDJPY to capitalize on the anticipated upward movement. Set a stop-loss below the recent support level to manage risk effectively."
prediction,AUDJPY,up,0.95,1760016803.902262,"**Reasoning:** The AUDJPY pair shows strong bullish momentum. The fast EMA is above the slow EMA, indicating a potential upward trend. The RSI is above 60, suggesting that the asset is not overbought and has room to rise. The positive MACD value further confirms the upward momentum.

**Suggested Action:** Consider entering a long position on AUDJPY. Set a stop-loss slightly below the recent support level to manage risk, and target a profit level based on recent resistance or a risk-reward ratio of at least 1:2."
prediction,AUDJPY,up,0.95,1760016808.3679657,"**Reasoning:** The AUDJPY shows strong bullish momentum, indicated by the fast EMA being above the slow EMA, a high RSI suggesting strength without being overbought, and a positive MACD value. This combination supports the prediction of upward movement.

**Suggested Action:** Consider entering a long position on AUDJPY, setting a stop loss slightly below the slow EMA (around 100.56) to manage risk. Aim for a target profit based on recent resistance levels or a risk-reward ratio of at least 1:2."
prediction,AUDJPY,up,0.95,1760016811.5638633,"**Reasoning:** The AUDJPY is showing strong bullish momentum with a high confidence level of 0.95. The fast EMA (100.70) is above the slow EMA (100.56), indicating a bullish crossover. The RSI is at 60.60, suggesting that the asset is not overbought, allowing for further upward movement. The MACD is positive (0.14), confirming the upward trend.

**Suggested Action:** Consider entering a long position on AUDJPY. Set a stop-loss just below the recent support level to manage risk, and look for a target at the next resistance level for potential profit-taking."
prediction,AUDJPY,up,0.95,1760016815.132387,"**Reasoning:** The AUDJPY pair shows strong bullish momentum with a high confidence level of 0.95. The fast EMA (100.70) is above the slow EMA (100.56), indicating a bullish trend. The RSI is at 60.75, suggesting that the asset is not overbought yet, allowing for further upward movement. The positive MACD value (0.14) reinforces the potential for upward momentum.

**Suggested Action:** Consider entering a long position in AUDJPY to capitalize on the anticipated upward movement. Set a stop-loss just below the recent support level to manage risk effectively."
prediction,AUDJPY,up,0.95,1760016820.979651,"**Reasoning:** The AUDJPY pair shows a strong bullish outlook with a high confidence level of 0.95. The fast EMA (100.70) is above the slow EMA (100.56), indicating a bullish trend. The RSI at 60.41 suggests that the asset is not overbought, allowing room for further upward movement. Additionally, the positive MACD (0.14) supports the upward momentum.

**Suggested Action:** Consider entering a long position in AUDJPY to capitalize on the anticipated upward movement. Set a stop-loss slightly below the slow EMA (around 100.55) to manage risk, and look for profit targets at resistance levels above 101.00."
prediction,AUDJPY,up,0.95,1760016825.0187955,"**Reasoning:** The AUDJPY shows strong bullish momentum with a high confidence level of 0.95. The fast EMA (100.70) is above the slow EMA (100.56), indicating a bullish trend. The RSI at 60.70 suggests that the asset is not overbought, leaving room for further upward movement. The MACD value of 0.14079 supports this bullish outlook as it remains positive.

**Suggested Action:** Consider entering a long position on AUDJPY. Set a stop-loss just below the slow EMA (around 100.55) to manage risk, and target a profit level at around 101.00 or higher, depending on market conditions. Monitor the RSI and MACD for any signs of reversal."
prediction,AUDJPY,up,0.95,1760016828.0477812,"**Reasoning:** The AUDJPY pair shows strong bullish signals. The EMA fast (100.70) is above the EMA slow (100.56), indicating a potential upward trend. The RSI at 60.65 suggests that the asset is not overbought, allowing for further upside potential. The MACD value of 0.14 supports the bullish momentum.

**Suggested Action:** Consider entering a long position in AUDJPY with a target above the recent high, while setting a stop-loss just below the EMA slow (100.56) to manage risk effectively."
prediction,AUDJPY,up,0.95,1760016832.1088195,"**Reasoning:** The AUDJPY is showing strong bullish momentum with a high confidence level of 0.95. The fast EMA (100.70) is above the slow EMA (100.56), indicating a potential upward trend. The RSI at 60 suggests that the asset is not overbought, allowing for further upward movement. Additionally, the MACD is positive (0.14), reinforcing the bullish outlook.

**Suggested Action:** Consider entering a long position on AUDJPY. Set a stop-loss below the recent support level to manage risk, and target a profit level based on recent resistance areas."
prediction,AUDJPY,up,0.95,1760016835.716942,"**Reasoning:** The AUDJPY pair shows strong bullish momentum, supported by a high confidence level of 0.95. The fast EMA (100.70235) is above the slow EMA (100.56219), indicating a bullish trend. The RSI at 60.32 suggests that the market is not overbought, allowing for further upward movement. Additionally, the positive MACD value (0.14016) reinforces the bullish outlook.

**Suggested Action:** Consider entering a long position on AUDJPY to capitalize on the anticipated upward movement. Set a stop-loss just below the recent support level to manage risk effectively."
prediction,AUDJPY,up,0.95,1760016840.2406387,"**Reasoning:** The AUDJPY pair shows strong bullish momentum with a high confidence level of 0.95. The fast EMA (100.7022) is above the slow EMA (100.56212), indicating a bullish crossover. The RSI at 60.27 suggests that the pair is not overbought, allowing for further upward movement. Additionally, the MACD value of 0.14008 supports the bullish trend.

**Suggested Action:** Consider entering a long position in AUDJPY to capitalize on the upward momentum. Set a stop-loss just below the slow EMA (around 100.56) to manage risk, and target a profit level at least 1-2% above the entry point. Monitor the RSI and MACD for any signs of reversal."
prediction,AUDJPY,up,0.95,1760016846.5823574,"**Reasoning**: The AUDJPY is showing strong bullish momentum with a high confidence level of 0.95. The fast EMA (100.7025) is above the slow EMA (100.56227), indicating a bullish crossover. The RSI at 60.37 suggests that the asset is not overbought, leaving room for further upward movement. Additionally, the positive MACD value (0.14024) supports the upward trend.

**Suggested Action**: Consider entering a long position in AUDJPY. Set a stop-loss just below the recent support level to manage risk, and aim for a target based on recent resistance levels or a risk-reward ratio of at least 1:2."
prediction,AUDJPY,up,0.95,1760016850.1433728,"**Reasoning:** The AUDJPY shows strong bullish signals with a high confidence level of 0.95. The fast EMA (100.70) is above the slow EMA (100.56), indicating a bullish trend. The RSI at 60.41 suggests that the asset is not overbought, leaving room for upward movement. The positive MACD (0.14) further supports the likelihood of upward momentum.

**Suggested Action:** Consider entering a long position in AUDJPY to capitalize on the expected upward trend. Set a stop-loss just below the recent support level to manage risk effectively."
prediction,AUDJPY,up,0.95,1760016853.506963,"**Reasoning:** The AUDJPY pair shows strong bullish momentum with a high confidence level of 0.95. The fast EMA (100.70) is above the slow EMA (100.56), indicating a bullish crossover. The RSI at 60.41 suggests that the asset is not overbought, allowing for further upward movement. Additionally, the positive MACD (0.14) reinforces the bullish trend.

**Suggested Action:** Consider entering a long position on AUDJPY. Set a stop-loss slightly below the recent support level to manage risk, and look for a target that aligns with your risk-reward ratio."
prediction,AUDJPY,up,0.95,1760016857.8675067,"**Reasoning:** The AUDJPY is showing strong bullish momentum with a high confidence level of 0.95. The fast EMA (100.70) is above the slow EMA (100.56), indicating a bullish crossover. The RSI at 60.32 suggests that the asset is not overbought, allowing room for further upside. Additionally, the MACD value of 0.14 supports the bullish trend.

**Suggested Action:** Consider entering a long position on AUDJPY. Set a stop-loss just below the slow EMA (around 100.55) to manage risk, and target a profit level at least 1-2% above the current price for favorable risk-to-reward. Monitor for any signs of trend reversal."
prediction,AUDJPY,up,0.95,1760016860.6275594,"**Reasoning:** The AUDJPY pair shows strong bullish signals. The fast EMA (100.7025) is above the slow EMA (100.56227), indicating a bullish trend. The RSI at 60.37 suggests that the asset is not overbought, allowing for further upside potential. The positive MACD (0.14024) reinforces the upward momentum.

**Suggested Action:** Consider entering a long position on AUDJPY, with a target set above recent resistance levels. Monitor for any signs of reversal or overbought conditions to adjust your position accordingly."
prediction,AUDJPY,up,0.95,1760016865.5416925,"**Reasoning:** The AUDJPY shows strong bullish momentum with a high confidence level of 0.95. The fast EMA (100.70) is above the slow EMA (100.56), indicating a bullish trend. The RSI (60.04) suggests the asset is not overbought, leaving room for further upside. The positive MACD (0.13968) reinforces the upward momentum.

**Suggested Action:** Consider entering a long position on AUDJPY, aiming for a target above recent highs. Set a stop-loss just below the slow EMA (100.56) to manage risk effectively."
prediction,AUDJPY,up,0.95,1760016869.8666625,"**Reasoning:** The AUDJPY pair shows strong bullish momentum with a high confidence level of 0.95. The fast EMA (100.70) is above the slow EMA (100.56), indicating a bullish trend. The RSI at 60.32 suggests that the market is not overbought, allowing for further upward movement. The positive MACD (0.14) reinforces the strength of the uptrend.

**Suggested Action:** Consider entering a long position on AUDJPY, setting a stop-loss slightly below the recent support level to manage risk. Aim for a target that aligns with recent resistance levels for optimal profit-taking."
prediction,AUDJPY,up,0.95,1760016873.2254963,"**Reasoning:** The AUDJPY pair shows a strong bullish sentiment with a high confidence level of 0.95. The fast EMA (100.70) is above the slow EMA (100.56), indicating a potential upward trend. The RSI at 60.22 suggests that the currency pair is not overbought yet, leaving room for further upward movement. The MACD at 0.14 also supports the bullish outlook, as it indicates momentum is building.

**Suggested Action:** Consider entering a long position on AUDJPY, setting a stop-loss just below the recent support level to manage risk effectively. Aim for a target that aligns with recent resistance levels for optimal profit-taking."
prediction,AUDJPY,up,0.95,1760016876.0622962,"**Reasoning:** The AUDJPY is showing strong bullish momentum with a high confidence level of 0.95. The fast EMA (100.7022) is above the slow EMA (100.56212), indicating a potential upward trend. The RSI at 60.27 suggests that the asset is not overbought, allowing room for further upward movement. Additionally, the positive MACD value (0.14008) supports the bullish outlook.

**Suggested Action:** Consider entering a long position on AUDJPY to capitalize on the expected upward movement. Set a stop-loss below the recent support level to manage risk effectively."
prediction,AUDJPY,up,0.95,1760016880.4095309,"**Reasoning:** The AUDJPY pair shows a strong bullish signal with a high confidence level of 0.95. The fast EMA (100.7022) is above the slow EMA (100.56212), indicating a bullish trend. The RSI at 60.27 suggests that the asset is neither overbought nor oversold, allowing for further upward movement. Additionally, the MACD value of 0.14008 supports the bullish momentum.

**Suggested Action:** Consider entering a long position on AUDJPY. Set a stop-loss slightly below the slow EMA (around 100.55) to manage risk, and target a profit level at 101.00 for a favorable risk-reward ratio."
prediction,AUDJPY,up,0.95,1760016885.3097594,"**Reasoning:** The AUDJPY shows strong bullish momentum with a high confidence level of 0.95. The fast EMA (100.7022) is above the slow EMA (100.56212), indicating a bullish crossover. The RSI at 60.27 suggests the asset is not overbought, allowing room for further upward movement. The positive MACD (0.14008) reinforces the bullish trend.

**Suggested Action:** Consider entering a long position on AUDJPY to capitalize on the anticipated upward movement. Set a stop loss just below the slow EMA to manage risk effectively."
prediction,AUDJPY,up,0.95,1760016890.6286254,"**Reasoning:** The AUDJPY is showing strong bullish momentum with a high confidence level of 0.95. The fast EMA (100.70) is above the slow EMA (100.56), indicating a bullish crossover. The RSI at 59.94 suggests that the asset is not overbought, allowing for further upside potential. The positive MACD (0.13952) supports the upward trend.

**Suggested Action:** Consider entering a long position in AUDJPY. Set a stop-loss slightly below the recent support level to manage risk, and aim for a target that reflects a favorable risk-reward ratio, ideally above the recent resistance levels."
prediction,AUDJPY,up,0.95,1760016895.3701403,"**Reasoning:** The AUDJPY shows a strong bullish signal with a high confidence level of 0.95. The fast EMA (100.70) is above the slow EMA (100.56), indicating a positive trend. The RSI at 60.18 suggests that the asset is not overbought, leaving room for upward movement. Additionally, the MACD value of 0.14 supports the bullish momentum.

**Suggested Action:** Consider entering a long position on AUDJPY. Set a stop-loss below the recent support level to manage risk and target a profit level that aligns with your risk-reward strategy."
prediction,AUDJPY,up,0.95,1760016898.6044707,"**Reasoning:** The AUDJPY shows strong bullish signals with a high confidence level of 0.95. The fast EMA (100.70) is above the slow EMA (100.56), indicating a potential upward trend. The RSI at 60.13 suggests that the asset is not overbought, leaving room for further upward movement. Additionally, the positive MACD (0.13984) reinforces the bullish momentum.

**Suggested Action:** Consider entering a long position on AUDJPY to capitalize on the anticipated upward movement. Set a stop-loss just below the slow EMA to manage risk effectively."
prediction,AUDJPY,up,0.95,1760016902.295833,"**Reasoning:** The AUDJPY pair shows a strong bullish trend with a high confidence level of 0.95. The fast EMA (100.70) is above the slow EMA (100.56), indicating a bullish crossover. The RSI at 60.13 suggests that the asset is not overbought, allowing room for upward movement. Additionally, the positive MACD value (0.13984) supports the bullish momentum.

**Suggested Action:** Consider entering a long position on AUDJPY to capitalize on the predicted upward movement. Set a stop-loss slightly below the slow EMA (around 100.50) to manage risk. Aim for a target of at least 100.90 to maximize potential gains."
prediction,AUDJPY,up,0.95,1760016905.5108137,"**Reasoning:** The AUDJPY is showing strong bullish signals with a high confidence level of 0.95. The fast EMA (100.70173) is above the slow EMA (100.5619), indicating a bullish crossover. The RSI at 60.13 suggests that the asset is not overbought, leaving room for further upward movement. Additionally, the positive MACD (0.13984) reinforces the bullish momentum.

**Suggested Action:** Consider entering a long position in AUDJPY to capitalize on the expected upward movement. Set a stop-loss just below the slow EMA (around 100.56) to manage risk, and aim for a target that reflects a favorable risk-to-reward ratio."
prediction,AUDJPY,up,0.95,1760016910.290509,"**Reasoning:** The AUDJPY shows strong bullish momentum with a high confidence level of 0.95. The fast EMA (100.70) is above the slow EMA (100.56), indicating a potential upward trend. The RSI at 60 suggests that the asset is not overbought, allowing room for further upward movement. Additionally, the positive MACD (0.14) supports the bullish outlook.

**Suggested Action:** Consider entering a long position in AUDJPY, with a target above recent resistance levels. Monitor for any signs of reversal or overextension, adjusting your stop-loss accordingly to manage risk."
prediction,AUDJPY,up,0.95,1760016915.2359602,"**Reasoning:** The AUDJPY pair shows a strong bullish signal with a high confidence level of 0.95. The fast EMA (100.70) is above the slow EMA (100.56), indicating a potential upward trend. The RSI at 60.13 suggests that the asset is not overbought, leaving room for further upside. The positive MACD value (0.13984) reinforces the bullish momentum.

**Suggested Action:** Consider entering a long position in AUDJPY to capitalize on the anticipated upward movement. Set a stop-loss just below the recent support level to manage risk effectively."
prediction,AUDJPY,up,0.95,1760016919.2901504,"**Reasoning:** The AUDJPY pair shows a strong bullish signal with a high confidence level of 0.95. The fast EMA (100.7025) is above the slow EMA (100.56227), indicating a bullish trend. The RSI at 60.37 suggests that the asset is not overbought, allowing room for further upward movement. Additionally, the MACD value (0.14024) supports the bullish momentum.

**Suggested Action:** Consider entering a long position on AUDJPY. Set a stop-loss below the recent support level to manage risk, and target the next resistance level for profit-taking."
prediction,AUDJPY,up,0.95,1760016921.3819773,"**Reasoning:** The AUDJPY pair shows strong bullish momentum, indicated by a high confidence level of 0.95. The Fast EMA (100.7022) is above the Slow EMA (100.56212), confirming a bullish trend. The RSI (60.27) indicates that the asset is not overbought, leaving room for further upward movement. The positive MACD (0.14008) supports the upward trend.

**Suggested Action:** Consider entering a long position in AUDJPY to capitalize on the bullish momentum. Set a stop-loss below the recent support level to manage risk effectively."
prediction,AUDJPY,up,0.95,1760016925.0455573,"**Reasoning:** The AUDJPY pair shows strong bullish momentum, indicated by the EMA Fast (100.7025) being above the EMA Slow (100.56227), which suggests a potential uptrend. The RSI (60.37) indicates that the asset is not overbought, allowing for further upward movement. The positive MACD (0.14024) reinforces the bullish outlook.

**Suggested Action:** Consider entering a long position on AUDJPY to capitalize on the predicted upward movement. Set a stop-loss slightly below the recent support level to manage risk effectively. Target a profit level based on recent resistance zones."
prediction,AUDJPY,up,0.95,1760016929.8950462,"**Reasoning:** The AUDJPY pair is showing strong bullish momentum, indicated by the fast EMA (100.7022) being above the slow EMA (100.56212), confirming an upward trend. The RSI value of 60.27 suggests that the asset is not overbought, allowing for further upward movement. Additionally, the positive MACD (0.14008) indicates growing bullish momentum.

**Suggested Action:** Consider entering a long position on AUDJPY to capitalize on the upward trend. Set a stop-loss below the recent support level to manage risk effectively."
prediction,AUDJPY,up,0.95,1760016934.1327105,"**Reasoning:** The AUDJPY pair shows a strong bullish signal with a high confidence level of 0.95. The fast EMA (100.7022) is above the slow EMA (100.56212), indicating a bullish trend. The RSI at 60.27 suggests that the market is not overbought yet, allowing further upward movement. Additionally, the positive MACD value (0.14008) supports the upward momentum.

**Suggested Action:** Consider entering a long position on AUDJPY to capitalize on the anticipated upward movement. Set a stop-loss just below the recent support level to manage risk."
prediction,AUDJPY,up,0.95,1760016938.075546,"**Reasoning:** The AUDJPY pair shows strong bullish momentum with a high confidence level of 0.95. The Fast EMA (100.7025) is above the Slow EMA (100.56227), indicating a bullish crossover. The RSI at 60.37 suggests that the asset is not overbought, allowing for further upward movement. The positive MACD value (0.14024) reinforces the bullish trend.

**Suggested Action:** Consider entering a long position in AUDJPY. Set a stop-loss just below the recent support level to manage risk, and look for potential targets at key resistance levels above 101.00."
prediction,AUDJPY,up,0.95,1760016942.2357016,"**Reasoning:** The AUDJPY shows strong bullish momentum with a high confidence level of 0.95. The fast EMA (100.70) is above the slow EMA (100.56), indicating a bullish crossover. The RSI at 60.51 suggests that the asset is not overbought, leaving room for further upward movement. Additionally, the positive MACD value (0.14) supports the bullish outlook.

**Suggested Action:** Consider entering a long position in AUDJPY, setting a stop loss below the recent support level to manage risk. Monitor for any signs of reversal or overbought conditions."
prediction,AUDJPY,up,0.95,1760016946.4897065,"**Reasoning:** The AUDJPY shows a strong bullish signal with a high confidence level of 0.95. The fast EMA (100.7025) is above the slow EMA (100.56227), indicating a potential upward trend. The RSI at 60.37 suggests that the asset is not overbought, providing room for further upward movement. The positive MACD (0.14024) reinforces the bullish sentiment.

**Suggested Action:** Consider entering a long position on AUDJPY. Set a stop-loss slightly below the slow EMA to manage risk, and look for profit-taking opportunities as the price approaches resistance levels."
prediction,AUDJPY,up,0.95,1760016950.7263694,"**Reasoning:** The AUDJPY pair shows a strong bullish signal with a high confidence level of 0.95. The fast EMA (100.70312) is above the slow EMA (100.56256), indicating upward momentum. The RSI at 60.56 suggests that the asset is not overbought, allowing for further upward movement. Additionally, the positive MACD (0.14056) reinforces the bullish trend.

**Suggested Action:** Consider entering a long position on AUDJPY. Set a stop-loss slightly below the recent support level to manage risk, and look for profit-taking opportunities as the price approaches resistance levels."
prediction,AUDJPY,up,0.95,1760016954.6459594,"**Reasoning:** The AUDJPY pair shows a strong bullish signal with a high confidence level of 0.95. The fast EMA (100.70) is above the slow EMA (100.56), indicating a bullish trend. The RSI at 60.60 suggests that the asset is not overbought, leaving room for further upside. Additionally, the positive MACD (0.14) reinforces the upward momentum.

**Suggested Action:** Consider entering a long position on AUDJPY to capitalize on the anticipated upward movement. Set a stop-loss just below the recent support level to manage risk effectively."
prediction,AUDJPY,up,0.95,1760016958.711499,"**Reasoning:**
The AUDJPY is showing strong bullish signals with a high confidence level of 0.95. The fast EMA (100.70) is above the slow EMA (100.56), indicating a bullish trend. The RSI at 60.65 suggests that the asset is not overbought, leaving room for further upward movement. Additionally, the MACD (0.14) is positive, reinforcing the upward momentum.

**Suggested Action:**
Consider entering a long position on AUDJPY. Set a stop-loss slightly below the slow EMA to manage risk, and target resistance levels for profit-taking. Monitor for any changes in momentum indicators to adjust positions accordingly."
prediction,AUDJPY,up,0.95,1760016961.6222587,"**Reasoning**: The AUDJPY pair shows strong bullish momentum. The fast EMA (100.70343) is above the slow EMA (100.56271), indicating a potential uptrend. The RSI (60.65) suggests that the asset is not overbought, providing room for further upside. Additionally, the positive MACD (0.14071) reinforces the bullish sentiment.

**Suggested Action**: Consider entering a long position on AUDJPY. Set a stop-loss just below the slow EMA to manage risk, and aim for a target at the next resistance level. Monitor for any signs of reversal or weakening momentum."
prediction,AUDJPY,up,0.95,1760016965.6736624,"**Reasoning:** The AUDJPY pair shows a strong bullish signal with a high confidence level of 0.95. The fast EMA (100.70) is above the slow EMA (100.56), indicating a bullish trend. The RSI at 60.41 suggests that the asset is not overbought, leaving room for further upward movement. Additionally, the positive MACD (0.14) confirms the bullish momentum.

**Suggested Action:** Consider entering a long position on AUDJPY. Set a stop-loss below the recent support level to manage risk, and target a profit at the next resistance level. Monitor for any signs of reversal."
prediction,AUDJPY,up,0.95,1760016969.977653,"**Reasoning:** The AUDJPY pair shows strong bullish momentum with a high confidence level of 0.95. The fast EMA (100.70) is above the slow EMA (100.56), indicating a bullish trend. The RSI at 60.46 suggests that the asset is not overbought, leaving room for further upward movement. The MACD (0.1404) being positive reinforces the bullish outlook.

**Suggested Action:** Consider entering a long position on AUDJPY. Set a stop-loss slightly below the slow EMA (around 100.55) to manage risk. Aim for a target above recent resistance levels, adjusting as necessary based on market conditions."
prediction,AUDJPY,up,0.95,1760016973.6877973,"**Reasoning:** The AUDJPY pair shows a strong bullish signal with a high confidence level of 0.95. The fast EMA (100.7025) is above the slow EMA (100.56227), indicating a bullish trend. The RSI at 60.37 suggests that the asset is not overbought, allowing for further upside potential. Additionally, the MACD (0.14024) being positive reinforces the upward momentum.

**Suggested Action:** Consider entering a long position on AUDJPY to capitalize on the predicted upward movement. Set a stop-loss slightly below the recent support level to manage risk effectively."
prediction,AUDJPY,up,0.95,1760016977.249806,"**Reasoning:** The AUDJPY shows a strong bullish signal with a high confidence level (0.95). The fast EMA (100.7025) is above the slow EMA (100.56227), indicating a potential upward trend. The RSI at 60.37 suggests momentum is building but is not yet overbought, allowing room for further upward movement. The positive MACD (0.14024) reinforces the bullish outlook.

**Suggested Action:** Consider entering a long position on AUDJPY. Set a stop-loss slightly below the slow EMA to manage risk. Monitor for potential resistance levels to take profits as the price moves higher."
prediction,AUDJPY,up,0.95,1760016980.593475,"**Reasoning:** The AUDJPY is showing strong upward momentum with a high confidence level of 0.95. The fast EMA (100.70112) is above the slow EMA (100.5616), indicating a bullish trend. The RSI is approaching overbought territory but is still under 70, suggesting there is room for further upward movement. The positive MACD (0.13952) reinforces the bullish outlook.

**Suggested Action:** Consider entering a long position on AUDJPY. Set a stop-loss below the recent support level to manage risk, and look for profit targets at key resistance levels above the current price."
prediction,AUDJPY,up,0.95,1760016983.494692,"**Reasoning:** The AUDJPY shows strong upward momentum with a high confidence level of 0.95. The fast EMA (100.70) is above the slow EMA (100.56), indicating a bullish trend. The RSI at 59.90 suggests that the asset is not overbought, allowing for further upward movement. The MACD at 0.13944 also supports the bullish sentiment.

**Suggested Action:** Consider entering a long position on AUDJPY to capitalize on the predicted upward movement. Set a stop-loss below the recent support level to manage risk effectively."
prediction,AUDJPY,up,0.95,1760016987.4534955,"**Reasoning:** The AUDJPY pair shows strong bullish momentum indicated by a high confidence level of 0.95. The fast EMA (100.70) is above the slow EMA (100.56), signaling a potential uptrend. Additionally, the RSI (59.94) is approaching overbought territory but still supports upward movement, while the positive MACD (0.13952) reinforces the bullish outlook.

**Suggested Action:** Consider entering a long position on AUDJPY. Set a stop-loss slightly below the EMA Slow (around 100.55) to manage risk. Target a profit level at least 1-2% above the current price to capitalize on the anticipated upward movement."
prediction,AUDJPY,up,0.95,1760016993.120662,"**Reasoning:** The AUDJPY shows strong bullish momentum with a high confidence level of 0.95. The fast EMA (100.70112) is above the slow EMA (100.5616), indicating a bullish crossover. The RSI (59.94) suggests the market is not overbought, allowing room for further upward movement. The MACD (0.13952) is also positive, reinforcing the bullish trend.

**Suggested Action:** Consider entering a long position on AUDJPY. Set a stop-loss just below the recent support level to manage risk, and aim for a target that aligns with recent resistance levels for optimal profit-taking."
prediction,AUDJPY,up,0.95,1760016997.805576,"**Reasoning:**
The AUDJPY pair shows a strong bullish sentiment with a high confidence level of 0.95. The fast EMA is above the slow EMA, indicating a potential upward trend. The RSI at 59.20 suggests that the asset is not overbought, allowing room for further upside. Additionally, the positive MACD value reinforces the bullish momentum.

**Suggested Action:**
Consider entering a long position on AUDJPY. Set a stop-loss slightly below the slow EMA (around 100.55) to manage risk, and target a profit level at least 1-2% above the current price to capitalize on the anticipated upward movement."
prediction,AUDJPY,up,0.95,1760017002.1848779,"**Reasoning:** The AUDJPY shows strong bullish momentum with a high confidence level of 0.95. The fast EMA (100.70) is above the slow EMA (100.56), indicating a bullish crossover. The RSI at 58.89 suggests the asset is not overbought, allowing room for further upward movement. The positive MACD (0.13768) confirms the upward momentum.

**Suggested Action:** Consider entering a long position on AUDJPY. Set a stop-loss just below the slow EMA (around 100.55) to manage risk, and target resistance levels above the current price for profit-taking."
prediction,AUDJPY,up,0.95,1760017005.5531795,"**Reasoning:** The AUDJPY is showing strong bullish momentum with a high confidence level of 0.95. The fast EMA (100.70) is above the slow EMA (100.56), indicating a bullish trend. The RSI at 58.75 suggests that the market is not overbought, allowing for further upward movement. The MACD at 0.13744 confirms positive momentum.

**Suggested Action:** Consider entering a long position on AUDJPY to capitalize on the anticipated upward movement. Set a stop-loss just below the recent support level to manage risk."
prediction,AUDJPY,up,0.95,1760017010.1736305,"**Reasoning:**
The AUDJPY pair shows strong bullish momentum as indicated by the following:

1. **EMA Analysis**: The fast EMA (100.69743) is above the slow EMA (100.55982), signaling a potential upward trend.
2. **RSI**: With an RSI of 58.84, the pair is not overbought, suggesting room for upward movement.
3. **MACD**: The positive MACD value (0.1376) supports the bullish outlook.

**Suggested Action:**
Consider entering a long position in AUDJPY to capitalize on the predicted upward movement. Monitor for potential resistance levels and set stop-loss orders to manage risk effectively."
prediction,AUDJPY,up,0.95,1760017020.6608024,"**Reasoning:** The AUDJPY pair shows strong bullish momentum with a high confidence level of 0.95. The fast EMA (100.6982) is above the slow EMA (100.56019), indicating a bullish trend. The RSI at 59.07 suggests that the asset is not overbought, providing room for further upward movement. The positive MACD (0.138) reinforces the bullish sentiment.

**Suggested Action:** Consider entering a long position on AUDJPY to capitalize on the anticipated upward movement. Set a stop-loss just below the recent support level to manage risk effectively."
prediction,AUDJPY,up,0.95,1760017023.7457268,"**Reasoning:** The AUDJPY pair shows strong bullish signals with a high confidence level of 0.95. The fast EMA (100.70) is above the slow EMA (100.56), indicating a potential upward trend. The RSI at 58.75 suggests that the asset is not overbought, leaving room for further upward movement. The MACD value of 0.13744 reinforces the bullish momentum.

**Suggested Action:** Consider entering a long position on AUDJPY. Set a stop-loss just below the recent support level to manage risk, and target a profit level based on recent resistance or Fibonacci retracement levels. Monitor the trade closely for any signs of reversal."
prediction,AUDJPY,up,0.95,1760017026.9326093,"**Reasoning:** The AUDJPY pair shows strong bullish momentum, supported by a high confidence level of 0.95. The fast EMA (100.70) is above the slow EMA (100.56), indicating a positive trend. The RSI at 58.62 suggests that the asset is not overbought, leaving room for further upward movement. Additionally, the MACD is positive (0.1372), reinforcing the bullish outlook.

**Suggested Action:** Consider entering a long position on AUDJPY to capitalize on the anticipated upward movement. Set a stop-loss below the recent support level to manage risk effectively. Monitor for any signs of trend reversal or overbought conditions."
prediction,AUDJPY,up,0.95,1760017030.9619446,"**Reasoning:** The AUDJPY shows strong bullish momentum with a high confidence level of 0.95. The fast EMA (100.70) is above the slow EMA (100.56), indicating a bullish crossover. The RSI at 58.93 suggests that the asset is not overbought, leaving room for further upward movement. Additionally, the positive MACD value (0.13776) supports the upward trend.

**Suggested Action:** Consider entering a long position in AUDJPY to capitalize on the anticipated upward movement. Set a stop-loss just below the slow EMA (around 100.55) to manage risk, and target a profit level based on recent resistance levels."
prediction,AUDJPY,up,0.95,1760017035.5610018,"**Reasoning:** The AUDJPY pair shows a strong bullish signal with a high confidence level of 0.95. The fast EMA (100.69804) is above the slow EMA (100.56012), indicating a bullish trend. The RSI at 59.02 suggests that the asset is not overbought, allowing room for further upward movement. Additionally, the MACD of 0.13792 reinforces the upward momentum.

**Suggested Action:** Consider entering a long position on AUDJPY to capitalize on the anticipated upward movement. Set a stop-loss just below the slow EMA to manage risk effectively. Monitor for any signs of trend reversal or overbought conditions."
prediction,AUDJPY,up,0.95,1760017039.2211647,"**Reasoning:**
The AUDJPY shows a strong bullish sentiment with a high confidence level of 0.95. The fast EMA (100.70) is above the slow EMA (100.56), indicating a bullish crossover. The RSI at 59.11 suggests that the asset is not overbought yet, leaving room for further upward movement. The MACD is positive (0.13808), reinforcing the bullish momentum.

**Suggested Action:**
Consider entering a long position on AUDJPY. Set a stop-loss just below the slow EMA (around 100.55) to manage risk, and target a resistance level at approximately 101.00 for potential profit taking."
prediction,AUDJPY,up,0.95,1760017043.8890471,"**Reasoning:**
The AUDJPY pair shows strong bullish signals. The EMA Fast is above the EMA Slow, indicating upward momentum. The RSI is at 59.11, suggesting that the asset is not overbought yet, allowing room for further upward movement. Additionally, the MACD is positive at 0.13808, reinforcing the bullish sentiment.

**Suggested Action:**
Consider taking a long position in AUDJPY, with a target near the next resistance level. Set a stop-loss below the recent swing low to manage risk effectively."
prediction,AUDJPY,up,0.95,1760017046.6725607,"**Reasoning:** The AUDJPY pair shows a strong bullish signal with a high confidence level of 0.95. The fast EMA (100.6985) is above the slow EMA (100.56034), indicating a potential upward trend. The RSI at 59.16 suggests that the asset is not overbought, allowing for further upward movement. Additionally, the positive MACD (0.13816) reinforces the bullish momentum.

**Suggested Action:** Consider entering a long position in AUDJPY to capitalize on the anticipated upward movement. Set a stop-loss just below the slow EMA to manage risk effectively."
prediction,AUDJPY,up,0.95,1760017049.829643,"**Reasoning:** The AUDJPY pair shows strong bullish momentum with a high confidence level of 0.95. The fast EMA is above the slow EMA, indicating a potential upward trend. The RSI is approaching overbought territory but is still below 70, suggesting there is room for further upward movement. The positive MACD value reinforces the bullish sentiment.

**Suggested Action:** Consider entering a long position on AUDJPY. Set a stop-loss just below the recent support level to manage risk, and look for profit-taking opportunities as the price approaches key resistance levels."
prediction,AUDJPY,up,0.95,1760017057.3242042,"**Reasoning**: The AUDJPY pair shows strong bullish momentum with a high confidence level of 0.95. The fast EMA (100.70) is above the slow EMA (100.56), indicating a bullish trend. The RSI (59.29) suggests that the market is not overbought, allowing for further upward movement. The MACD (0.1384) is positive, confirming the bullish sentiment.

**Suggested Action**: Consider entering a long position on AUDJPY. Set a stop-loss below the recent support level to manage risk, and target a profit at the next resistance level. Monitor for any changes in momentum indicators to adjust your strategy accordingly."
prediction,AUDJPY,up,0.95,1760017061.110658,"**Reasoning:** The AUDJPY pair shows strong bullish momentum with a high confidence level of 0.95. The fast EMA (100.69912) is above the slow EMA (100.56064), indicating a bullish trend. The RSI at 59.34 suggests that the asset is not overbought, leaving room for further upward movement. Additionally, the MACD value of 0.13848 supports the bullish sentiment.

**Suggested Action:** Consider entering a long position on AUDJPY. Set a stop-loss just below the recent support level to manage risk, and target a profit level that aligns with your risk-reward strategy."
prediction,AUDJPY,up,0.95,1760017063.7104347,"**Reasoning:** The AUDJPY pair is showing a strong bullish signal with a high confidence level of 0.95. The fast EMA (100.69912) is above the slow EMA (100.56064), indicating a bullish crossover. The RSI at 59.34 suggests the pair is not overbought, leaving room for further upward movement. The positive MACD (0.13848) supports the bullish momentum.

**Suggested Action:** Consider entering a long position on AUDJPY to capitalize on the anticipated upward movement. Set a stop-loss just below the recent support level to manage risk effectively."
prediction,AUDJPY,up,0.95,1760017066.9748688,"**Reasoning:** The AUDJPY pair shows strong upward momentum with a high confidence level of 0.95. The fast EMA (100.70) is above the slow EMA (100.56), indicating a bullish trend. The RSI (59.29) suggests that the pair is not overbought, leaving room for further upward movement. The positive MACD (0.1384) supports the bullish outlook.

**Suggested Action:** Consider entering a long position on AUDJPY to capitalize on the upward momentum. Set a stop-loss below the recent support level to manage risk effectively."
prediction,AUDJPY,up,0.95,1760017070.5307474,"**Reasoning:** The AUDJPY pair is showing strong bullish signals with a high confidence level of 0.95. The Fast EMA (100.70) is above the Slow EMA (100.56), indicating a bullish trend. The RSI at 59.29 suggests that the market is not overbought, allowing for further upward movement. Additionally, the positive MACD (0.1384) reinforces the potential for continued upward momentum.

**Suggested Action:** Consider entering a long position on AUDJPY, targeting a profit level above the recent resistance while placing a stop-loss just below the recent low to manage risk effectively."
prediction,AUDJPY,up,0.95,1760017073.8062143,"**Reasoning:** The AUDJPY pair shows strong bullish momentum with a high confidence level of 0.95. The fast EMA (100.69973) is above the slow EMA (100.56093), indicating a bullish crossover. The RSI at 59.52 suggests that the market is still in an upward trend without being overbought. The MACD of 0.1388 supports the upward momentum.

**Suggested Action:** Consider entering a long position on AUDJPY, setting a stop loss just below the recent support level to manage risk. Monitor for any signs of reversal or overbought conditions."
prediction,AUDJPY,up,0.95,1760017079.3400373,"**Reasoning:** The AUDJPY shows strong bullish momentum with a high confidence level of 0.95. The fast EMA (100.70) is above the slow EMA (100.56), indicating a potential upward trend. The RSI at 59.39 suggests that the asset is not overbought, leaving room for further upward movement. Additionally, the MACD being positive (0.13856) supports the bullish outlook.

**Suggested Action:** Consider entering a long position in AUDJPY to capitalize on the expected upward movement. Set a stop-loss slightly below the slow EMA to manage risk effectively."
prediction,AUDJPY,up,0.95,1760017083.6776862,"**Reasoning:** The AUDJPY pair shows strong bullish momentum with a high confidence level of 0.95. The fast EMA (100.69943) is above the slow EMA (100.56079), indicating a bullish crossover. The RSI at 59.43 suggests that the pair is not overbought, leaving room for further upward movement. The positive MACD value (0.13864) supports the bullish trend.

**Suggested Action:** Consider entering a long position on AUDJPY, targeting key resistance levels while setting a stop-loss below the recent support to manage risk effectively. Monitor the RSI and MACD for potential trend reversals."
prediction,AUDJPY,up,0.95,1760017089.5813863,"**Reasoning:** The AUDJPY pair shows strong bullish momentum with a high confidence level of 0.95. The fast EMA (100.70) is above the slow EMA (100.56), indicating a potential uptrend. The RSI (59.11) suggests there is still room for upward movement without being overbought, and the positive MACD (0.13808) reinforces the bullish outlook.

**Suggested Action:** Consider entering a long position on AUDJPY, aiming for a target above the recent highs while setting a stop-loss below the recent support level to manage risk."
prediction,AUDJPY,up,0.95,1760017093.6963117,"**Reasoning:** The AUDJPY pair shows strong bullish momentum with a high confidence level of 0.95. The fast EMA (100.70) is above the slow EMA (100.56), indicating a bullish trend. The RSI at 59.20 suggests the asset is not overbought, allowing further upside potential. Additionally, the MACD value of 0.13824 supports the bullish outlook.

**Suggested Action:** Consider entering a long position on AUDJPY to capitalize on the upward momentum. Set a stop-loss just below the recent low to manage risk effectively. Monitor for potential resistance levels to take profits."
prediction,AUDJPY,up,0.95,1760017097.8708656,"**Reasoning:**
The AUDJPY pair shows strong bullish momentum with a high confidence level of 0.95. The fast EMA (100.6985) is above the slow EMA (100.56034), indicating a bullish trend. The RSI (59.16) is approaching overbought territory but still supports upward movement. The MACD (0.13816) is positive, suggesting upward momentum.

**Suggested Action:**
Consider entering a long position on AUDJPY to capitalize on the anticipated upward movement. Set a stop-loss just below the slow EMA (around 100.56) to manage risk, and target a profit level based on recent resistance levels."
prediction,AUDJPY,up,0.95,1760017104.5495968,"**Reasoning:** The AUDJPY pair shows strong bullish momentum with a high confidence level of 0.95. The fast EMA (100.70) is above the slow EMA (100.56), indicating a bullish crossover. The RSI at 59.39 suggests that the asset is not overbought, leaving room for upward movement. The positive MACD (0.14) further confirms the upward momentum.

**Suggested Action:** Consider entering a long position on AUDJPY. Set a stop-loss just below the slow EMA (around 100.55) to manage risk, and aim for a target that aligns with recent resistance levels or a risk-reward ratio of at least 1:2."
prediction,AUDJPY,up,0.95,1760017108.6197731,"**Reasoning:** The AUDJPY pair shows strong bullish momentum with a high confidence level of 0.95. The fast EMA (100.70) is above the slow EMA (100.56), indicating a bullish trend. The RSI at 59.48 suggests that the asset is not overbought, leaving room for further upward movement. Additionally, the positive MACD (0.13872) reinforces the bullish outlook.

**Suggested Action:** Consider entering a long position on AUDJPY to capitalize on the anticipated upward movement. Set a stop-loss just below the recent support level to manage risk effectively. Monitor for any signs of reversal or overbought conditions."
prediction,AUDJPY,up,0.95,1760017111.681047,"**Reasoning:** The AUDJPY shows strong bullish momentum with a high confidence level of 0.95. The fast EMA (100.69973) is above the slow EMA (100.56093), indicating a bullish crossover. The RSI at 59.52 suggests that the market is not overbought, allowing for further upward movement. The positive MACD (0.1388) supports the bullish trend.

**Suggested Action:** Consider entering a long position on AUDJPY to capitalize on the anticipated upward movement. Set a stop-loss just below the recent support level to manage risk effectively."
prediction,AUDJPY,up,0.95,1760017113.3549876,"**Reasoning:** The AUDJPY shows strong upward momentum with a high confidence level of 0.95. The fast EMA (100.70) is above the slow EMA (100.56), indicating a bullish trend. The RSI (59.52) is approaching overbought territory but is not yet there, suggesting room for further upside. The MACD (0.1388) is positive, reinforcing the bullish outlook.

**Suggested Action:** Consider entering a long position on AUDJPY. Set a stop-loss below the recent swing low to manage risk, and look for profit-taking opportunities as the price approaches resistance levels."
prediction,AUDJPY,up,0.95,1760017118.2506151,"**Reasoning:**
The AUDJPY is showing strong bullish momentum with a high confidence level of 0.95. The fast EMA (100.70) is above the slow EMA (100.56), indicating a bullish crossover. The RSI at 59.29 suggests that the asset is not overbought, leaving room for further upward movement. Additionally, the positive MACD (0.1384) confirms the upward trend.

**Suggested Action:**
Consider entering a long position on AUDJPY. Set a stop-loss just below the slow EMA (around 100.55) to manage risk. Target a profit level at least 1-2% above the entry point, adjusting as necessary based on market conditions."
prediction,AUDJPY,up,0.95,1760017122.6778862,"**Reasoning:** The AUDJPY shows strong bullish momentum with a high confidence level of 0.95. The fast EMA (100.69912) is above the slow EMA (100.56064), indicating a potential uptrend. The RSI at 59.34 suggests that the asset is not overbought, leaving room for further upward movement. Additionally, the positive MACD (0.13848) reinforces the bullish sentiment.

**Suggested Action:** Enter a long position on AUDJPY to capitalize on the anticipated upward movement. Consider setting a stop-loss just below the recent support level to manage risk effectively."
prediction,AUDJPY,up,0.95,1760017139.1442745,"**Reasoning:** The AUDJPY pair shows strong bullish momentum indicated by the high confidence level (0.95). The fast EMA (100.70) is above the slow EMA (100.56), confirming a bullish trend. The RSI at 59.29 suggests that the asset is not overbought, allowing for further upward movement. The positive MACD (0.1384) also supports the bullish outlook.

**Suggested Action:** Consider entering a long position on AUDJPY. Set a target profit above the recent highs while placing a stop-loss slightly below the slow EMA to manage risk effectively."
prediction,AUDJPY,up,0.95,1760017144.557899,"**Reasoning:** The AUDJPY pair shows strong bullish indicators. The fast EMA (100.70) is above the slow EMA (100.56), suggesting a bullish trend. The RSI at 59.25 indicates momentum without being overbought, and the positive MACD (0.13832) supports the upward movement.

**Suggested Action:** Consider entering a long position on AUDJPY to capitalize on the anticipated upward movement. Set a stop-loss slightly below the slow EMA (around 100.55) to manage risk. Aim for a target profit level based on recent resistance levels or a risk-reward ratio of at least 2:1."
prediction,AUDJPY,up,0.95,1760017148.1556313,"**Reasoning:**
The AUDJPY pair shows strong bullish signals with a high confidence level of 0.95. The fast EMA (100.6982) is above the slow EMA (100.56019), indicating a bullish trend. The RSI at 59.07 suggests that the asset is not overbought, leaving room for upward movement. Additionally, the positive MACD (0.138) supports the bullish outlook.

**Suggested Action:**
Consider entering a long position on AUDJPY to capitalize on the anticipated upward movement. Set a stop-loss below the recent support level to manage risk effectively. Monitor the position closely for potential profit-taking as it approaches resistance levels."
prediction,AUDJPY,up,0.95,1760017150.7868207,"**Reasoning:** The AUDJPY shows strong bullish momentum, indicated by a high confidence level (0.95) in the upward direction. The fast EMA (100.70) is above the slow EMA (100.56), confirming a bullish trend. The RSI at 59.43 suggests that the asset is not overbought, allowing for further upward movement. Additionally, the positive MACD (0.13864) supports the bullish outlook.

**Suggested Action:** Consider entering a long position in AUDJPY. Set a stop-loss just below the recent support level to manage risk, and target a profit level that aligns with your risk-reward strategy."
prediction,AUDJPY,up,0.95,1760017154.9081936,"**Reasoning:** The AUDJPY pair shows a strong upward momentum with a high confidence level of 0.95. The fast EMA (100.70) is above the slow EMA (100.56), indicating a bullish trend. The RSI at 59.43 suggests that the asset is not overbought, leaving room for further upward movement. Additionally, the positive MACD (0.13864) supports the bullish outlook.

**Suggested Action:** Consider entering a long position on AUDJPY. Set a stop-loss just below the slow EMA (around 100.55) to manage risk, and target a profit level above the recent highs to capitalize on the upward movement."
prediction,AUDJPY,up,0.95,1760017158.0490358,"**Reasoning:** The AUDJPY shows strong bullish momentum supported by a high confidence level of 0.95. The fast EMA (100.70) is above the slow EMA (100.56), indicating a potential uptrend. The RSI at 59.57 suggests that the asset is not overbought, leaving room for further upward movement. Additionally, the positive MACD (0.14) reinforces the bullish outlook.

**Suggested Action:** Consider entering a long position in AUDJPY. Set a stop-loss just below the slow EMA (around 100.56) to manage risk, and aim for a target that reflects a favorable risk-reward ratio based on recent highs."
prediction,AUDJPY,up,0.95,1760017166.0436027,"**Reasoning:** The AUDJPY pair shows a strong bullish outlook with a high confidence level (0.95). The fast EMA (100.70) is above the slow EMA (100.56), indicating a bullish crossover. The RSI at 59.57 suggests that the asset is not overbought, leaving room for upward movement. Additionally, the positive MACD (0.14) reinforces the upward momentum.

**Suggested Action:** Consider entering a long position in AUDJPY to capitalize on the anticipated upward movement. Set a stop-loss just below the slow EMA (around 100.55) to manage risk effectively. Target a profit level at least 1-2% above the entry point, adjusting as necessary based on market conditions."
prediction,AUDJPY,up,0.95,1760017170.590793,"**Reasoning:** The AUDJPY shows a strong upward momentum with a high confidence level of 0.95. The fast EMA (100.70) is above the slow EMA (100.56), indicating a bullish trend. The RSI at 59.85 suggests that the asset is not overbought, leaving room for further upside. Additionally, the positive MACD value (0.13936) supports the bullish outlook.

**Suggested Action:** Consider entering a long position in AUDJPY to capitalize on the anticipated upward movement. Set a stop-loss just below the slow EMA (around 100.56) to manage risk. Target a profit level based on previous resistance levels or a risk-reward ratio of at least 1:2."
prediction,AUDJPY,up,0.95,1760017174.8069308,"**Reasoning:** The AUDJPY pair shows strong upward momentum with a high confidence level of 0.95. The fast EMA (100.70) is above the slow EMA (100.56), indicating a bullish trend. The RSI at 59.52 suggests that the asset is not yet overbought, allowing for further upward movement. Additionally, the positive MACD value (0.1388) supports the bullish outlook.

**Suggested Action:** Consider entering a long position on AUDJPY to capitalize on the anticipated upward movement. Monitor for any signs of reversal or overbought conditions to manage risk effectively. Set a stop-loss below the recent support level to protect against potential downside."
prediction,AUDJPY,up,0.95,1760017177.749443,"**Reasoning:** The AUDJPY pair shows strong bullish momentum with a high confidence level of 0.95. The fast EMA (100.70) is above the slow EMA (100.56), indicating a potential upward trend. The RSI at 59.80 suggests that the asset is not overbought, leaving room for further upward movement. Additionally, the positive MACD (0.13928) supports the bullish sentiment.

**Suggested Action:** Consider entering a long position on AUDJPY. Set a stop-loss just below the recent support level to manage risk, and target a profit level that aligns with your risk-reward strategy."
prediction,AUDJPY,up,0.95,1760017181.3964112,"**Reasoning:** The AUDJPY pair shows strong bullish signals with a high confidence level of 0.95. The fast EMA (100.70) is above the slow EMA (100.56), indicating a bullish trend. The RSI (59.48) is approaching overbought territory but is not yet there, suggesting further upward momentum. The MACD (0.14) is positive, reinforcing the bullish outlook.

**Suggested Action:** Consider entering a long position on AUDJPY, ideally on a pullback to support levels. Set a stop-loss slightly below the recent low to manage risk, and target the next resistance level for profit-taking."
prediction,AUDJPY,up,0.95,1760017186.5480623,"**Reasoning:** The AUDJPY pair shows a strong bullish trend with a high confidence level of 0.95. The fast EMA (100.70) is above the slow EMA (100.56), indicating a bullish crossover. The RSI at 59.62 suggests the asset is not overbought, allowing for further upward movement. The MACD positive value (0.14) reinforces the bullish momentum.

**Suggested Action:** Consider entering a long position in AUDJPY to capitalize on the upward trend. Set a stop-loss slightly below the recent support level to manage risk. Monitor for signs of overbought conditions or reversal signals to adjust your position accordingly."
prediction,AUDJPY,up,0.95,1760017191.5752745,"**Reasoning:**
The AUDJPY pair shows a strong bullish signal with a high confidence level of 0.95. The fast EMA (100.70097) is above the slow EMA (100.56153), indicating a bullish trend. The RSI at 59.90 suggests that the asset is not overbought, providing room for further upward movement. Additionally, the MACD (0.13944) is positive, reinforcing the bullish momentum.

**Suggested Action:**
Consider entering a long position on AUDJPY. Set a stop-loss just below the recent support level to manage risk, and target a profit level based on recent highs or a predetermined risk-reward ratio."
prediction,AUDJPY,up,0.95,1760017196.103896,"**Reasoning:** The AUDJPY pair is showing strong bullish momentum with a high confidence level of 0.95. The fast EMA (100.7005) is above the slow EMA (100.5613), indicating a potential uptrend. The RSI at 59.76 suggests that the asset is not overbought, leaving room for further upward movement. The positive MACD value (0.1392) reinforces the bullish sentiment.

**Suggested Action:** Consider entering a long position in AUDJPY to capitalize on the anticipated upward movement. Set a stop-loss just below the recent support level to manage risk effectively."
prediction,AUDJPY,up,0.95,1760017202.684931,"**Reasoning:** The AUDJPY pair shows strong bullish momentum with a high confidence level of 0.95 for an upward direction. The fast EMA (100.7005) is above the slow EMA (100.5613), indicating a bullish crossover. The RSI at 59.76 suggests that the pair is not yet overbought, allowing for further upward movement. Additionally, the MACD value of 0.1392 supports this bullish outlook.

**Suggested Action:** Consider entering a long position on AUDJPY to capitalize on the anticipated upward movement. Set a stop-loss just below the recent support level to manage risk effectively."
prediction,AUDJPY,up,0.95,1760017205.9040456,"**Reasoning:** The AUDJPY pair shows strong bullish momentum with a high confidence level of 0.95 in the upward direction. The fast EMA (100.7005) is above the slow EMA (100.5613), indicating a bullish trend. The RSI at 59.76 suggests that the asset is not overbought, allowing for further upward movement. The MACD value of 0.1392 reinforces the bullish sentiment.

**Suggested Action:** Consider entering a long position in AUDJPY to capitalize on the anticipated upward movement. Set a stop-loss slightly below the recent support level to manage risk effectively."
prediction,AUDJPY,up,0.95,1760017209.1858797,"**Reasoning:**
The AUDJPY pair shows a strong upward momentum, supported by a high confidence level of 0.95. The fast EMA (100.7022) is above the slow EMA (100.56212), indicating a bullish trend. The RSI at 60.27 suggests that the asset is not overbought, providing room for further upward movement. Additionally, the MACD value of 0.14008 confirms positive momentum.

**Suggested Action:**
Consider entering a long position on AUDJPY to capitalize on the predicted upward movement. Set a stop-loss below the recent support level to manage risk effectively."
prediction,AUDJPY,up,0.95,1760017213.5857663,"**Reasoning:**
The AUDJPY pair shows a strong bullish signal with a high confidence level of 0.95. The fast EMA (100.70035) is above the slow EMA (100.56123), indicating upward momentum. The RSI at 59.71 suggests that the market is not overbought, allowing for further upward movement. The MACD value of 0.13912 supports the bullish trend.

**Suggested Action:**
Consider entering a long position in AUDJPY to capitalize on the expected upward movement. Set a stop-loss just below the recent support level to manage risk effectively. Aim for a target that aligns with the next resistance level."
prediction,AUDJPY,up,0.95,1760017218.7209065,"**Reasoning:**
The AUDJPY pair shows strong bullish momentum, indicated by a high confidence level of 0.95. The fast EMA (100.7002) is above the slow EMA (100.56116), confirming an upward trend. The RSI at 59.66 suggests the market is not overbought yet, leaving room for further upward movement. Additionally, the positive MACD (0.13904) supports the bullish outlook.

**Suggested Action:**
Consider entering a long position on AUDJPY. Set a target near the next resistance level and use a trailing stop to protect gains as the price moves upward. Monitor for any signs of reversal or overbought conditions."
prediction,AUDJPY,up,0.95,1760017222.442043,"**Reasoning**: The AUDJPY pair shows strong bullish momentum indicated by the high confidence level (0.95). The Fast EMA (100.70) is above the Slow EMA (100.56), confirming a bullish trend. The RSI (59.57) indicates that the market is not yet overbought, allowing for further upward movement. The positive MACD (0.14) supports the upward momentum.

**Suggested Action**: Consider entering a long position on AUDJPY, setting a stop-loss just below the recent support level to manage risk. Aim for a target that reflects a favorable risk-to-reward ratio, ideally looking for a return towards the next resistance level."
prediction,AUDJPY,up,0.95,1760017225.9813232,"**Reasoning:** The AUDJPY shows a strong bullish signal with a high confidence level of 0.95. The fast EMA (100.70) is above the slow EMA (100.56), indicating a bullish trend. The RSI at 59.80 suggests that the asset is approaching overbought territory but is not yet overextended, allowing for further upside potential. Additionally, the MACD is positive (0.13928), confirming upward momentum.

**Suggested Action:** Consider entering a long position in AUDJPY to capitalize on the anticipated upward movement. Set a stop-loss just below the recent support level to manage risk effectively. Monitor for any signs of reversal or overbought conditions as the trade progresses."
prediction,AUDJPY,up,0.95,1760017229.9371426,"**Reasoning:**
The AUDJPY pair shows a strong bullish outlook with a high confidence level of 0.95. The fast EMA (100.7005) is above the slow EMA (100.5613), indicating a bullish trend. The RSI at 59.76 suggests momentum is building without being overbought, and the positive MACD value (0.1392) confirms the upward momentum.

**Suggested Action:**
Consider entering a long position in AUDJPY. Set a stop-loss just below the slow EMA to manage risk, and target a profit level that aligns with recent resistance levels or a favorable risk-reward ratio."
prediction,AUDJPY,up,0.95,1760017233.4561985,"**Reasoning:** The AUDJPY pair shows a strong upward momentum with a high confidence level of 0.95. The fast EMA (100.70143) is above the slow EMA (100.56175), indicating a bullish trend. The RSI at 60.04 suggests that the asset is not overbought, allowing for further upward movement. Additionally, the positive MACD (0.13968) reinforces the bullish sentiment.

**Suggested Action:** Consider entering a long position in AUDJPY to capitalize on the upward trend. Set a stop-loss below the recent support level to manage risk effectively."
prediction,AUDJPY,up,0.95,1760017237.1594052,"**Reasoning:** The AUDJPY pair shows strong bullish momentum with a high confidence level of 0.95. The fast EMA is above the slow EMA, indicating a bullish trend. The RSI is nearing overbought territory but still supports upward movement, and the positive MACD value confirms that momentum is in favor of buyers.

**Suggested Action:** Consider entering a long position on AUDJPY. Set a stop-loss slightly below the EMA Slow (around 100.56) to manage risk, and target a profit level at least 1-2% above the current price to capitalize on the upward trend."
prediction,AUDJPY,up,0.95,1760017241.41911,"**Reasoning:** The AUDJPY is showing strong bullish momentum. The fast EMA (100.70) is above the slow EMA (100.56), indicating a bullish trend. The RSI at 59.62 suggests that the asset is not overbought, leaving room for further upward movement. Additionally, the positive MACD (0.13896) supports the bullish outlook.

**Suggested Action:** Consider entering a long position in AUDJPY to capitalize on the expected upward movement. Set a stop-loss just below the recent support level to manage risk effectively, and look for profit targets above the current resistance levels."
prediction,AUDJPY,up,0.95,1760017245.1914322,"**Reasoning:** The AUDJPY pair shows strong bullish momentum with a high confidence level of 0.95. The fast EMA (100.70) is above the slow EMA (100.56), indicating a bullish crossover. The RSI at 59.62 suggests the asset is not overbought, allowing for further upward movement. Additionally, the positive MACD (0.13896) reinforces the bullish trend.

**Suggested Action:** Consider entering a long position on AUDJPY. Set a stop-loss slightly below the slow EMA (around 100.55) to manage risk, and target a profit level above 101.00 for potential gains."
prediction,AUDJPY,up,0.95,1760017249.4219887,"**Reasoning:** The AUDJPY is showing strong bullish momentum with a high confidence level of 0.95. The EMA Fast (100.70004) is above the EMA Slow (100.56108), indicating a bullish trend. Additionally, the RSI at 59.62 suggests that the asset is not overbought, leaving room for upward movement. The positive MACD (0.13896) further confirms the upward momentum.

**Suggested Action:** Consider entering a long position on AUDJPY to capitalize on the anticipated upward movement. Set a stop-loss just below the recent support level to manage risk effectively."
prediction,AUDJPY,up,0.95,1760017253.3163981,"**Reasoning:** The AUDJPY pair shows strong bullish momentum with a high confidence level of 0.95. The fast EMA (100.70) is above the slow EMA (100.56), indicating a bullish crossover. The RSI at 59.62 suggests that the asset is not yet overbought, allowing for further upward movement. Additionally, the positive MACD value (0.139) supports the bullish outlook.

**Suggested Action:** Consider entering a long position on AUDJPY. Set a stop-loss slightly below the recent support level to manage risk, and target a price level that reflects a favorable risk-to-reward ratio, ideally above the recent highs."
prediction,AUDJPY,up,0.95,1760017257.1470816,"**Reasoning:** The AUDJPY pair shows strong bullish momentum, indicated by a high confidence level of 0.95. The fast EMA (100.69912) is above the slow EMA (100.56064), confirming a bullish trend. The RSI (59.34) suggests that the asset is not overbought, allowing for further upward movement. The positive MACD (0.13848) reinforces the bullish outlook.

**Suggested Action:** Consider entering a long position on AUDJPY to capitalize on the anticipated upward movement. Set a stop-loss just below the recent support level to manage risk effectively."
prediction,AUDJPY,up,0.95,1760017261.4626591,"**Reasoning:** The AUDJPY shows strong bullish momentum with a high confidence level of 0.95. The fast EMA (100.70) is above the slow EMA (100.56), indicating a potential upward trend. The RSI at 59.34 suggests that the asset is not overbought, allowing for further upside potential. Additionally, the positive MACD (0.13848) supports the bullish outlook.

**Suggested Action:** Consider entering a long position on AUDJPY. Set a stop-loss just below the recent support level to manage risk, and target a resistance level for profit-taking."
prediction,AUDJPY,up,0.95,1760017266.2138987,"**Reasoning:** The AUDJPY is showing strong bullish momentum with a high confidence level of 0.95. The fast EMA (100.70) is above the slow EMA (100.56), indicating a bullish crossover. The RSI is at 59.29, suggesting that the asset is not overbought yet, leaving room for upward movement. The MACD is positive (0.1384), reinforcing the bullish sentiment.

**Suggested Action:** Consider entering a long position on AUDJPY. Set a stop-loss just below the slow EMA (around 100.55) to manage risk, and target a profit level at least 1-2% above the current price for optimal gains."
prediction,AUDJPY,up,0.95,1760017269.6421356,"**Reasoning:** The AUDJPY shows strong bullish momentum with a high confidence level of 0.95. The fast EMA is above the slow EMA, indicating a potential upward trend. The RSI is nearing overbought territory but remains below 70, suggesting there is still room for upward movement. The positive MACD also supports the bullish outlook.

**Suggested Action:** Consider entering a long position on AUDJPY. Set a stop-loss slightly below the recent support level to manage risk, and target a profit level that aligns with your risk-reward ratio. Monitor for any signs of reversal or increasing volatility."
prediction,AUDJPY,up,0.95,1760017274.5966349,"**Reasoning:**
The AUDJPY pair shows strong bullish potential with a high confidence level of 0.95. The fast EMA (100.69943) is above the slow EMA (100.56079), indicating a bullish trend. The RSI (59.43) is approaching overbought territory but still has room to run, suggesting upward momentum. The MACD (0.13864) is positive, reinforcing the bullish outlook.

**Suggested Action:**
Consider entering a long position in AUDJPY, targeting a resistance level above the current price. Set a stop-loss below the recent swing low to manage risk effectively. Monitor the RSI for potential overbought signals to determine exit points."
prediction,AUDJPY,up,0.95,1760017280.14555,"**Reasoning:**
The AUDJPY pair is showing strong bullish momentum, indicated by a high confidence level of 0.95. The fast EMA (100.70) is above the slow EMA (100.56), confirming a bullish crossover. The RSI at 59.57 suggests that the asset is not overbought, leaving room for further upside. The positive MACD value (0.13888) further supports the upward trend.

**Suggested Action:**
Consider entering a long position on AUDJPY. Set a stop-loss just below the slow EMA (around 100.56) to manage risk. Aim for a target at the next resistance level or a predefined profit level based on your trading strategy."
prediction,AUDJPY,up,0.95,1760017283.589208,"**Reasoning:** The AUDJPY shows a strong bullish signal with a high confidence level of 0.95. The fast EMA (100.70127) is above the slow EMA (100.56168), indicating a potential upward trend. The RSI at 59.99 is approaching overbought territory but still suggests bullish momentum, while the MACD (0.1396) is positive, further confirming the upward momentum.

**Suggested Action:** Consider entering a long position on AUDJPY to capitalize on the anticipated upward movement. Set a stop-loss just below the slow EMA (around 100.56) to manage risk. Monitor the RSI for potential overbought signals to adjust your position accordingly."
prediction,AUDJPY,up,0.95,1760017287.27782,"**Reasoning:** The AUDJPY is showing strong bullish momentum with a high confidence level of 0.95. The fast EMA (100.70) is above the slow EMA (100.56), indicating a bullish crossover. The RSI at 59.90 suggests the asset is not overbought, leaving room for further upward movement. Additionally, the positive MACD (0.13944) reinforces the upward trend.

**Suggested Action:** Consider entering a long position in AUDJPY. Set a stop-loss just below the recent support level to manage risk, and aim for a target that reflects a favorable risk-reward ratio, ideally above the recent highs."
prediction,AUDJPY,up,0.95,1760017291.5191245,"**Reasoning:** The AUDJPY pair shows a strong bullish signal with a high confidence level (0.95). The fast EMA (100.70) is above the slow EMA (100.56), indicating a bullish crossover. The RSI at 60 suggests the asset is not overbought, allowing for further upward movement. Additionally, the positive MACD (0.14) reinforces the bullish momentum.

**Suggested Action:** Consider entering a long position on AUDJPY, setting a stop-loss just below the recent support level to manage risk. Target a profit level based on recent resistance zones or a risk-reward ratio of at least 1:2."
prediction,AUDJPY,up,0.95,1760017295.6069674,"**Reasoning:** The AUDJPY is showing strong bullish momentum with a high confidence level of 0.95. The Fast EMA is above the Slow EMA, indicating a potential upward trend. The RSI is at 60.27, suggesting that the asset is not overbought yet, providing room for further gains. The positive MACD value reinforces the bullish outlook.

**Suggested Action:** Consider entering a long position in AUDJPY. Set a stop-loss just below the recent support level to manage risk, and target a reasonable profit level based on recent highs."
prediction,AUDJPY,up,0.95,1760017298.9915009,"**Reasoning:** The AUDJPY pair shows strong bullish momentum, indicated by a high confidence level of 0.95. The fast EMA (100.70) is above the slow EMA (100.56), signaling a potential uptrend. The RSI at 60.32 suggests that the asset is not overbought, allowing room for further upward movement. The positive MACD (0.14) supports the bullish outlook.

**Suggested Action:** Consider entering a long position on AUDJPY to capitalize on the expected upward movement. Set a stop-loss just below the recent support level to manage risk effectively."
prediction,AUDJPY,up,0.95,1760017303.0716367,"**Reasoning:** The AUDJPY is showing strong bullish momentum with a high confidence level of 0.95. The EMA Fast (100.7022) is above the EMA Slow (100.56212), indicating a bullish trend. The RSI at 60.27 suggests that the asset is not overbought, leaving room for further upward movement. Additionally, the positive MACD value (0.14008) supports the bullish outlook.

**Suggested Action:** Consider entering a long position on AUDJPY. Set a stop-loss just below the EMA Slow (around 100.56) to manage risk, and aim for a target that reflects a favorable risk-reward ratio based on current market conditions."
prediction,AUDJPY,up,0.95,1760017306.8125741,"**Reasoning:** The AUDJPY pair shows a strong bullish signal with a high confidence level of 0.95. The fast EMA (100.7022) is above the slow EMA (100.56212), indicating a bullish trend. The RSI at 60.27 suggests that the asset is not overbought, allowing for further upward movement. Additionally, the MACD value of 0.14008 supports the upward momentum.

**Suggested Action:** Consider entering a long position on AUDJPY. Set a stop-loss just below the slow EMA (around 100.56) to manage risk, and target a profit level above recent resistance. Monitor the trade closely for any signs of reversal."
prediction,AUDJPY,up,0.95,1760017313.8077927,"**Reasoning:** The AUDJPY pair shows a strong bullish signal based on the following indicators: 

1. **EMA Crossover**: The fast EMA (100.7025) is above the slow EMA (100.56227), indicating upward momentum.
2. **RSI**: At 60.37, the RSI is above 50, suggesting that the asset is gaining strength but isn't overbought yet.
3. **MACD**: The positive MACD value (0.14024) confirms the bullish trend.

**Suggested Action:** Consider entering a long position on AUDJPY to capitalize on the predicted upward movement. Set a stop-loss just below the recent support level to manage risk effectively."
prediction,AUDJPY,up,0.95,1760017317.765866,"**Reasoning:** The AUDJPY is showing strong bullish signals with a high confidence level of 0.95. The fast EMA (100.70) is above the slow EMA (100.56), indicating a bullish trend. The RSI at 60.32 suggests that the asset is not overbought, leaving room for further upward movement. The MACD value of 0.14016 reinforces the bullish momentum.

**Suggested Action:** Consider entering a long position in AUDJPY, setting a stop-loss just below the recent support level to manage risk. Monitor for any signs of reversal or overbought conditions."
prediction,AUDJPY,up,0.95,1760017321.3687081,"**Reasoning:** The AUDJPY pair is showing strong bullish momentum, supported by a high confidence level of 0.95. The fast EMA (100.70) is above the slow EMA (100.56), indicating a bullish crossover. The RSI at 60.70 suggests that the asset is not overbought, leaving room for further upward movement. The positive MACD value (0.14) reinforces the bullish trend.

**Suggested Action:** Consider entering a long position on AUDJPY. Set a stop-loss just below the recent support level to manage risk, and aim for a target based on recent resistance levels or a risk-reward ratio of at least 1:2."
prediction,AUDJPY,up,0.95,1760017325.0381756,"**Reasoning**: The AUDJPY pair shows strong bullish momentum with a high confidence level of 0.95 in the upward direction. The fast EMA (100.70) is above the slow EMA (100.56), indicating a bullish trend. The RSI at 60.75 suggests that the asset is not overbought, allowing further upward movement. Additionally, the positive MACD value (0.14) reinforces the bullish sentiment.

**Suggested Action**: Consider entering a long position on AUDJPY. Set a stop-loss below the recent support level to manage risk, and aim for a target based on recent resistance levels or a risk-reward ratio of at least 1:2."
prediction,AUDJPY,up,0.95,1760017328.558791,"**Reasoning:** The AUDJPY pair shows strong bullish momentum with a high confidence level of 0.95. The fast EMA (100.70) is above the slow EMA (100.56), indicating a bullish trend. The RSI is at 60.46, suggesting that the asset is not overbought yet, allowing for further upward movement. The positive MACD value (0.1404) reinforces the bullish outlook.

**Suggested Action:** Consider entering a long position in AUDJPY to capitalize on the anticipated upward movement. Set a stop-loss just below the recent support level to manage risk effectively."
prediction,AUDJPY,up,0.95,1760017333.2121158,"**Reasoning:** The AUDJPY is showing strong bullish momentum with a high confidence level of 0.95. The fast EMA (100.70) is above the slow EMA (100.56), indicating a potential upward trend. The RSI at 60.46 suggests that the asset is not overbought, leaving room for further upward movement. Additionally, the positive MACD (0.1404) reinforces the bullish outlook.

**Suggested Action:** Consider entering a long position on AUDJPY. Set a stop-loss slightly below the slow EMA (around 100.55) to manage risk, and target a profit level at least 1-2% above the current price for optimal gains. Monitor the trade closely for any signs of reversal."
prediction,AUDJPY,up,0.95,1760017338.6084669,"**Reasoning:**
The AUDJPY pair shows strong bullish momentum with a high confidence level of 0.95. The fast EMA (100.70) is above the slow EMA (100.56), indicating a bullish trend. The RSI at 60.41 suggests that the asset is not overbought, allowing room for further upward movement. Additionally, the positive MACD value (0.14) supports the bullish outlook.

**Suggested Action:**
Consider entering a long position on AUDJPY. Set a stop-loss just below the slow EMA (around 100.55) to manage risk, and target a profit level at least 50 pips above the entry point to capitalize on the expected upward movement."
prediction,AUDJPY,up,0.95,1760017345.7785313,"**Reasoning**: The AUDJPY shows strong bullish momentum with a high confidence level of 0.95. The fast EMA is above the slow EMA, indicating a potential upward trend. The RSI is at 60.51, suggesting that the asset is not yet overbought, allowing for further upward movement. Additionally, the MACD is positive, reinforcing the bullish outlook.

**Suggested Action**: Consider entering a long position in AUDJPY. Set a stop-loss below the recent support level to manage risk, and aim for a target that reflects a favorable risk-reward ratio, ideally at least 1.5:1. Monitor for any signs of trend reversal or overbought conditions."
prediction,AUDJPY,up,0.95,1760017350.3809903,"**Reasoning:** The AUDJPY pair shows a strong bullish signal with a high confidence level of 0.95. The fast EMA (100.70) is above the slow EMA (100.56), indicating a bullish trend. The RSI (60.60) suggests that the market is not overbought, allowing for further upward movement. The MACD (0.14) is also positive, reinforcing the bullish momentum.

**Suggested Action:** Consider entering a long position in AUDJPY, setting a stop-loss below the recent support level to manage risk. Monitor the position closely for potential profit-taking as momentum builds."
prediction,AUDJPY,up,0.95,1760017354.5917673,"**Reasoning:** The AUDJPY pair shows strong bullish momentum with a high confidence level of 0.95. The fast EMA (100.70) is above the slow EMA (100.56), indicating a bullish trend. The RSI at 61.04 suggests that the asset is not overbought, allowing for further upside potential. Additionally, the positive MACD (0.14) supports the upward movement.

**Suggested Action:** Consider entering a long position in AUDJPY to capitalize on the predicted upward movement. Set a stop-loss below the recent support level to manage risk effectively."
prediction,AUDJPY,up,0.95,1760017358.5965343,"**Reasoning:** The AUDJPY is showing strong bullish momentum with a high confidence level of 0.95. The fast EMA (100.70) is above the slow EMA (100.56), indicating a bullish trend. The RSI at 61 suggests that the asset is not overbought, allowing for further upward movement. The positive MACD value (0.14135) reinforces the bullish outlook.

**Suggested Action:** Consider entering a long position on AUDJPY to capitalize on the anticipated upward movement. Set a stop-loss just below the recent support level to manage risk effectively. Monitor for any signs of reversal or weakening momentum."
prediction,AUDJPY,up,0.95,1760017363.0852966,"**Reasoning:** The AUDJPY pair shows strong bullish momentum indicated by a high confidence level (0.95). The fast EMA (100.71) is above the slow EMA (100.56), signaling a potential upward trend. The RSI (61.33) indicates that the market is not overbought, providing room for further gains. Additionally, the positive MACD (0.14183) reinforces the bullish outlook.

**Suggested Action:** Consider entering a long position in AUDJPY. Set a stop-loss slightly below the recent support level to manage risk, and target a resistance level for profit-taking. Monitor for any signs of trend reversal or overbought conditions."
prediction,AUDJPY,up,0.95,1760017366.9871063,"**Reasoning:** The AUDJPY pair shows strong bullish momentum with a high confidence level of 0.95. The fast EMA (100.71) is above the slow EMA (100.56), indicating a bullish crossover. The RSI at 61.33 suggests that the asset is not overbought, allowing for further upward movement. Additionally, the positive MACD value (0.14183) supports the upward trend.

**Suggested Action:** Consider entering a long position on AUDJPY to capitalize on the anticipated upward movement. Set a stop-loss just below the recent support level to manage risk effectively. Monitor for potential resistance levels to take profits."
prediction,AUDJPY,up,0.95,1760017370.2684484,"**Reasoning:** The AUDJPY pair shows a strong bullish momentum with a high confidence level of 0.95. The fast EMA (100.71) is above the slow EMA (100.56), indicating a bullish trend. The RSI at 61.43 suggests that the asset is not overbought, leaving room for further upward movement. Additionally, the positive MACD (0.14) reinforces the bullish sentiment.

**Suggested Action:** Consider entering a long position on AUDJPY to capitalize on the predicted upward movement. Set a stop-loss just below the slow EMA to manage risk effectively."
prediction,AUDJPY,up,0.95,1760017374.225359,"**Reasoning:** The AUDJPY is showing strong bullish momentum with a high confidence level of 0.95. The fast EMA (100.70604) is above the slow EMA (100.56397), indicating a bullish trend. The RSI at 61.48 suggests that the asset is not overbought, allowing for further upward movement. Additionally, the positive MACD (0.14207) reinforces the bullish outlook.

**Suggested Action:** Consider entering a long position in AUDJPY to capitalize on the upward momentum. Set a stop-loss just below the slow EMA to manage risk effectively."
prediction,AUDJPY,up,0.95,1760017378.966691,"**Reasoning:** The AUDJPY pair shows strong bullish momentum with a high confidence level of 0.95. The fast EMA (100.71) is above the slow EMA (100.56), indicating a bullish crossover. The RSI at 61.43 suggests the asset is not overbought, allowing room for further upside. Additionally, the positive MACD (0.14) reinforces the bullish trend.

**Suggested Action:** Consider entering a long position on AUDJPY. Set a stop-loss just below the recent support level to manage risk, and target a take-profit level based on recent resistance. Monitor for any signs of reversal or significant market news that could impact this position."
prediction,AUDJPY,up,0.95,1760017383.2704494,"**Reasoning:** The AUDJPY pair shows strong bullish momentum, indicated by a high confidence level of 0.95. The EMA Fast (100.70604) is above the EMA Slow (100.56397), signaling a potential upward trend. The RSI at 61.48 suggests that the asset is not overbought, allowing room for further gains. The positive MACD value (0.14207) reinforces the bullish outlook.

**Suggested Action:** Consider entering a long position on AUDJPY. Set a stop-loss below the recent support level to manage risk and aim for a target based on recent resistance levels. Monitor for any changes in momentum indicators."
prediction,AUDJPY,up,0.95,1760017387.1627862,"**Reasoning:** The AUDJPY is showing strong bullish momentum with a high confidence level of 0.95. The fast EMA (100.71) is above the slow EMA (100.56), indicating a bullish trend. The RSI at 61.77 suggests that the asset is not overbought, allowing for further upside potential. The positive MACD value (0.14) reinforces the bullish outlook.

**Suggested Action:** Consider entering a long position in AUDJPY to capitalize on the upward momentum. Set a stop-loss just below the slow EMA (around 100.55) to manage risk. Aim for a target that reflects a favorable risk-reward ratio, ideally above recent resistance levels."
prediction,AUDJPY,up,0.95,1760017390.2263298,"**Reasoning:** The AUDJPY is showing strong bullish momentum with a high confidence level of 0.95. The fast EMA (100.7065) is above the slow EMA (100.56419), indicating a bullish crossover. The RSI at 61.63 suggests that the asset is not overbought, allowing for further upward movement. Additionally, the positive MACD (0.14231) reinforces the bullish sentiment.

**Suggested Action:** Consider entering a long position in AUDJPY, targeting a profit level above the recent highs while setting a stop-loss just below the recent support level to manage risk effectively."
prediction,AUDJPY,up,0.95,1760017393.4042118,"**Reasoning:** The AUDJPY pair shows strong bullish momentum with a high confidence level of 0.95. The fast EMA (100.71) is above the slow EMA (100.56), indicating a bullish trend. The RSI (61.77) suggests that the asset is not overbought, allowing for further upside potential. Additionally, the positive MACD (0.14) supports the upward movement.

**Suggested Action:** Consider entering a long position in AUDJPY. Set a stop-loss just below the recent swing low to manage risk, and target a profit level based on recent resistance levels or a favorable risk-reward ratio."
prediction,AUDJPY,up,0.95,1760017398.01223,"**Reasoning:** The AUDJPY pair shows strong bullish momentum, supported by a high confidence level of 0.95. The fast EMA (100.71) is above the slow EMA (100.56), indicating a bullish trend. The RSI at 61.77 suggests that the pair is not overbought, allowing for further upward movement. Additionally, the positive MACD (0.14) reinforces the bullish outlook.

**Suggested Action:** Consider entering a long position on AUDJPY. Set a stop-loss just below the recent support level to manage risk, and target a profit level based on recent resistance or a risk-reward ratio of at least 1:2."
prediction,AUDJPY,up,0.95,1760017402.0641394,"**Reasoning:** The AUDJPY is showing strong bullish momentum with a high confidence level of 0.95. The fast EMA (100.71) is above the slow EMA (100.56), indicating a potential uptrend. The RSI at 61.67 suggests that the asset is not overbought, allowing for further upward movement. The positive MACD value (0.14) reinforces the bullish outlook.

**Suggested Action:** Consider entering a long position on AUDJPY. Set a stop-loss just below the slow EMA (around 100.56) to manage risk. Aim for a target based on key resistance levels or a risk-reward ratio of at least 1:2."
prediction,AUDJPY,up,0.95,1760017408.808355,"**Reasoning:** The AUDJPY pair shows a strong bullish outlook with a high confidence level of 0.95. The fast EMA (100.71) is above the slow EMA (100.56), indicating a positive trend. The RSI at 61.92 suggests the asset is not overbought, leaving room for further upward movement. Additionally, the MACD value of 0.14279 supports the bullish momentum.

**Suggested Action:** Consider entering a long position in AUDJPY. Set a stop-loss slightly below the slow EMA (around 100.55) to manage risk, and look for potential profit targets at resistance levels above the current price."
prediction,AUDJPY,up,0.95,1760017411.6490633,"**Reasoning:** The AUDJPY is showing strong bullish momentum. The fast EMA (100.71) is above the slow EMA (100.56), indicating a potential uptrend. The RSI at 61.97 suggests the asset is not overbought, leaving room for upward movement. Additionally, the positive MACD (0.14287) reinforces the bullish sentiment.

**Suggested Action:** Consider entering a long position in AUDJPY to capitalize on the predicted upward movement. Set a stop-loss just below the recent support level to manage risk effectively."
prediction,AUDJPY,up,0.95,1760017414.186978,"**Reasoning:** The AUDJPY is showing strong bullish momentum, supported by a high confidence level (0.95). The fast EMA (100.71) is above the slow EMA (100.56), indicating a bullish trend. The RSI at 61.43 suggests that the asset is not overbought yet, allowing for further upside potential. The positive MACD (0.14) reinforces the bullish sentiment.

**Suggested Action:** Consider entering a long position on AUDJPY. Set a stop-loss below the recent support level to manage risk, and look for a target near the next resistance level for potential profit-taking."
prediction,AUDJPY,up,0.95,1760017420.9386957,"**Reasoning:** The AUDJPY pair shows strong bullish momentum with a high confidence level of 0.95. The fast EMA (100.70) is above the slow EMA (100.56), indicating a potential upward trend. Additionally, the RSI at 61.14 suggests that the asset is not overbought, allowing room for further gains. The positive MACD value (0.14) reinforces the bullish outlook.

**Suggested Action:** Consider entering a long position in AUDJPY to capitalize on the expected upward movement. Set a stop-loss just below the recent support level to manage risk effectively."
prediction,AUDJPY,up,0.95,1760017426.3086147,"**Reasoning:** The AUDJPY shows strong bullish momentum, indicated by a high confidence level of 0.95. The EMA Fast (100.70527) is above the EMA Slow (100.5636), signaling a bullish trend. The RSI at 61.23 suggests the asset is not overbought, allowing for further upward movement. Additionally, the positive MACD (0.14167) supports the uptrend.

**Suggested Action:** Consider entering a long position in AUDJPY to capitalize on the expected upward movement. Set a stop-loss below the recent support level to manage risk effectively."
prediction,AUDJPY,up,0.95,1760017428.3189814,"**Reasoning:** The AUDJPY shows strong bullish momentum with a high confidence level of 0.95. The fast EMA (100.70512) is above the slow EMA (100.56353), indicating a bullish trend. The RSI at 61.18 suggests that the asset is not overbought, allowing for further upward movement. The positive MACD (0.14159) reinforces the bullish outlook.

**Suggested Action:** Consider entering a long position in AUDJPY to capitalize on the anticipated upward movement. Set a stop-loss below the recent support level to manage risk effectively."
prediction,AUDJPY,up,0.95,1760017432.2182834,"**Reasoning:** The AUDJPY pair shows strong bullish momentum with a high confidence level of 0.95. The fast EMA (100.71) is above the slow EMA (100.56), indicating a potential upward trend. The RSI (61.38) suggests that the asset is not yet overbought, allowing for further upward movement. Additionally, the positive MACD (0.14) supports the bullish outlook.

**Suggested Action:** Consider entering a long position in AUDJPY to capitalize on the anticipated upward movement. Set a stop-loss just below the recent support level to manage risk effectively."
prediction,AUDJPY,up,0.95,1760017435.9764807,"**Reasoning:** The AUDJPY pair shows strong bullish momentum with a high confidence level of 0.95. The fast EMA (100.70) is above the slow EMA (100.56), indicating a bullish trend. The RSI at 61.14 suggests that the asset is not overbought, allowing further upward movement. The MACD value of 0.14151 supports the upward momentum.

**Suggested Action:** Consider entering a long position on AUDJPY, setting a stop-loss just below the recent support level to manage risk. Monitor for further bullish signals to maximize gains."
prediction,AUDJPY,up,0.95,1760017439.282875,"**Reasoning:** The AUDJPY pair shows strong bullish momentum with a high confidence level of 0.95. The fast EMA (100.7045) is above the slow EMA (100.56323), indicating a bullish trend. Additionally, the RSI is at 60.99, suggesting that the asset is not overbought yet, allowing for further upward movement. The MACD value of 0.14127 reinforces this bullish sentiment, indicating positive momentum.

**Suggested Action:** Consider entering a long position in AUDJPY. Set a stop-loss just below the slow EMA to manage risk and target a profit level that aligns with your risk-reward strategy."
prediction,AUDJPY,up,0.95,1760017443.4955962,"**Reasoning:** The AUDJPY pair shows strong bullish momentum with a high confidence level of 0.95. The fast EMA (100.70) is above the slow EMA (100.56), indicating a potential upward trend. The RSI at 61.14 suggests the market is not overbought, allowing further upside potential. Additionally, the positive MACD (0.14) supports the bullish outlook.

**Suggested Action:** Consider entering a long position on AUDJPY to capitalize on the anticipated upward movement. Set a stop-loss below the recent support level to manage risk effectively."
prediction,AUDJPY,up,0.95,1760017447.2624402,"**Reasoning:**
The AUDJPY pair shows strong bullish momentum with a high confidence level of 0.95. The fast EMA (100.70) is above the slow EMA (100.56), indicating a bullish trend. The RSI at 60.70 suggests that the asset is not overbought, leaving room for further upward movement. The positive MACD value (0.14) reinforces the bullish sentiment.

**Suggested Action:**
Consider entering a long position on AUDJPY. Set a stop-loss just below the recent support level to manage risk, and look for potential profit-taking at resistance levels or based on a trailing stop strategy to maximize gains as the price moves up."
prediction,AUDJPY,up,0.95,1760017450.9485977,"**Reasoning:** The AUDJPY pair shows strong bullish momentum with a high confidence level of 0.95. The fast EMA (100.70327) is above the slow EMA (100.56264), indicating a bullish trend. The RSI at 60.60 suggests that the asset is not overbought, allowing room for further upward movement. Additionally, the positive MACD (0.14064) reinforces the bullish signal.

**Suggested Action:** Consider entering a long position on AUDJPY. Set a stop-loss slightly below the slow EMA (around 100.55) to manage risk, and target a profit level above the recent highs for optimal gains. Monitor for any signs of trend reversal or increased volatility."
prediction,AUDJPY,up,0.95,1760017454.9930265,"**Reasoning:** The AUDJPY pair is showing strong bullish momentum. The EMA Fast (100.70) is above the EMA Slow (100.56), indicating a bullish trend. The RSI at 60.46 suggests that the asset is neither overbought nor oversold, allowing for further upward movement. Additionally, the MACD of 0.1404 supports the uptrend.

**Suggested Action:** Consider entering a long position in AUDJPY to capitalize on the anticipated upward movement. Set a stop-loss slightly below the EMA Slow for risk management. Monitor for any signs of reversal or overextension in the RSI."
prediction,AUDJPY,up,0.95,1760017458.2497425,"**Reasoning:** The AUDJPY pair shows strong bullish momentum, indicated by a high confidence level of 0.95. The fast EMA (100.70) is above the slow EMA (100.56), confirming a bullish trend. The RSI at 60.51 suggests that the asset is not overbought, allowing for further upward movement. Additionally, the positive MACD (0.14) supports the bullish outlook.

**Suggested Action:** Consider entering a long position on AUDJPY. Set a stop-loss below the recent support level to manage risk, and target a resistance level for profit-taking. Monitor the indicators for any signs of reversal."
prediction,AUDJPY,up,0.95,1760017461.1029727,"**Reasoning:** The AUDJPY pair shows strong bullish momentum with a high confidence level of 0.95. The fast EMA (100.70) is above the slow EMA (100.56), indicating a bullish trend. The RSI at 60.56 suggests that the asset is not overbought yet, allowing for further upward movement. The MACD value of 0.14056 supports the bullish sentiment, as it is above zero.

**Suggested Action:** Consider entering a long position in AUDJPY to capitalize on the upward momentum. Set a stop-loss just below the recent support level to manage risk effectively. Monitor for potential resistance levels to determine profit-taking points."
prediction,AUDJPY,up,0.95,1760017464.6489892,"**Reasoning:** The AUDJPY pair shows strong bullish momentum with a high confidence level of 0.95. The fast EMA (100.70) is above the slow EMA (100.56), indicating a bullish trend. The RSI at 60.70 suggests that the asset is not overbought, leaving room for further upward movement. Additionally, the positive MACD (0.14) supports the bullish outlook.

**Suggested Action:** Consider entering a long position on AUDJPY. Set a stop-loss slightly below the recent support level to manage risk, and target a profit level based on recent resistance levels or a predetermined risk-reward ratio."
prediction,AUDJPY,up,0.95,1760017469.5147743,"**Reasoning:**
The AUDJPY pair shows strong bullish momentum with a high confidence level of 0.95. The fast EMA (100.70) is above the slow EMA (100.56), indicating a bullish trend. The RSI at 60.70 suggests that the asset is not overbought, allowing room for further upward movement. Additionally, the positive MACD (0.14) supports the continuation of the bullish trend.

**Suggested Action:**
Consider entering a long position on AUDJPY. Set a stop-loss just below the recent support level to manage risk, and target a profit at the next resistance level. Monitor the indicators for any signs of reversal."
prediction,AUDJPY,up,0.95,1760017472.865802,"**Reasoning:**
The AUDJPY pair shows strong bullish momentum, indicated by a high confidence level of 0.95. The fast EMA (100.70327) is above the slow EMA (100.56264), confirming an upward trend. The RSI at 60.60 suggests that the asset is not overbought, allowing for further upside potential. Additionally, the positive MACD (0.14064) supports the bullish outlook.

**Suggested Action:**
Consider entering a long position on AUDJPY. Set a stop-loss just below the recent support level to manage risk, and target a profit at the next resistance level. Monitor for any changes in momentum indicators for potential adjustments."
prediction,AUDJPY,up,0.95,1760017476.6531873,"**Reasoning:** The AUDJPY is showing strong bullish momentum with a high confidence level of 0.95. The fast EMA (100.70343) is above the slow EMA (100.56271), indicating a bullish crossover. The RSI (60.65) is in the bullish territory, suggesting that the asset is not overbought yet. Additionally, the positive MACD (0.14071) reinforces the upward trend.

**Suggested Action:** Consider entering a long position on AUDJPY. Set a stop-loss slightly below the slow EMA to manage risk and target a price level that aligns with your risk-reward strategy."
prediction,AUDJPY,up,0.95,1760018768.1205897,"Given your bullish outlook on AUDJPY with high confidence (0.95), the following analysis supports your position:

1. **EMA Analysis**: The fast EMA (100.66207) is above the slow EMA (100.55235), indicating a potential upward trend. This crossover suggests that the momentum is shifting positively.

2. **RSI**: The RSI at 50.6412 is neutral but leaning towards bullish territory. A value above 50 suggests that buying pressure is increasing, which aligns with your upward direction.

3. **MACD**: The positive MACD value (0.10972) supports the bullish sentiment, indicating that the short-term momentum is stronger than the long-term momentum.

### Suggested Action:
- **Entry Point**: Consider entering a long position if the price breaks above the recent highs, confirming the upward momentum.
- **Stop-Loss**: Set a stop-loss just below the recent swing low to manage risk effectively.
- **Target**: Aim for a profit target based on recent resistance levels or a risk-reward ratio of at least 1:2.

Monitor the trade closely for any signs of reversal or weakening momentum."
prediction,AUDJPY,up,0.95,1760018768.2106922,No significant market change detected.
prediction,AUDJPY,up,0.95,1760018768.2789247,No significant market change detected.
prediction,AUDJPY,up,0.95,1760018768.3506985,No significant market change detected.
prediction,AUDJPY,up,0.95,1760018768.426945,No significant market change detected.
prediction,AUDJPY,up,0.95,1760018768.4964445,No significant market change detected.
prediction,AUDJPY,up,0.95,1760018768.5665855,No significant market change detected.
prediction,AUDJPY,up,0.95,1760018768.6387289,No significant market change detected.
prediction,AUDJPY,up,0.95,1760018768.7210214,No significant market change detected.
prediction,AUDJPY,up,0.95,1760018768.7937703,No significant market change detected.
prediction,AUDJPY,up,0.95,1760018768.8671007,No significant market change detected.
prediction,AUDJPY,up,0.95,1760018768.9374669,No significant market change detected.
prediction,AUDJPY,up,0.95,1760018769.0105624,No significant market change detected.
prediction,AUDJPY,up,0.95,1760018769.0882206,No significant market change detected.
prediction,AUDJPY,up,0.95,1760018769.1620193,No significant market change detected.
prediction,AUDJPY,up,0.95,1760018769.234089,No significant market change detected.
prediction,AUDJPY,up,0.95,1760018769.3101182,No significant market change detected.
prediction,AUDJPY,up,0.95,1760018769.3808339,No significant market change detected.
prediction,AUDJPY,up,0.95,1760018770.3731625,No significant market change detected.
prediction,AUDJPY,up,0.95,1760018771.1466599,No significant market change detected.
prediction,AUDJPY,up,0.95,1760018775.7948399,No significant market change detected.
prediction,AUDJPY,up,0.95,1760018776.138034,No significant market change detected.
prediction,AUDJPY,up,0.95,1760018776.486526,No significant market change detected.
prediction,AUDJPY,up,0.95,1760018777.374842,No significant market change detected.
prediction,AUDJPY,up,0.95,1760018777.7260869,No significant market change detected.
prediction,AUDJPY,up,0.95,1760018781.5803542,No significant market change detected.
prediction,AUDJPY,up,0.95,1760018781.91597,No significant market change detected.
prediction,AUDJPY,up,0.95,1760018783.6091986,No significant market change detected.
prediction,AUDJPY,up,0.95,1760018783.946567,No significant market change detected.
prediction,AUDJPY,up,0.95,1760018784.2944736,No significant market change detected.
prediction,AUDJPY,up,0.95,1760018784.6312692,No significant market change detected.
prediction,AUDJPY,up,0.95,1760018785.5459795,No significant market change detected.
prediction,AUDJPY,up,0.95,1760018787.9383383,No significant market change detected.
prediction,AUDJPY,up,0.95,1760018788.2840729,No significant market change detected.
prediction,AUDJPY,up,0.95,1760018790.1843438,No significant market change detected.
prediction,AUDJPY,up,0.95,1760018790.479049,No significant market change detected.
prediction,AUDJPY,up,0.95,1760018791.606441,No significant market change detected.
prediction,AUDJPY,up,0.95,1760018792.1807518,No significant market change detected.
prediction,AUDJPY,up,0.95,1760018792.9344144,No significant market change detected.
prediction,AUDJPY,up,0.95,1760018793.6054025,No significant market change detected.
prediction,AUDJPY,up,0.95,1760018793.9280043,No significant market change detected.
prediction,AUDJPY,up,0.95,1760018795.205777,No significant market change detected.
prediction,AUDJPY,up,0.95,1760018795.55068,No significant market change detected.
prediction,AUDJPY,up,0.95,1760018795.8798027,No significant market change detected.
prediction,AUDJPY,up,0.95,1760018796.2345061,No significant market change detected.
prediction,AUDJPY,up,0.95,1760018797.3728874,No significant market change detected.
prediction,AUDJPY,up,0.95,1760018798.7453916,No significant market change detected.
prediction,AUDJPY,up,0.95,1760018799.088268,No significant market change detected.
prediction,AUDJPY,up,0.95,1760018799.541888,No significant market change detected.
prediction,AUDJPY,up,0.95,1760018800.069056,No significant market change detected.
prediction,AUDJPY,up,0.95,1760018800.5249734,No significant market change detected.
prediction,AUDJPY,up,0.95,1760018800.8398392,No significant market change detected.
prediction,AUDJPY,up,0.95,1760018801.5469239,No significant market change detected.
prediction,AUDJPY,up,0.95,1760018801.894915,No significant market change detected.
prediction,AUDJPY,up,0.95,1760018802.2599065,No significant market change detected.
prediction,AUDJPY,up,0.95,1760018802.5881336,No significant market change detected.
prediction,AUDJPY,up,0.95,1760018802.9333577,No significant market change detected.
prediction,AUDJPY,up,0.95,1760018803.5831604,No significant market change detected.
prediction,AUDJPY,up,0.95,1760018803.952625,No significant market change detected.
prediction,AUDJPY,up,0.95,1760018804.350149,No significant market change detected.
prediction,AUDJPY,up,0.95,1760018805.759085,No significant market change detected.
prediction,AUDJPY,up,0.95,1760018806.1111653,No significant market change detected.
prediction,AUDJPY,up,0.95,1760018806.600975,No significant market change detected.
prediction,AUDJPY,up,0.95,1760018806.9334338,No significant market change detected.
prediction,AUDJPY,up,0.95,1760018807.275495,No significant market change detected.
prediction,AUDJPY,up,0.95,1760018807.623096,No significant market change detected.
prediction,AUDJPY,up,0.95,1760018807.9614065,No significant market change detected.
prediction,AUDJPY,up,0.95,1760018808.304648,No significant market change detected.
prediction,AUDJPY,up,0.95,1760018808.648771,No significant market change detected.
prediction,AUDJPY,up,0.95,1760018809.2131479,No significant market change detected.
prediction,AUDJPY,up,0.95,1760018809.5534086,No significant market change detected.
prediction,AUDJPY,up,0.95,1760018809.8909018,No significant market change detected.
prediction,AUDJPY,up,0.95,1760018810.2410161,No significant market change detected.
prediction,AUDJPY,up,0.95,1760018810.5829039,No significant market change detected.
prediction,AUDJPY,up,0.95,1760018811.169025,No significant market change detected.
prediction,AUDJPY,up,0.95,1760018812.7581387,No significant market change detected.
prediction,AUDJPY,up,0.95,1760018813.0962853,No significant market change detected.
prediction,AUDJPY,up,0.95,1760018813.442741,No significant market change detected.
prediction,AUDJPY,up,0.95,1760018814.1655233,No significant market change detected.
prediction,AUDJPY,up,0.95,1760018814.4988976,No significant market change detected.
prediction,AUDJPY,up,0.95,1760018815.588482,No significant market change detected.
prediction,AUDJPY,up,0.95,1760018815.9373455,No significant market change detected.
prediction,AUDJPY,up,0.95,1760018816.2853458,No significant market change detected.
prediction,AUDJPY,up,0.95,1760018818.192718,No significant market change detected.
prediction,AUDJPY,up,0.95,1760018818.5432904,No significant market change detected.
prediction,AUDJPY,up,0.95,1760018819.1694043,No significant market change detected.
prediction,AUDJPY,up,0.95,1760018819.9373198,No significant market change detected.
prediction,AUDJPY,up,0.95,1760018820.126821,No significant market change detected.
prediction,AUDJPY,up,0.95,1760018820.4595358,No significant market change detected.
prediction,AUDJPY,up,0.95,1760018820.8099892,No significant market change detected.
prediction,AUDJPY,up,0.95,1760018821.161282,No significant market change detected.
prediction,AUDJPY,up,0.95,1760018821.4949033,No significant market change detected.
prediction,AUDJPY,up,0.95,1760018821.8364415,No significant market change detected.
prediction,AUDJPY,up,0.95,1760018822.18795,No significant market change detected.
prediction,AUDJPY,up,0.95,1760018822.5208857,No significant market change detected.
prediction,AUDJPY,up,0.95,1760018822.867754,No significant market change detected.
prediction,AUDJPY,up,0.95,1760018823.2138226,No significant market change detected.
prediction,AUDJPY,up,0.95,1760018823.6053185,No significant market change detected.
prediction,AUDJPY,up,0.95,1760018823.9466095,No significant market change detected.
prediction,AUDJPY,up,0.95,1760018824.3009336,No significant market change detected.
prediction,AUDJPY,up,0.95,1760018824.8012445,No significant market change detected.
prediction,AUDJPY,up,0.95,1760018825.134975,No significant market change detected.
prediction,AUDJPY,up,0.95,1760018825.477784,No significant market change detected.
prediction,AUDJPY,up,0.95,1760018825.8298292,No significant market change detected.
prediction,AUDJPY,up,0.95,1760018826.5652382,No significant market change detected.
prediction,AUDJPY,up,0.95,1760018826.8924284,No significant market change detected.
prediction,AUDJPY,up,0.95,1760018827.2505338,No significant market change detected.
prediction,AUDJPY,up,0.95,1760018827.5895834,No significant market change detected.
prediction,AUDJPY,up,0.95,1760018827.9466112,No significant market change detected.
prediction,AUDJPY,up,0.95,1760018829.3744993,No significant market change detected.
prediction,AUDJPY,up,0.95,1760018829.7193682,No significant market change detected.
prediction,AUDJPY,up,0.95,1760018830.364518,No significant market change detected.
prediction,AUDJPY,up,0.95,1760018830.6028287,No significant market change detected.
prediction,AUDJPY,up,0.95,1760018831.5514288,No significant market change detected.
prediction,AUDJPY,up,0.95,1760018831.970763,No significant market change detected.
prediction,AUDJPY,up,0.95,1760018832.3725996,No significant market change detected.
prediction,AUDJPY,up,0.95,1760018832.690073,No significant market change detected.
prediction,AUDJPY,up,0.95,1760018833.367927,No significant market change detected.
prediction,AUDJPY,up,0.95,1760018833.8119307,No significant market change detected.
prediction,AUDJPY,up,0.95,1760018834.1509576,No significant market change detected.
prediction,AUDJPY,up,0.95,1760018834.4923568,No significant market change detected.
prediction,AUDJPY,up,0.95,1760018834.8383813,No significant market change detected.
prediction,AUDJPY,up,0.95,1760018835.1801817,No significant market change detected.
prediction,AUDJPY,up,0.95,1760018835.9397645,No significant market change detected.
prediction,AUDJPY,up,0.95,1760018837.6066155,No significant market change detected.
prediction,AUDJPY,up,0.95,1760018837.9613879,No significant market change detected.
prediction,AUDJPY,up,0.95,1760018838.302603,No significant market change detected.
prediction,AUDJPY,up,0.95,1760018838.7773876,No significant market change detected.
prediction,AUDJPY,up,0.95,1760018839.5595644,No significant market change detected.
prediction,AUDJPY,up,0.95,1760018839.9070044,No significant market change detected.
prediction,AUDJPY,up,0.95,1760018840.261935,No significant market change detected.
prediction,AUDJPY,up,0.95,1760018841.1808448,No significant market change detected.
prediction,AUDJPY,up,0.95,1760018841.558303,No significant market change detected.
prediction,AUDJPY,up,0.95,1760018841.8917198,No significant market change detected.
prediction,AUDJPY,up,0.95,1760018842.2325516,No significant market change detected.
prediction,AUDJPY,up,0.95,1760018842.5811665,No significant market change detected.
prediction,AUDJPY,up,0.95,1760018842.9088602,No significant market change detected.
prediction,AUDJPY,up,0.95,1760018843.2471027,No significant market change detected.
prediction,AUDJPY,up,0.95,1760018843.603552,No significant market change detected.
prediction,AUDJPY,up,0.95,1760018844.179396,No significant market change detected.
prediction,AUDJPY,up,0.95,1760018845.9713066,No significant market change detected.
prediction,AUDJPY,up,0.95,1760018846.3212004,No significant market change detected.
prediction,AUDJPY,up,0.95,1760018846.6683774,No significant market change detected.
prediction,AUDJPY,up,0.95,1760018847.3578584,No significant market change detected.
prediction,AUDJPY,up,0.95,1760018847.700896,No significant market change detected.
prediction,AUDJPY,up,0.95,1760018848.0446434,No significant market change detected.
prediction,AUDJPY,up,0.95,1760018848.971917,No significant market change detected.
prediction,AUDJPY,up,0.95,1760018850.4061708,No significant market change detected.
prediction,AUDJPY,up,0.95,1760018850.7379923,No significant market change detected.
prediction,AUDJPY,up,0.95,1760018851.0767055,No significant market change detected.
prediction,AUDJPY,up,0.95,1760018851.4292235,No significant market change detected.
prediction,AUDJPY,up,0.95,1760018851.7727654,No significant market change detected.
prediction,AUDJPY,up,0.95,1760018852.1099732,No significant market change detected.
prediction,AUDJPY,up,0.95,1760018852.4528306,No significant market change detected.
prediction,AUDJPY,up,0.95,1760018852.8058002,No significant market change detected.
prediction,AUDJPY,up,0.95,1760018853.1475933,No significant market change detected.
prediction,AUDJPY,up,0.95,1760018853.4940548,No significant market change detected.
prediction,AUDJPY,up,0.95,1760018853.8358397,No significant market change detected.
prediction,AUDJPY,up,0.95,1760018854.1706843,No significant market change detected.
prediction,AUDJPY,up,0.95,1760018854.5354416,No significant market change detected.
prediction,AUDJPY,up,0.95,1760018855.179999,No significant market change detected.
prediction,AUDJPY,up,0.95,1760018855.526161,No significant market change detected.
prediction,AUDJPY,up,0.95,1760018855.8772051,No significant market change detected.
prediction,AUDJPY,up,0.95,1760018856.2035098,No significant market change detected.
prediction,AUDJPY,up,0.95,1760018858.5957832,No significant market change detected.
prediction,AUDJPY,up,0.95,1760018859.1689484,No significant market change detected.
prediction,AUDJPY,up,0.95,1760018860.1136556,No significant market change detected.
prediction,AUDJPY,up,0.95,1760018860.679009,No significant market change detected.
prediction,AUDJPY,up,0.95,1760018861.3361373,No significant market change detected.
prediction,AUDJPY,up,0.95,1760018861.687451,No significant market change detected.
prediction,AUDJPY,up,0.95,1760018862.0351088,No significant market change detected.
prediction,AUDJPY,up,0.95,1760018862.3881087,No significant market change detected.
prediction,AUDJPY,up,0.95,1760018863.1534126,No significant market change detected.
prediction,AUDJPY,up,0.95,1760018863.3422444,No significant market change detected.
prediction,AUDJPY,up,0.95,1760018863.6942723,No significant market change detected.
prediction,AUDJPY,up,0.95,1760018864.0307713,No significant market change detected.
prediction,AUDJPY,up,0.95,1760018864.3765042,No significant market change detected.
prediction,AUDJPY,up,0.95,1760018864.9617908,No significant market change detected.
prediction,AUDJPY,up,0.95,1760018865.2950976,No significant market change detected.
prediction,AUDJPY,up,0.95,1760018865.647059,No significant market change detected.
prediction,AUDJPY,up,0.95,1760018865.9937272,No significant market change detected.
prediction,AUDJPY,up,0.95,1760018866.3397388,No significant market change detected.
prediction,AUDJPY,up,0.95,1760018866.6881313,No significant market change detected.
prediction,AUDJPY,up,0.95,1760018867.0263638,No significant market change detected.
prediction,AUDJPY,up,0.95,1760018867.4081166,No significant market change detected.
prediction,AUDJPY,up,0.95,1760018867.7708993,No significant market change detected.
prediction,AUDJPY,up,0.95,1760018868.135338,No significant market change detected.
prediction,AUDJPY,up,0.95,1760019196.587504,"**Analysis of AUDJPY:**

1. **Trend Direction**: Your confidence in an upward movement (0.95) suggests strong bullish sentiment.
  
2. **EMA Indicators**: The Fast EMA (100.66392) is above the Slow EMA (100.55324), indicating a bullish crossover, which typically signals a continuation of the upward trend.

3. **RSI**: The RSI at 51.07633 indicates that the asset is neither overbought nor oversold, suggesting there is room for upward movement without immediate exhaustion.

4. **MACD**: The MACD value of 0.11067 being positive reinforces the bullish outlook, indicating that momentum is on the side of buyers.

**Suggested Action**: 

- **Buy Position**: Consider entering a long position on AUDJPY. 
- **Stop-Loss**: Set a stop-loss just below the recent support level (e.g., around 100.50) to manage risk.
- **Target Price**: Aim for a target in the range of 101.00 to 101.20, aligning with previous resistance levels.

Monitor the trade closely for any signs of reversal or changes in momentum indicators."
prediction,AUDJPY,up,0.95,1760019196.672745,No significant market change detected.
prediction,AUDJPY,up,0.95,1760019196.7491462,No significant market change detected.
prediction,AUDJPY,up,0.95,1760019196.8281627,No significant market change detected.
prediction,AUDJPY,up,0.95,1760019196.9019077,No significant market change detected.
prediction,AUDJPY,up,0.95,1760019196.9712553,No significant market change detected.
prediction,AUDJPY,up,0.95,1760019197.0443242,No significant market change detected.
prediction,AUDJPY,up,0.95,1760019197.1267493,No significant market change detected.
prediction,AUDJPY,up,0.95,1760019197.1991065,No significant market change detected.
prediction,AUDJPY,up,0.95,1760019197.2676277,No significant market change detected.
prediction,AUDJPY,up,0.95,1760019197.341115,No significant market change detected.
prediction,AUDJPY,up,0.95,1760019197.4180038,No significant market change detected.
prediction,AUDJPY,up,0.95,1760019197.488943,No significant market change detected.
prediction,AUDJPY,up,0.95,1760019197.5608666,No significant market change detected.
prediction,AUDJPY,up,0.95,1760019197.633524,No significant market change detected.
prediction,AUDJPY,up,0.95,1760019197.7024477,No significant market change detected.
prediction,AUDJPY,up,0.95,1760019197.801492,No significant market change detected.
prediction,AUDJPY,up,0.95,1760019197.8721883,No significant market change detected.
prediction,AUDJPY,up,0.95,1760019197.9436328,No significant market change detected.
prediction,AUDJPY,up,0.95,1760019198.289152,No significant market change detected.
prediction,AUDJPY,up,0.95,1760019198.6395352,No significant market change detected.
prediction,AUDJPY,up,0.95,1760019199.0769844,No significant market change detected.
prediction,AUDJPY,up,0.95,1760019199.4646902,No significant market change detected.
prediction,AUDJPY,up,0.95,1760019200.701396,No significant market change detected.
prediction,AUDJPY,up,0.95,1760019202.1008332,No significant market change detected.
prediction,AUDJPY,up,0.95,1760019202.6888547,No significant market change detected.
prediction,AUDJPY,up,0.95,1760019203.4702368,No significant market change detected.
prediction,AUDJPY,up,0.95,1760019203.8616686,No significant market change detected.
prediction,AUDJPY,up,0.95,1760019204.1939933,No significant market change detected.
prediction,AUDJPY,up,0.95,1760019204.6661508,No significant market change detected.
prediction,AUDJPY,up,0.95,1760019205.0140479,No significant market change detected.
prediction,AUDJPY,up,0.95,1760019205.3587492,No significant market change detected.
prediction,AUDJPY,up,0.95,1760019205.9132588,No significant market change detected.
prediction,AUDJPY,up,0.95,1760019206.2546391,No significant market change detected.
prediction,AUDJPY,up,0.95,1760019206.6061718,No significant market change detected.
prediction,AUDJPY,up,0.95,1760020495.7298784,"**Reasoning:**

1. **Trend Direction:** You have indicated a bullish outlook for AUDJPY with high confidence (0.95). This suggests strong conviction in upward movement.

2. **EMA Analysis:** The fast EMA (100.64592) is above the slow EMA (100.54458), indicating a potential uptrend. This crossover is a bullish signal.

3. **RSI Analysis:** The RSI is at 47.13, which is near the neutral zone (50). While it is not yet in overbought territory, it suggests that the asset is not currently overextended, allowing for further upward movement.

4. **MACD Analysis:** The MACD value of 0.10134, while positive, indicates that momentum is building but not yet strong. This suggests potential for further bullish movement if the trend continues.

**Suggested Action:**

- **Entry Point:** Consider entering a long position if the price breaks above the recent resistance level or the fast EMA.
- **Stop Loss:** Set a stop loss just below the slow EMA (around 100.54) to manage risk.
- **Target Price:** Aim for a target near the next resistance level, potentially around 101.00 or higher, depending on market conditions.

Monitor the trade closely and adjust your strategy based on market movements and any significant news events affecting AUDJPY."
prediction,AUDJPY,up,0.95,1760020495.8070855,No significant market change detected.
prediction,AUDJPY,up,0.95,1760020495.874947,No significant market change detected.
prediction,AUDJPY,up,0.95,1760020495.9427772,No significant market change detected.
prediction,AUDJPY,up,0.95,1760020496.0092354,No significant market change detected.
prediction,AUDJPY,up,0.95,1760020496.0728555,No significant market change detected.
prediction,AUDJPY,up,0.95,1760020496.1408334,No significant market change detected.
prediction,AUDJPY,up,0.95,1760020496.2096243,No significant market change detected.
prediction,AUDJPY,up,0.95,1760020496.2720494,No significant market change detected.
prediction,AUDJPY,up,0.95,1760020496.335432,No significant market change detected.
prediction,AUDJPY,up,0.95,1760020496.39489,No significant market change detected.
prediction,AUDJPY,up,0.95,1760020496.4601748,No significant market change detected.
prediction,AUDJPY,up,0.95,1760020496.5220094,No significant market change detected.
prediction,AUDJPY,up,0.95,1760020496.584164,No significant market change detected.
prediction,AUDJPY,up,0.95,1760020496.650165,No significant market change detected.
prediction,AUDJPY,up,0.95,1760020496.7154882,No significant market change detected.
prediction,AUDJPY,up,0.95,1760020496.778959,No significant market change detected.
prediction,AUDJPY,up,0.95,1760020496.8452291,No significant market change detected.
prediction,AUDJPY,up,0.95,1760020497.0671034,No significant market change detected.
prediction,AUDJPY,up,0.95,1760020498.070759,No significant market change detected.
prediction,AUDJPY,up,0.95,1760020499.0876513,No significant market change detected.
prediction,AUDJPY,up,0.95,1760020499.4357717,No significant market change detected.
prediction,AUDJPY,up,0.95,1760020499.7914894,No significant market change detected.
prediction,AUDJPY,up,0.95,1760020500.1116745,No significant market change detected.
prediction,AUDJPY,up,0.95,1760020500.8916142,No significant market change detected.
prediction,AUDJPY,up,0.95,1760020501.224481,No significant market change detected.
prediction,AUDJPY,up,0.95,1760020501.578742,No significant market change detected.
prediction,AUDJPY,up,0.95,1760020501.918783,No significant market change detected.
prediction,AUDJPY,up,0.95,1760020502.2537432,No significant market change detected.
prediction,AUDJPY,up,0.95,1760020503.1126413,No significant market change detected.
prediction,AUDJPY,up,0.95,1760020503.4716072,No significant market change detected.
prediction,AUDJPY,up,0.95,1760020503.8157685,No significant market change detected.
prediction,AUDJPY,up,0.95,1760020504.16332,No significant market change detected.
prediction,AUDJPY,up,0.95,1760020504.7130055,No significant market change detected.
prediction,AUDJPY,up,0.95,1760020505.063053,No significant market change detected.
prediction,AUDJPY,up,0.95,1760020505.8840966,No significant market change detected.
prediction,AUDJPY,up,0.95,1760020506.702934,No significant market change detected.
prediction,AUDJPY,up,0.95,1760020507.7019544,No significant market change detected.
prediction,AUDJPY,up,0.95,1760020508.3182116,No significant market change detected.
prediction,AUDJPY,up,0.95,1760020508.7718682,No significant market change detected.
prediction,AUDJPY,up,0.95,1760020510.0629215,No significant market change detected.
prediction,AUDJPY,up,0.95,1760020510.450065,No significant market change detected.
prediction,AUDJPY,up,0.95,1760020510.8663802,No significant market change detected.
prediction,AUDJPY,up,0.95,1760020511.2002761,No significant market change detected.
prediction,AUDJPY,up,0.95,1760020511.551174,No significant market change detected.
prediction,AUDJPY,up,0.95,1760020511.8999028,No significant market change detected.
prediction,AUDJPY,up,0.95,1760020512.2334168,No significant market change detected.
prediction,AUDJPY,up,0.95,1760020512.5952222,No significant market change detected.
prediction,AUDJPY,up,0.95,1760020512.9249458,No significant market change detected.
prediction,AUDJPY,up,0.95,1760020513.2618096,No significant market change detected.
prediction,AUDJPY,up,0.95,1760020513.6184447,No significant market change detected.
prediction,AUDJPY,up,0.95,1760020513.9581444,No significant market change detected.
prediction,AUDJPY,up,0.95,1760020514.5189047,No significant market change detected.
prediction,AUDJPY,up,0.95,1760020514.8520904,No significant market change detected.
prediction,AUDJPY,up,0.95,1760020515.195937,No significant market change detected.
prediction,AUDJPY,up,0.95,1760020515.528272,No significant market change detected.
prediction,AUDJPY,up,0.95,1760020516.0713263,No significant market change detected.
prediction,AUDJPY,up,0.95,1760020516.419619,No significant market change detected.
prediction,AUDJPY,up,0.95,1760020516.768228,No significant market change detected.
prediction,AUDJPY,up,0.95,1760020517.0973427,No significant market change detected.
prediction,AUDJPY,up,0.95,1760020517.4837208,No significant market change detected.
prediction,AUDJPY,up,0.95,1760020517.8942516,No significant market change detected.
prediction,AUDJPY,up,0.95,1760020518.2377598,No significant market change detected.
prediction,AUDJPY,up,0.95,1760020519.2580876,No significant market change detected.
prediction,AUDJPY,up,0.95,1760020519.6106844,No significant market change detected.
prediction,AUDJPY,up,0.95,1760020519.9477532,No significant market change detected.
prediction,AUDJPY,up,0.95,1760020520.6571617,No significant market change detected.
prediction,AUDJPY,up,0.95,1760020521.0024252,No significant market change detected.
prediction,AUDJPY,up,0.95,1760020521.336182,No significant market change detected.
prediction,AUDJPY,up,0.95,1760020521.696613,No significant market change detected.
prediction,AUDJPY,up,0.95,1760020522.0259862,No significant market change detected.
prediction,AUDJPY,up,0.95,1760020522.376,No significant market change detected.
prediction,AUDJPY,up,0.95,1760020522.7182112,No significant market change detected.
prediction,AUDJPY,up,0.95,1760020523.4218051,No significant market change detected.
prediction,AUDJPY,up,0.95,1760020523.7800405,No significant market change detected.
prediction,AUDJPY,up,0.95,1760020524.0917437,No significant market change detected.
prediction,AUDJPY,up,0.95,1760020524.7172728,No significant market change detected.
prediction,AUDJPY,up,0.95,1760020525.4287148,No significant market change detected.
prediction,AUDJPY,up,0.95,1760020525.6847265,No significant market change detected.
prediction,AUDJPY,up,0.95,1760020526.0177546,No significant market change detected.
prediction,AUDJPY,up,0.95,1760020526.3543494,No significant market change detected.
prediction,AUDJPY,up,0.95,1760020526.8753815,No significant market change detected.
prediction,AUDJPY,up,0.95,1760020527.2143197,No significant market change detected.
prediction,AUDJPY,up,0.95,1760020527.5656514,No significant market change detected.
prediction,AUDJPY,up,0.95,1760020528.2712018,No significant market change detected.
prediction,AUDJPY,up,0.95,1760020528.6278293,No significant market change detected.
prediction,AUDJPY,up,0.95,1760020529.5055428,No significant market change detected.
prediction,AUDJPY,up,0.95,1760020529.8752131,No significant market change detected.
prediction,AUDJPY,up,0.95,1760020531.0899067,No significant market change detected.
prediction,AUDJPY,up,0.95,1760020531.43338,No significant market change detected.
prediction,AUDJPY,up,0.95,1760020531.7724006,No significant market change detected.
prediction,AUDJPY,up,0.95,1760020532.11295,No significant market change detected.
prediction,AUDJPY,up,0.95,1760020532.4670131,No significant market change detected.
prediction,AUDJPY,up,0.95,1760020533.2838495,No significant market change detected.
prediction,AUDJPY,up,0.95,1760020533.690496,No significant market change detected.
prediction,AUDJPY,up,0.95,1760020534.3403227,No significant market change detected.
prediction,AUDJPY,up,0.95,1760020534.688461,No significant market change detected.
prediction,AUDJPY,up,0.95,1760020535.0220206,No significant market change detected.
prediction,AUDJPY,up,0.95,1760020535.360783,No significant market change detected.
prediction,AUDJPY,up,0.95,1760020536.4911425,No significant market change detected.
prediction,AUDJPY,up,0.95,1760020536.8353221,No significant market change detected.
prediction,AUDJPY,up,0.95,1760020537.1891167,No significant market change detected.
prediction,AUDJPY,up,0.95,1760020537.5193343,No significant market change detected.
prediction,AUDJPY,up,0.95,1760020538.111574,No significant market change detected.
prediction,AUDJPY,up,0.95,1760020538.857937,No significant market change detected.
prediction,AUDJPY,up,0.95,1760020539.2302926,No significant market change detected.
prediction,AUDJPY,up,0.95,1760020539.681876,No significant market change detected.
prediction,AUDJPY,up,0.95,1760020540.279969,No significant market change detected.
prediction,AUDJPY,up,0.95,1760020540.6151862,No significant market change detected.
prediction,AUDJPY,up,0.95,1760020540.9528394,No significant market change detected.
prediction,AUDJPY,up,0.95,1760020541.290796,No significant market change detected.
prediction,AUDJPY,up,0.95,1760020541.725279,No significant market change detected.
prediction,AUDJPY,up,0.95,1760020542.0744748,No significant market change detected.
prediction,AUDJPY,up,0.95,1760020542.4156976,No significant market change detected.
prediction,AUDJPY,up,0.95,1760020543.1303496,No significant market change detected.
prediction,AUDJPY,up,0.95,1760020543.473839,No significant market change detected.
prediction,AUDJPY,up,0.95,1760020543.829472,No significant market change detected.
prediction,AUDJPY,up,0.95,1760020544.1649075,No significant market change detected.
prediction,AUDJPY,up,0.95,1760020545.492152,No significant market change detected.
prediction,AUDJPY,up,0.95,1760020545.8985784,No significant market change detected.
prediction,AUDJPY,up,0.95,1760020546.4813583,No significant market change detected.
prediction,AUDJPY,up,0.95,1760020547.5149505,No significant market change detected.
prediction,AUDJPY,up,0.95,1760020549.290624,No significant market change detected.
prediction,AUDJPY,up,0.95,1760020549.637763,No significant market change detected.
