AUDJPY,down,0.95,1760028820.0923758,"### Analysis of AUDJPY

**Current Indicators:**
- **EMA Fast (100.54) > EMA Slow (100.51)**: This indicates a potential bullish trend, but given your strong bearish sentiment, this may be a lagging indicator.
- **RSI (41.13)**: Indicates that the asset is nearing oversold territory, which aligns with your bearish outlook but suggests caution against further declines.
- **MACD (0.03362)**: The positive value indicates a potential bullish momentum, but this is weak and does not contradict your bearish view.

### Suggested Action

1. **Short Position**: Given your confidence level of 0.95 in a downward movement, consider opening a short position in AUDJPY. Use a small lot size (e.g., 0.01) to manage risk due to current account balance constraints.

2. **Stop-Loss**: Set a stop-loss just above the recent swing high (around 100.55) to limit potential losses if the market moves against your position.

3. **Take-Profit**: Aim for a take-profit target at a support level, possibly around 100.30, to capitalize on the expected downward movement.

4. **Monitor Indicators**: Keep an eye on the RSI and MACD for any signs of reversal. If RSI approaches 30, consider closing the position or tightening the stop-loss.

### Risk Management
- Given your account balance of $0.32, ensure that your position size does not exceed your risk tolerance. With such a low balance, consider whether the potential profit justifies the risk of trading.

### Conclusion
Proceed with caution, as market conditions can change rapidly. Monitor your trade closely and be prepared to adjust your strategy as needed."
AUDJPY,down,0.95,1760028820.1671383,No significant market change detected.
AUDJPY,down,0.95,1760028820.234518,No significant market change detected.
AUDJPY,down,0.95,1760028820.303997,No significant market change detected.
AUDJPY,down,0.95,1760028820.378656,No significant market change detected.
AUDJPY,down,0.95,1760028820.4584076,No significant market change detected.
AUDJPY,down,0.95,1760028820.5320091,No significant market change detected.
AUDJPY,down,0.95,1760028820.6102042,No significant market change detected.
AUDJPY,down,0.95,1760028820.6816769,No significant market change detected.
AUDJPY,down,0.95,1760028820.7508972,No significant market change detected.
AUDJPY,down,0.95,1760028820.8411384,No significant market change detected.
AUDJPY,down,0.95,1760028820.912215,No significant market change detected.
AUDJPY,down,0.95,1760028820.9806886,No significant market change detected.
AUDJPY,down,0.95,1760028821.0573726,No significant market change detected.
AUDJPY,down,0.95,1760028821.1307504,No significant market change detected.
AUDJPY,down,0.95,1760028821.2013614,No significant market change detected.
AUDJPY,down,0.95,1760028821.2775981,No significant market change detected.
AUDJPY,down,0.95,1760028821.347805,No significant market change detected.
AUDJPY,down,0.95,1760028821.773989,No significant market change detected.
AUDJPY,down,0.95,1760028822.1515388,No significant market change detected.
AUDJPY,down,0.95,1760028822.9376311,No significant market change detected.
AUDJPY,down,0.95,1760028823.9165363,No significant market change detected.
AUDJPY,down,0.95,1760028824.276718,No significant market change detected.
AUDJPY,down,0.95,1760028824.6268973,No significant market change detected.
AUDJPY,down,0.95,1760028826.751059,No significant market change detected.
AUDJPY,down,0.95,1760028827.3487515,No significant market change detected.
AUDJPY,down,0.95,1760028828.1222744,No significant market change detected.
AUDJPY,down,0.95,1760028828.946115,No significant market change detected.
AUDJPY,down,0.95,1760028829.3453348,No significant market change detected.
AUDJPY,down,0.95,1760028830.1052032,No significant market change detected.
AUDJPY,down,0.95,1760028830.477349,No significant market change detected.
AUDJPY,down,0.95,1760028830.8290548,No significant market change detected.
AUDJPY,down,0.95,1760028832.7739072,No significant market change detected.
AUDJPY,down,0.95,1760028833.1200502,No significant market change detected.
AUDJPY,down,0.95,1760028833.4751441,No significant market change detected.
AUDJPY,down,0.95,1760028834.7712388,No significant market change detected.
AUDJPY,down,0.95,1760028835.1107547,No significant market change detected.
AUDJPY,down,0.95,1760028835.4788873,No significant market change detected.
AUDJPY,down,0.95,1760028835.8146455,No significant market change detected.
AUDJPY,down,0.95,1760028836.3167715,No significant market change detected.
AUDJPY,down,0.95,1760028837.0070207,No significant market change detected.
AUDJPY,down,0.95,1760028838.32288,No significant market change detected.
AUDJPY,down,0.95,1760028839.323077,No significant market change detected.
AUDJPY,down,0.95,1760028841.353558,No significant market change detected.
AUDJPY,down,0.95,1760028841.6873581,No significant market change detected.
AUDJPY,down,0.95,1760028842.0325103,No significant market change detected.
AUDJPY,down,0.95,1760028842.390286,No significant market change detected.
AUDJPY,down,0.95,1760028842.7636323,No significant market change detected.
AUDJPY,down,0.95,1760028843.3358958,No significant market change detected.
AUDJPY,down,0.95,1760028844.3291407,No significant market change detected.
AUDJPY,down,0.95,1760028844.7140887,No significant market change detected.
AUDJPY,down,0.95,1760028845.061474,No significant market change detected.
AUDJPY,down,0.95,1760028845.556046,No significant market change detected.
AUDJPY,down,0.95,1760028846.0099437,No significant market change detected.
AUDJPY,down,0.95,1760028846.3443112,No significant market change detected.
AUDJPY,down,0.95,1760028846.751689,No significant market change detected.
AUDJPY,down,0.95,1760028847.0807946,No significant market change detected.
AUDJPY,down,0.95,1760028847.4275253,No significant market change detected.
AUDJPY,down,0.95,1760028847.7799385,No significant market change detected.
AUDJPY,down,0.95,1760028848.1098692,No significant market change detected.
AUDJPY,down,0.95,1760028848.948857,No significant market change detected.
AUDJPY,down,0.95,1760028850.1256375,No significant market change detected.
AUDJPY,down,0.95,1760028850.6025221,No significant market change detected.
AUDJPY,down,0.95,1760028850.965069,No significant market change detected.
AUDJPY,down,0.95,1760028851.3182802,No significant market change detected.
AUDJPY,down,0.95,1760028851.7417142,No significant market change detected.
AUDJPY,down,0.95,1760028852.104874,No significant market change detected.
AUDJPY,down,0.95,1760028852.4131043,No significant market change detected.
AUDJPY,down,0.95,1760028852.771286,No significant market change detected.
AUDJPY,down,0.95,1760028853.3811586,No significant market change detected.
AUDJPY,down,0.95,1760028854.3534284,No significant market change detected.
AUDJPY,down,0.95,1760028856.559634,No significant market change detected.
AUDJPY,down,0.95,1760028856.8844657,No significant market change detected.
AUDJPY,down,0.95,1760028857.2488797,No significant market change detected.
AUDJPY,down,0.95,1760028857.6154318,No significant market change detected.
AUDJPY,down,0.95,1760028859.7659485,No significant market change detected.
AUDJPY,down,0.95,1760028860.1548014,No significant market change detected.
AUDJPY,down,0.95,1760028860.971217,No significant market change detected.
AUDJPY,down,0.95,1760028861.5778542,No significant market change detected.
AUDJPY,down,0.95,1760028861.9331112,No significant market change detected.
AUDJPY,down,0.95,1760028862.4397292,No significant market change detected.
AUDJPY,down,0.95,1760028862.6043222,No significant market change detected.
AUDJPY,down,0.95,1760028864.9741368,No significant market change detected.
AUDJPY,down,0.95,1760028865.3838367,No significant market change detected.
AUDJPY,down,0.95,1760028865.9918718,No significant market change detected.
AUDJPY,down,0.95,1760028866.3443882,No significant market change detected.
AUDJPY,down,0.95,1760028866.778309,No significant market change detected.
AUDJPY,down,0.95,1760028867.5328598,No significant market change detected.
AUDJPY,down,0.95,1760028868.138961,No significant market change detected.
AUDJPY,down,0.95,1760028870.968182,No significant market change detected.
AUDJPY,down,0.95,1760028871.3161583,No significant market change detected.
AUDJPY,down,0.95,1760028871.6688447,No significant market change detected.
AUDJPY,down,0.95,1760028872.5974677,No significant market change detected.
AUDJPY,down,0.95,1760028873.0014172,No significant market change detected.
AUDJPY,down,0.95,1760028873.976072,No significant market change detected.
AUDJPY,down,0.95,1760028874.5866058,No significant market change detected.
AUDJPY,down,0.95,1760028874.9299502,No significant market change detected.
AUDJPY,down,0.95,1760028876.9949462,No significant market change detected.
AUDJPY,down,0.95,1760028877.3483891,No significant market change detected.
AUDJPY,down,0.95,1760028879.5505087,No significant market change detected.
AUDJPY,down,0.95,1760028879.9705825,No significant market change detected.
AUDJPY,down,0.95,1760028880.9766324,No significant market change detected.
AUDJPY,down,0.95,1760028882.377257,No significant market change detected.
AUDJPY,down,0.95,1760028882.7706625,No significant market change detected.
AUDJPY,down,0.95,1760028883.1019082,No significant market change detected.
AUDJPY,down,0.95,1760028884.9992816,No significant market change detected.
AUDJPY,down,0.95,1760028885.3791082,No significant market change detected.
AUDJPY,down,0.95,1760028886.0024202,No significant market change detected.
AUDJPY,down,0.95,1760028886.7927113,No significant market change detected.
AUDJPY,down,0.95,1760028887.796961,No significant market change detected.
AUDJPY,down,0.95,1760028888.149585,No significant market change detected.
AUDJPY,down,0.95,1760028888.508878,No significant market change detected.
AUDJPY,down,0.95,1760028890.3895066,No significant market change detected.
AUDJPY,down,0.95,1760028890.7536285,No significant market change detected.
AUDJPY,down,0.95,1760028892.9922783,No significant market change detected.
AUDJPY,down,0.95,1760028893.3702374,No significant market change detected.
AUDJPY,down,0.95,1760028893.7942283,No significant market change detected.
AUDJPY,down,0.95,1760028894.1376266,No significant market change detected.
AUDJPY,down,0.95,1760028894.475696,No significant market change detected.
AUDJPY,down,0.95,1760028898.5683916,No significant market change detected.
AUDJPY,down,0.95,1760028898.918758,No significant market change detected.
AUDJPY,down,0.95,1760028899.2750413,No significant market change detected.
AUDJPY,down,0.95,1760028899.6145074,No significant market change detected.
AUDJPY,down,0.95,1760028899.9844825,No significant market change detected.
AUDJPY,down,0.95,1760028900.3963726,No significant market change detected.
AUDJPY,down,0.95,1760028901.0232618,No significant market change detected.
AUDJPY,down,0.95,1760028901.3814714,No significant market change detected.
AUDJPY,down,0.95,1760028901.7343643,No significant market change detected.
AUDJPY,down,0.95,1760028902.078974,No significant market change detected.
AUDJPY,down,0.95,1760028903.8144712,No significant market change detected.
AUDJPY,down,0.95,1760028904.1466856,No significant market change detected.
AUDJPY,down,0.95,1760028904.4973605,No significant market change detected.
AUDJPY,down,0.95,1760028909.3959522,No significant market change detected.
AUDJPY,down,0.95,1760028910.207307,No significant market change detected.
AUDJPY,down,0.95,1760028910.6164927,No significant market change detected.
AUDJPY,down,0.95,1760028910.9562566,No significant market change detected.
AUDJPY,down,0.95,1760028912.3906436,No significant market change detected.
AUDJPY,down,0.95,1760028913.018362,No significant market change detected.
AUDJPY,down,0.95,1760028915.1732988,No significant market change detected.
AUDJPY,down,0.95,1760028916.73707,No significant market change detected.
AUDJPY,down,0.95,1760028917.0179052,No significant market change detected.
AUDJPY,down,0.95,1760028917.4484105,No significant market change detected.
AUDJPY,down,0.95,1760028918.629921,No significant market change detected.
AUDJPY,down,0.95,1760028919.007403,No significant market change detected.
AUDJPY,down,0.95,1760028919.385845,No significant market change detected.
AUDJPY,down,0.95,1760028920.0276084,No significant market change detected.
AUDJPY,down,0.95,1760028921.239794,No significant market change detected.
AUDJPY,down,0.95,1760028921.6033204,No significant market change detected.
AUDJPY,down,0.95,1760028923.6725633,No significant market change detected.
AUDJPY,down,0.95,1760028923.796618,No significant market change detected.
AUDJPY,down,0.95,1760028923.9118419,No significant market change detected.
AUDJPY,down,0.95,1760028924.4375288,No significant market change detected.
AUDJPY,down,0.95,1760028924.78936,No significant market change detected.
AUDJPY,down,0.95,1760028925.1156723,No significant market change detected.
AUDJPY,down,0.95,1760028925.8235886,No significant market change detected.
AUDJPY,down,0.95,1760028926.4467568,No significant market change detected.
AUDJPY,down,0.95,1760028926.8152285,No significant market change detected.
AUDJPY,down,0.95,1760028927.6722848,No significant market change detected.
AUDJPY,down,0.95,1760028928.0308652,No significant market change detected.
AUDJPY,down,0.95,1760028929.4355595,No significant market change detected.
AUDJPY,down,0.95,1760028929.844267,No significant market change detected.
AUDJPY,down,0.95,1760028930.1506102,No significant market change detected.
AUDJPY,down,0.95,1760028930.672609,No significant market change detected.
AUDJPY,down,0.95,1760028931.0571082,No significant market change detected.
AUDJPY,down,0.95,1760028931.4360323,No significant market change detected.
AUDJPY,down,0.95,1760028939.8314402,No significant market change detected.
AUDJPY,down,0.95,1760028944.5246205,No significant market change detected.
AUDJPY,down,0.95,1760028945.63683,No significant market change detected.
AUDJPY,down,0.95,1760028946.6879609,No significant market change detected.
AUDJPY,down,0.95,1760028948.0228333,No significant market change detected.
AUDJPY,down,0.95,1760028948.4210098,No significant market change detected.
AUDJPY,down,0.95,1760028948.762905,No significant market change detected.
AUDJPY,down,0.95,1760028949.131658,No significant market change detected.
AUDJPY,down,0.95,1760028949.4759662,No significant market change detected.
AUDJPY,down,0.95,1760028951.2573533,No significant market change detected.
AUDJPY,down,0.95,1760028952.0321507,No significant market change detected.
AUDJPY,down,0.95,1760028952.5005453,No significant market change detected.
AUDJPY,down,0.95,1760028952.869343,No significant market change detected.
AUDJPY,down,0.95,1760028953.5159867,No significant market change detected.
AUDJPY,down,0.95,1760028954.1067307,No significant market change detected.
AUDJPY,down,0.95,1760028954.42567,No significant market change detected.
AUDJPY,down,0.95,1760028954.8054962,No significant market change detected.
AUDJPY,down,0.95,1760028955.1466327,No significant market change detected.
AUDJPY,down,0.95,1760028955.5424063,No significant market change detected.
AUDJPY,down,0.95,1760028955.9380438,No significant market change detected.
AUDJPY,down,0.95,1760028956.4896789,No significant market change detected.
AUDJPY,down,0.95,1760028956.837648,No significant market change detected.
AUDJPY,down,0.95,1760028957.5248764,No significant market change detected.
AUDJPY,down,0.95,1760028957.8483624,No significant market change detected.
AUDJPY,down,0.95,1760028958.2632196,No significant market change detected.
AUDJPY,down,0.95,1760028958.6014311,No significant market change detected.
AUDJPY,down,0.95,1760028959.0496259,No significant market change detected.
AUDJPY,down,0.95,1760028960.4901347,No significant market change detected.
AUDJPY,down,0.95,1760028961.8916698,No significant market change detected.
AUDJPY,down,0.95,1760028962.207919,No significant market change detected.
AUDJPY,down,0.95,1760028962.5675075,No significant market change detected.
AUDJPY,down,0.95,1760028962.924931,No significant market change detected.
AUDJPY,down,0.95,1760028964.579641,No significant market change detected.
AUDJPY,down,0.95,1760028964.9713833,No significant market change detected.
AUDJPY,down,0.95,1760028967.2299802,No significant market change detected.
AUDJPY,down,0.95,1760028967.624818,No significant market change detected.
AUDJPY,down,0.95,1760028970.6756723,No significant market change detected.
AUDJPY,down,0.95,1760028971.0715256,No significant market change detected.
AUDJPY,down,0.95,1760028973.8709474,No significant market change detected.
AUDJPY,down,0.95,1760028974.443927,No significant market change detected.
AUDJPY,down,0.95,1760028974.8688974,No significant market change detected.
AUDJPY,down,0.95,1760028976.0994005,No significant market change detected.
AUDJPY,down,0.95,1760028977.304842,No significant market change detected.
AUDJPY,down,0.95,1760028977.6790273,No significant market change detected.
AUDJPY,down,0.95,1760028978.6610563,No significant market change detected.
AUDJPY,down,0.95,1760028984.7069194,No significant market change detected.
AUDJPY,down,0.95,1760028985.037073,No significant market change detected.
AUDJPY,down,0.95,1760028985.7282486,No significant market change detected.
AUDJPY,down,0.95,1760028986.708521,No significant market change detected.
AUDJPY,down,0.95,1760028987.6547344,No significant market change detected.
AUDJPY,down,0.95,1760028989.5396008,No significant market change detected.
AUDJPY,down,0.95,1760029000.5045445,No significant market change detected.
AUDJPY,down,0.95,1760029000.898893,No significant market change detected.
AUDJPY,down,0.95,1760029009.0765665,No significant market change detected.
AUDJPY,down,0.95,1760029009.4119313,No significant market change detected.
AUDJPY,down,0.95,1760029009.760821,No significant market change detected.
AUDJPY,down,0.95,1760029010.101823,No significant market change detected.
AUDJPY,down,0.95,1760029010.4932818,No significant market change detected.
AUDJPY,down,0.95,1760029012.7344565,No significant market change detected.
AUDJPY,down,0.95,1760029013.1234276,No significant market change detected.
AUDJPY,down,0.95,1760029013.520551,No significant market change detected.
AUDJPY,down,0.95,1760029013.9338698,No significant market change detected.
AUDJPY,down,0.95,1760029014.2137487,No significant market change detected.
AUDJPY,down,0.95,1760029014.627548,No significant market change detected.
AUDJPY,down,0.95,1760029015.0770617,No significant market change detected.
AUDJPY,down,0.95,1760029018.1066718,No significant market change detected.
AUDJPY,down,0.95,1760029021.5550632,No significant market change detected.
AUDJPY,down,0.95,1760029021.9027581,No significant market change detected.
AUDJPY,down,0.95,1760029022.2257595,No significant market change detected.
AUDJPY,down,0.95,1760029022.6778574,No significant market change detected.
AUDJPY,down,0.95,1760029024.2566597,No significant market change detected.
AUDJPY,down,0.95,1760029025.2947054,No significant market change detected.
AUDJPY,down,0.95,1760029027.2394385,No significant market change detected.
AUDJPY,down,0.95,1760029028.4920962,No significant market change detected.
AUDJPY,down,0.95,1760029030.072098,No significant market change detected.
AUDJPY,down,0.95,1760029030.447216,No significant market change detected.
AUDJPY,down,0.95,1760029030.8281093,No significant market change detected.
AUDJPY,down,0.95,1760029031.6265357,No significant market change detected.
AUDJPY,down,0.95,1760029031.9270387,No significant market change detected.
AUDJPY,down,0.95,1760029034.7259572,No significant market change detected.
AUDJPY,down,0.95,1760029037.8688552,No significant market change detected.
AUDJPY,down,0.95,1760029039.8566551,No significant market change detected.
AUDJPY,down,0.95,1760029041.0691724,No significant market change detected.
AUDJPY,down,0.95,1760029041.4932203,No significant market change detected.
AUDJPY,down,0.95,1760029043.2465358,No significant market change detected.
AUDJPY,down,0.95,1760029043.9291718,No significant market change detected.
AUDJPY,down,0.95,1760029044.2605462,No significant market change detected.
AUDJPY,down,0.95,1760029044.6956089,No significant market change detected.
AUDJPY,down,0.95,1760029045.0042682,No significant market change detected.
AUDJPY,down,0.95,1760029047.9534426,No significant market change detected.
AUDJPY,down,0.95,1760029049.7509594,No significant market change detected.
AUDJPY,down,0.95,1760029050.1501849,No significant market change detected.
AUDJPY,down,0.95,1760029050.5519702,No significant market change detected.
AUDJPY,down,0.95,1760029054.6981788,No significant market change detected.
AUDJPY,down,0.95,1760029055.0654051,No significant market change detected.
AUDJPY,down,0.95,1760029055.8778713,No significant market change detected.
AUDJPY,down,0.95,1760029058.6997683,No significant market change detected.
AUDJPY,down,0.95,1760029059.0511022,No significant market change detected.
AUDJPY,down,0.95,1760029061.2765138,No significant market change detected.
AUDJPY,down,0.95,1760029061.7221591,No significant market change detected.
AUDJPY,down,0.95,1760029062.2707622,No significant market change detected.
AUDJPY,down,0.95,1760029062.7102098,No significant market change detected.
AUDJPY,down,0.95,1760029067.2730968,No significant market change detected.
AUDJPY,down,0.95,1760029067.7145755,No significant market change detected.
AUDJPY,down,0.95,1760029069.0912557,No significant market change detected.
AUDJPY,down,0.95,1760029069.4878783,No significant market change detected.
AUDJPY,down,0.95,1760029072.0689394,No significant market change detected.
AUDJPY,down,0.95,1760029072.7054505,No significant market change detected.
AUDJPY,down,0.95,1760029073.0652874,No significant market change detected.
AUDJPY,down,0.95,1760029073.6916828,No significant market change detected.
AUDJPY,down,0.95,1760029075.5265143,No significant market change detected.
AUDJPY,down,0.95,1760029076.6721141,No significant market change detected.
AUDJPY,down,0.95,1760029077.4839103,No significant market change detected.
AUDJPY,down,0.95,1760029077.868088,No significant market change detected.
AUDJPY,down,0.95,1760029078.231777,No significant market change detected.
AUDJPY,down,0.95,1760029078.5963256,No significant market change detected.
AUDJPY,down,0.95,1760029081.4697106,No significant market change detected.
AUDJPY,down,0.95,1760029081.8229997,No significant market change detected.
AUDJPY,down,0.95,1760029083.6355186,No significant market change detected.
AUDJPY,down,0.95,1760029084.4757342,No significant market change detected.
AUDJPY,down,0.95,1760029084.8364313,No significant market change detected.
AUDJPY,down,0.95,1760029085.2012002,No significant market change detected.
AUDJPY,down,0.95,1760029085.5626175,No significant market change detected.
AUDJPY,down,0.95,1760029085.9013312,No significant market change detected.
AUDJPY,down,0.95,1760029087.0902858,No significant market change detected.
AUDJPY,down,0.95,1760029087.4621348,No significant market change detected.
AUDJPY,down,0.95,1760029087.8372252,No significant market change detected.
AUDJPY,down,0.95,1760029088.899657,No significant market change detected.
AUDJPY,down,0.95,1760029089.2426338,No significant market change detected.
AUDJPY,down,0.95,1760029090.5201523,No significant market change detected.
AUDJPY,down,0.95,1760029095.072885,No significant market change detected.
AUDJPY,down,0.95,1760029096.084782,No significant market change detected.
AUDJPY,down,0.95,1760029097.081632,No significant market change detected.
AUDJPY,down,0.95,1760029098.077657,No significant market change detected.
AUDJPY,down,0.95,1760029098.958788,No significant market change detected.
AUDJPY,down,0.95,1760029100.2695398,No significant market change detected.
AUDJPY,down,0.95,1760029100.6232185,No significant market change detected.
AUDJPY,down,0.95,1760029100.992808,No significant market change detected.
AUDJPY,down,0.95,1760029101.3383417,No significant market change detected.
AUDJPY,down,0.95,1760029103.2762253,No significant market change detected.
AUDJPY,down,0.95,1760029103.646566,No significant market change detected.
AUDJPY,down,0.95,1760029104.165203,No significant market change detected.
AUDJPY,down,0.95,1760029105.2826636,No significant market change detected.
AUDJPY,down,0.95,1760029105.7704384,No significant market change detected.
AUDJPY,down,0.95,1760029106.5665948,No significant market change detected.
AUDJPY,down,0.95,1760029108.762885,No significant market change detected.
AUDJPY,down,0.95,1760029122.4839778,"### Analysis of AUDJPY

- **Trend Direction**: Down (0.95 confidence)
- **EMA Analysis**: The fast EMA (100.52726) is above the slow EMA (100.4997), indicating a potential bearish crossover soon.
- **RSI**: At 39.14, the RSI suggests the asset is nearing oversold conditions, which may precede a downward movement.
- **MACD**: The MACD value of 0.02756 indicates a weak bullish momentum, but it is still below zero, supporting the bearish view.

### Position History
Your recent trades show no active positions, with all trades closed at breakeven, indicating a cautious approach.

### Suggested Action
1. **Trade Execution**: Consider entering a short position on AUDJPY given the strong confidence in a downward movement.
2. **Position Size**: Due to the low account balance ($0.32), limit your position size to 0.01 lots to manage risk effectively.
3. **Stop Loss**: Set a stop loss above the recent high (e.g., around 100.55) to limit potential losses.
4. **Take Profit**: Target a take profit at a key support level (e.g., around 100.30) to secure gains.

### Summary
Given the technical indicators and your confidence level, a short position on AUDJPY is advisable with appropriate risk management strategies in place."
AUDJPY,down,0.95,1760029122.566538,No significant market change detected.
AUDJPY,down,0.95,1760029122.6333349,No significant market change detected.
AUDJPY,down,0.95,1760029122.7019,No significant market change detected.
AUDJPY,down,0.95,1760029122.7767649,No significant market change detected.
AUDJPY,down,0.95,1760029122.852899,No significant market change detected.
AUDJPY,down,0.95,1760029126.9254534,No significant market change detected.
AUDJPY,down,0.95,1760029129.5209968,No significant market change detected.
AUDJPY,down,0.95,1760029129.876838,No significant market change detected.
AUDJPY,down,0.95,1760029130.3528955,No significant market change detected.
AUDJPY,down,0.95,1760029132.1135497,No significant market change detected.
AUDJPY,down,0.95,1760029136.5367813,No significant market change detected.
AUDJPY,down,0.95,1760029137.322341,No significant market change detected.
AUDJPY,down,0.95,1760029137.7019827,No significant market change detected.
AUDJPY,down,0.95,1760029138.0660384,No significant market change detected.
AUDJPY,down,0.95,1760029138.5317738,No significant market change detected.
AUDJPY,down,0.95,1760029138.8968573,No significant market change detected.
AUDJPY,down,0.95,1760029139.253115,No significant market change detected.
AUDJPY,down,0.95,1760029139.616318,No significant market change detected.
AUDJPY,down,0.95,1760029139.9601018,No significant market change detected.
AUDJPY,down,0.95,1760029140.3426218,No significant market change detected.
AUDJPY,down,0.95,1760029140.738344,No significant market change detected.
AUDJPY,down,0.95,1760029141.057501,No significant market change detected.
AUDJPY,down,0.95,1760029141.4187255,No significant market change detected.
AUDJPY,down,0.95,1760029141.7699382,No significant market change detected.
AUDJPY,down,0.95,1760029142.532055,No significant market change detected.
AUDJPY,down,0.95,1760029142.8751621,No significant market change detected.
AUDJPY,down,0.95,1760029143.245866,No significant market change detected.
AUDJPY,down,0.95,1760029143.9619823,No significant market change detected.
AUDJPY,down,0.95,1760029144.288089,No significant market change detected.
AUDJPY,down,0.95,1760029146.1038861,No significant market change detected.
AUDJPY,down,0.95,1760029148.1087008,No significant market change detected.
AUDJPY,down,0.95,1760029149.2914824,No significant market change detected.
AUDJPY,down,0.95,1760029151.754489,No significant market change detected.
AUDJPY,down,0.95,1760029155.3241975,No significant market change detected.
AUDJPY,down,0.95,1760029155.6926258,No significant market change detected.
AUDJPY,down,0.95,1760029156.0742662,No significant market change detected.
AUDJPY,down,0.95,1760029156.4105446,No significant market change detected.
AUDJPY,down,0.95,1760029158.5960019,No significant market change detected.
AUDJPY,down,0.95,1760029159.1583962,No significant market change detected.
AUDJPY,down,0.95,1760029166.4446106,No significant market change detected.
AUDJPY,down,0.95,1760029166.8019009,No significant market change detected.
AUDJPY,down,0.95,1760029168.762135,No significant market change detected.
AUDJPY,down,0.95,1760029170.5290618,No significant market change detected.
AUDJPY,down,0.95,1760029170.9092672,No significant market change detected.
AUDJPY,down,0.95,1760029171.2327964,No significant market change detected.
AUDJPY,down,0.95,1760029171.5739238,No significant market change detected.
AUDJPY,down,0.95,1760029177.790886,No significant market change detected.
AUDJPY,down,0.95,1760029179.2337801,No significant market change detected.
AUDJPY,down,0.95,1760029181.1050882,No significant market change detected.
AUDJPY,down,0.95,1760029182.102304,No significant market change detected.
AUDJPY,down,0.95,1760029183.3213878,No significant market change detected.
AUDJPY,down,0.95,1760029189.1577642,No significant market change detected.
AUDJPY,down,0.95,1760029189.5654612,No significant market change detected.
AUDJPY,down,0.95,1760029189.9047625,No significant market change detected.
AUDJPY,down,0.95,1760029190.2391539,No significant market change detected.
AUDJPY,down,0.95,1760029191.324461,No significant market change detected.
AUDJPY,down,0.95,1760029194.457653,No significant market change detected.
AUDJPY,down,0.95,1760029194.7439923,No significant market change detected.
AUDJPY,down,0.95,1760029195.5671158,No significant market change detected.
AUDJPY,down,0.95,1760029199.9523852,No significant market change detected.
AUDJPY,down,0.95,1760029200.3230677,No significant market change detected.
AUDJPY,down,0.95,1760029200.6928272,No significant market change detected.
AUDJPY,down,0.95,1760029201.0603478,No significant market change detected.
AUDJPY,down,0.95,1760029203.3528636,No significant market change detected.
AUDJPY,down,0.95,1760029203.8291807,No significant market change detected.
AUDJPY,down,0.95,1760029204.1689456,No significant market change detected.
AUDJPY,down,0.95,1760029204.5467646,No significant market change detected.
AUDJPY,down,0.95,1760029204.8901742,No significant market change detected.
AUDJPY,down,0.95,1760029206.1718192,No significant market change detected.
AUDJPY,down,0.95,1760029206.6444578,No significant market change detected.
AUDJPY,down,0.95,1760029209.0183187,No significant market change detected.
AUDJPY,down,0.95,1760029209.322992,No significant market change detected.
AUDJPY,down,0.95,1760029210.6517987,No significant market change detected.
AUDJPY,down,0.95,1760029216.550756,No significant market change detected.
AUDJPY,down,0.95,1760029216.9595702,No significant market change detected.
AUDJPY,down,0.95,1760029217.7335446,No significant market change detected.
AUDJPY,down,0.95,1760029219.0055826,No significant market change detected.
AUDJPY,down,0.95,1760029220.3571386,No significant market change detected.
AUDJPY,down,0.95,1760029220.688306,No significant market change detected.
AUDJPY,down,0.95,1760029221.0285876,No significant market change detected.
AUDJPY,down,0.95,1760029221.5665605,No significant market change detected.
AUDJPY,down,0.95,1760029222.3394022,No significant market change detected.
AUDJPY,down,0.95,1760029223.1206496,No significant market change detected.
AUDJPY,down,0.95,1760029223.9585009,No significant market change detected.
AUDJPY,down,0.95,1760029224.382533,No significant market change detected.
AUDJPY,down,0.95,1760029224.7181036,No significant market change detected.
AUDJPY,down,0.95,1760029225.7324038,No significant market change detected.
AUDJPY,down,0.95,1760029226.076444,No significant market change detected.
AUDJPY,down,0.95,1760029226.4227006,No significant market change detected.
AUDJPY,down,0.95,1760029226.7576065,No significant market change detected.
AUDJPY,down,0.95,1760029227.168847,No significant market change detected.
AUDJPY,down,0.95,1760029227.509962,No significant market change detected.
AUDJPY,down,0.95,1760029227.943766,No significant market change detected.
AUDJPY,down,0.95,1760029228.3407888,No significant market change detected.
AUDJPY,down,0.95,1760029229.5427139,No significant market change detected.
AUDJPY,down,0.95,1760029230.1584148,No significant market change detected.
AUDJPY,down,0.95,1760029230.5154984,No significant market change detected.
AUDJPY,down,0.95,1760029230.8522234,No significant market change detected.
AUDJPY,down,0.95,1760029231.754427,No significant market change detected.
AUDJPY,down,0.95,1760029232.1560526,No significant market change detected.
AUDJPY,down,0.95,1760029232.6270423,No significant market change detected.
AUDJPY,down,0.95,1760029233.738257,No significant market change detected.
AUDJPY,down,0.95,1760029234.5649588,No significant market change detected.
AUDJPY,down,0.95,1760029234.9231324,No significant market change detected.
AUDJPY,down,0.95,1760029235.366929,No significant market change detected.
AUDJPY,down,0.95,1760029235.9432194,No significant market change detected.
AUDJPY,down,0.95,1760029236.376929,No significant market change detected.
AUDJPY,down,0.95,1760029237.9333172,No significant market change detected.
AUDJPY,down,0.95,1760029238.3453608,No significant market change detected.
AUDJPY,down,0.95,1760029238.6858332,No significant market change detected.
AUDJPY,down,0.95,1760029239.335585,No significant market change detected.
AUDJPY,down,0.95,1760029240.357943,No significant market change detected.
AUDJPY,down,0.95,1760029240.704174,No significant market change detected.
AUDJPY,down,0.95,1760029241.0405138,No significant market change detected.
AUDJPY,down,0.95,1760029241.4130259,No significant market change detected.
AUDJPY,down,0.95,1760029241.9529207,No significant market change detected.
AUDJPY,down,0.95,1760029242.3807895,No significant market change detected.
AUDJPY,down,0.95,1760029242.7087154,No significant market change detected.
AUDJPY,down,0.95,1760029243.0655122,No significant market change detected.
AUDJPY,down,0.95,1760029243.3981082,No significant market change detected.
AUDJPY,down,0.95,1760029245.4653711,No significant market change detected.
AUDJPY,down,0.95,1760029245.7773123,No significant market change detected.
AUDJPY,down,0.95,1760029246.1206436,No significant market change detected.
AUDJPY,down,0.95,1760029246.4476495,No significant market change detected.
AUDJPY,down,0.95,1760029247.3782613,No significant market change detected.
AUDJPY,down,0.95,1760029248.5660539,No significant market change detected.
AUDJPY,down,0.95,1760029249.116444,No significant market change detected.
AUDJPY,down,0.95,1760029249.4200246,No significant market change detected.
AUDJPY,down,0.95,1760029250.791953,No significant market change detected.
AUDJPY,down,0.95,1760029251.1299484,No significant market change detected.
AUDJPY,down,0.95,1760029251.460438,No significant market change detected.
AUDJPY,down,0.95,1760029252.5476193,No significant market change detected.
AUDJPY,down,0.95,1760029252.8579907,No significant market change detected.
AUDJPY,down,0.95,1760029253.1913981,No significant market change detected.
AUDJPY,down,0.95,1760029253.7569427,No significant market change detected.
AUDJPY,down,0.95,1760029254.1004012,No significant market change detected.
AUDJPY,down,0.95,1760029254.4355595,No significant market change detected.
AUDJPY,down,0.95,1760029254.779099,No significant market change detected.
AUDJPY,down,0.95,1760029255.1407418,No significant market change detected.
AUDJPY,down,0.95,1760029255.4773262,No significant market change detected.
AUDJPY,down,0.95,1760029255.8163548,No significant market change detected.
AUDJPY,down,0.95,1760029256.144437,No significant market change detected.
AUDJPY,down,0.95,1760029256.4867897,No significant market change detected.
AUDJPY,down,0.95,1760029256.8265276,No significant market change detected.
AUDJPY,down,0.95,1760029257.159535,No significant market change detected.
AUDJPY,down,0.95,1760029257.5395112,No significant market change detected.
AUDJPY,down,0.95,1760029257.9075701,No significant market change detected.
AUDJPY,down,0.95,1760029258.2296925,No significant market change detected.
AUDJPY,down,0.95,1760029259.0138953,No significant market change detected.
AUDJPY,down,0.95,1760029259.3583314,No significant market change detected.
AUDJPY,down,0.95,1760029259.69963,No significant market change detected.
AUDJPY,down,0.95,1760029260.219675,No significant market change detected.
AUDJPY,down,0.95,1760029260.8112888,No significant market change detected.
AUDJPY,down,0.95,1760029261.146931,No significant market change detected.
AUDJPY,down,0.95,1760029261.4921641,No significant market change detected.
AUDJPY,down,0.95,1760029262.1730504,No significant market change detected.
AUDJPY,down,0.95,1760029262.861245,No significant market change detected.
AUDJPY,down,0.95,1760029263.0403335,No significant market change detected.
AUDJPY,down,0.95,1760029263.686278,No significant market change detected.
AUDJPY,down,0.95,1760029264.9750009,No significant market change detected.
AUDJPY,down,0.95,1760029265.313864,No significant market change detected.
AUDJPY,down,0.95,1760029265.7359443,No significant market change detected.
AUDJPY,down,0.95,1760029266.114703,No significant market change detected.
AUDJPY,down,0.95,1760029266.707281,No significant market change detected.
AUDJPY,down,0.95,1760029266.9959285,No significant market change detected.
AUDJPY,down,0.95,1760029267.321891,No significant market change detected.
AUDJPY,down,0.95,1760029267.802447,No significant market change detected.
AUDJPY,down,0.95,1760029322.5307648,"### Analysis and Reasoning for AUDJPY Trade

1. **Trend Direction**: You have a strong confidence level (0.95) indicating a bearish sentiment for AUDJPY. This suggests a high likelihood that the price will decline.

2. **Technical Indicators**:
   - **EMA**: The fast EMA (100.47567) is slightly below the slow EMA (100.47694), indicating a potential downward trend.
   - **RSI**: At 39.44509, the RSI is below 40, suggesting that the pair is approaching oversold conditions, which may lead to a reversal, but given the high confidence in the downward direction, this may not be immediate.
   - **MACD**: The MACD value of -0.00127 is negative, reinforcing the bearish outlook.

3. **Position History**: Your recent trading history shows no active positions, implying you have the capacity to enter a new trade without over-leveraging.

4. **Account Status**: With an account balance of only $0.32, it is crucial to manage risk carefully. Ensure that any trade does not exceed your available margin.

### Suggested Action

- **Trade Entry**: Consider entering a **short position** on AUDJPY. Given the current indicators and high confidence level, a small lot size (0.01) may be appropriate to limit risk.
  
- **Stop-Loss**: Set a stop-loss just above the recent high (e.g., around 100.48) to protect against adverse movements.

- **Take-Profit**: Target a take-profit level that reflects a reasonable risk-reward ratio, potentially near the next support level or a price point around 100.45.

### Summary

- **Action**: Short AUDJPY with a small lot size (0.01).
- **Stop-Loss**: Above 100.48.
- **Take-Profit**: Near 100.45.

Monitor the trade closely, given the limited account balance, and be prepared to adjust based on market conditions."
AUDJPY,down,0.95,1760029322.6587102,No significant market change detected.
AUDJPY,down,0.95,1760029322.7669976,No significant market change detected.
AUDJPY,down,0.95,1760029322.8589098,No significant market change detected.
AUDJPY,down,0.95,1760029322.948498,No significant market change detected.
AUDJPY,down,0.95,1760029323.0459151,No significant market change detected.
AUDJPY,down,0.95,1760029323.1494296,No significant market change detected.
AUDJPY,down,0.95,1760029323.2468648,No significant market change detected.
AUDJPY,down,0.95,1760029323.3665705,No significant market change detected.
AUDJPY,down,0.95,1760029323.4556568,No significant market change detected.
AUDJPY,down,0.95,1760029323.5525284,No significant market change detected.
AUDJPY,down,0.95,1760029323.6546519,No significant market change detected.
AUDJPY,down,0.95,1760029323.7704701,No significant market change detected.
AUDJPY,down,0.95,1760029323.8702965,No significant market change detected.
AUDJPY,down,0.95,1760029323.9756918,No significant market change detected.
AUDJPY,down,0.95,1760029324.077764,No significant market change detected.
AUDJPY,down,0.95,1760029324.1802762,No significant market change detected.
AUDJPY,down,0.95,1760029324.2758665,No significant market change detected.
AUDJPY,down,0.95,1760029324.3850706,No significant market change detected.
AUDJPY,down,0.95,1760029324.4850616,No significant market change detected.
AUDJPY,down,0.95,1760029324.5924308,No significant market change detected.
AUDJPY,down,0.95,1760029324.6854312,No significant market change detected.
AUDJPY,down,0.95,1760029324.8118732,No significant market change detected.
AUDJPY,down,0.95,1760029324.9254315,No significant market change detected.
AUDJPY,down,0.95,1760029325.0387442,No significant market change detected.
AUDJPY,down,0.95,1760029325.133859,No significant market change detected.
AUDJPY,down,0.95,1760029325.2377436,No significant market change detected.
AUDJPY,down,0.95,1760029325.3309445,No significant market change detected.
AUDJPY,down,0.95,1760029325.4241157,No significant market change detected.
AUDJPY,down,0.95,1760029325.5146875,No significant market change detected.
AUDJPY,down,0.95,1760029325.6127229,No significant market change detected.
AUDJPY,down,0.95,1760029325.7100766,No significant market change detected.
AUDJPY,down,0.95,1760029325.805515,No significant market change detected.
AUDJPY,down,0.95,1760029325.899239,No significant market change detected.
AUDJPY,down,0.95,1760029325.985777,No significant market change detected.
AUDJPY,down,0.95,1760029326.0808735,No significant market change detected.
AUDJPY,down,0.95,1760029326.167519,No significant market change detected.
AUDJPY,down,0.95,1760029326.2577696,No significant market change detected.
AUDJPY,down,0.95,1760029326.3573532,No significant market change detected.
AUDJPY,down,0.95,1760029326.4422464,No significant market change detected.
AUDJPY,down,0.95,1760029326.5349412,No significant market change detected.
AUDJPY,down,0.95,1760029326.629925,No significant market change detected.
AUDJPY,down,0.95,1760029326.7291594,No significant market change detected.
AUDJPY,down,0.95,1760029326.818672,No significant market change detected.
AUDJPY,down,0.95,1760029326.9215875,No significant market change detected.
AUDJPY,down,0.95,1760029327.0231972,No significant market change detected.
AUDJPY,down,0.95,1760029327.1283014,No significant market change detected.
AUDJPY,down,0.95,1760029327.2363822,No significant market change detected.
AUDJPY,down,0.95,1760029327.3491876,No significant market change detected.
AUDJPY,down,0.95,1760029327.514611,No significant market change detected.
AUDJPY,down,0.95,1760029327.6033576,No significant market change detected.
AUDJPY,down,0.95,1760029327.6985824,No significant market change detected.
AUDJPY,down,0.95,1760029327.8042223,No significant market change detected.
AUDJPY,down,0.95,1760029327.914952,No significant market change detected.
AUDJPY,down,0.95,1760029328.0116446,No significant market change detected.
AUDJPY,down,0.95,1760029328.1096013,No significant market change detected.
AUDJPY,down,0.95,1760029328.2322564,No significant market change detected.
AUDJPY,down,0.95,1760029328.334628,No significant market change detected.
AUDJPY,down,0.95,1760029328.4312532,No significant market change detected.
AUDJPY,down,0.95,1760029328.526865,No significant market change detected.
AUDJPY,down,0.95,1760029328.6176977,No significant market change detected.
AUDJPY,down,0.95,1760029328.715706,No significant market change detected.
AUDJPY,down,0.95,1760029328.8264909,No significant market change detected.
AUDJPY,down,0.95,1760029328.9298382,No significant market change detected.
AUDJPY,down,0.95,1760029329.0382612,No significant market change detected.
AUDJPY,down,0.95,1760029329.1361217,No significant market change detected.
AUDJPY,down,0.95,1760029329.2402697,No significant market change detected.
AUDJPY,down,0.95,1760029329.3555236,No significant market change detected.
AUDJPY,down,0.95,1760029329.444103,No significant market change detected.
AUDJPY,down,0.95,1760029329.5468626,No significant market change detected.
AUDJPY,down,0.95,1760029329.6393762,No significant market change detected.
AUDJPY,down,0.95,1760029329.7535536,No significant market change detected.
AUDJPY,down,0.95,1760029329.8513358,No significant market change detected.
AUDJPY,down,0.95,1760029329.9525685,No significant market change detected.
AUDJPY,down,0.95,1760029330.055694,No significant market change detected.
AUDJPY,down,0.95,1760029330.166633,No significant market change detected.
AUDJPY,down,0.95,1760029330.2566545,No significant market change detected.
AUDJPY,down,0.95,1760029330.3503947,No significant market change detected.
AUDJPY,down,0.95,1760029330.6415324,No significant market change detected.
AUDJPY,down,0.95,1760029330.7381415,No significant market change detected.
AUDJPY,down,0.95,1760029331.068928,No significant market change detected.
AUDJPY,down,0.95,1760029331.212326,No significant market change detected.
AUDJPY,down,0.95,1760029331.841486,No significant market change detected.
AUDJPY,down,0.95,1760029332.232006,No significant market change detected.
AUDJPY,down,0.95,1760029332.557614,No significant market change detected.
AUDJPY,down,0.95,1760029333.0974078,No significant market change detected.
AUDJPY,down,0.95,1760029333.4161093,No significant market change detected.
AUDJPY,down,0.95,1760029333.8143709,No significant market change detected.
AUDJPY,down,0.95,1760029334.1770403,No significant market change detected.
AUDJPY,down,0.95,1760029335.5278525,No significant market change detected.
AUDJPY,down,0.95,1760029336.8082268,No significant market change detected.
AUDJPY,down,0.95,1760029337.5722213,No significant market change detected.
AUDJPY,down,0.95,1760029338.024345,No significant market change detected.
AUDJPY,down,0.95,1760029338.3927689,No significant market change detected.
AUDJPY,down,0.95,1760029338.8043618,No significant market change detected.
AUDJPY,down,0.95,1760029339.1497014,No significant market change detected.
AUDJPY,down,0.95,1760029339.5076118,No significant market change detected.
AUDJPY,down,0.95,1760029341.0360892,No significant market change detected.
AUDJPY,down,0.95,1760029341.3837883,No significant market change detected.
AUDJPY,down,0.95,1760029341.7365382,No significant market change detected.
AUDJPY,down,0.95,1760029342.097004,No significant market change detected.
AUDJPY,down,0.95,1760029342.4423418,No significant market change detected.
AUDJPY,down,0.95,1760029342.8143797,No significant market change detected.
AUDJPY,down,0.95,1760029344.013082,No significant market change detected.
AUDJPY,down,0.95,1760029344.3957822,No significant market change detected.
AUDJPY,down,0.95,1760029344.8007905,No significant market change detected.
AUDJPY,down,0.95,1760029345.5975163,No significant market change detected.
AUDJPY,down,0.95,1760029346.0266259,No significant market change detected.
AUDJPY,down,0.95,1760029346.6023014,No significant market change detected.
AUDJPY,down,0.95,1760029346.9673836,No significant market change detected.
AUDJPY,down,0.95,1760029347.5984976,No significant market change detected.
AUDJPY,down,0.95,1760029347.9726994,No significant market change detected.
AUDJPY,down,0.95,1760029348.3359191,No significant market change detected.
AUDJPY,down,0.95,1760029349.3948054,No significant market change detected.
AUDJPY,down,0.95,1760029350.750973,No significant market change detected.
AUDJPY,down,0.95,1760029351.0837214,No significant market change detected.
AUDJPY,down,0.95,1760029351.429127,No significant market change detected.
AUDJPY,down,0.95,1760029351.8105974,No significant market change detected.
AUDJPY,down,0.95,1760029352.6351516,No significant market change detected.
AUDJPY,down,0.95,1760029352.9696376,No significant market change detected.
AUDJPY,down,0.95,1760029353.3158066,No significant market change detected.
AUDJPY,down,0.95,1760029353.651482,No significant market change detected.
AUDJPY,down,0.95,1760029354.4553874,No significant market change detected.
AUDJPY,down,0.95,1760029354.8145719,No significant market change detected.
AUDJPY,down,0.95,1760029355.1775856,No significant market change detected.
AUDJPY,down,0.95,1760029355.5333247,No significant market change detected.
AUDJPY,down,0.95,1760029355.9045928,No significant market change detected.
AUDJPY,down,0.95,1760029356.2417016,No significant market change detected.
AUDJPY,down,0.95,1760029356.5863445,No significant market change detected.
AUDJPY,down,0.95,1760029356.9548204,No significant market change detected.
AUDJPY,down,0.95,1760029357.3000472,No significant market change detected.
AUDJPY,down,0.95,1760029359.7128704,No significant market change detected.
AUDJPY,down,0.95,1760029360.1938484,No significant market change detected.
AUDJPY,down,0.95,1760029360.5375237,No significant market change detected.
AUDJPY,down,0.95,1760029360.8865073,No significant market change detected.
AUDJPY,down,0.95,1760029361.589049,No significant market change detected.
AUDJPY,down,0.95,1760029361.9926155,No significant market change detected.
AUDJPY,down,0.95,1760029362.3974206,No significant market change detected.
AUDJPY,down,0.95,1760029362.7601478,No significant market change detected.
AUDJPY,down,0.95,1760029363.111468,No significant market change detected.
AUDJPY,down,0.95,1760029364.0232897,No significant market change detected.
AUDJPY,down,0.95,1760029364.430254,No significant market change detected.
AUDJPY,down,0.95,1760029364.7971816,No significant market change detected.
AUDJPY,down,0.95,1760029365.1386375,No significant market change detected.
AUDJPY,down,0.95,1760029365.434425,No significant market change detected.
AUDJPY,down,0.95,1760029365.828015,No significant market change detected.
AUDJPY,down,0.95,1760029367.6186798,No significant market change detected.
AUDJPY,down,0.95,1760029367.9804363,No significant market change detected.
AUDJPY,down,0.95,1760029370.4333012,No significant market change detected.
AUDJPY,down,0.95,1760029370.787475,No significant market change detected.
AUDJPY,down,0.95,1760029371.1830688,No significant market change detected.
AUDJPY,down,0.95,1760029371.5225637,No significant market change detected.
AUDJPY,down,0.95,1760029373.8506782,No significant market change detected.
AUDJPY,down,0.95,1760029374.2009497,No significant market change detected.
AUDJPY,down,0.95,1760029374.5815058,No significant market change detected.
AUDJPY,down,0.95,1760029374.9408553,No significant market change detected.
AUDJPY,down,0.95,1760029375.4168093,No significant market change detected.
AUDJPY,down,0.95,1760029375.764774,No significant market change detected.
AUDJPY,down,0.95,1760029376.1353366,No significant market change detected.
AUDJPY,down,0.95,1760029376.4758792,No significant market change detected.
AUDJPY,down,0.95,1760029376.8639443,No significant market change detected.
AUDJPY,down,0.95,1760029377.2331712,No significant market change detected.
AUDJPY,down,0.95,1760029377.5842228,No significant market change detected.
AUDJPY,down,0.95,1760029378.0085788,No significant market change detected.
AUDJPY,down,0.95,1760029378.2967358,No significant market change detected.
AUDJPY,down,0.95,1760029378.634483,No significant market change detected.
AUDJPY,down,0.95,1760029379.0492852,No significant market change detected.
AUDJPY,down,0.95,1760029379.6528826,No significant market change detected.
AUDJPY,down,0.95,1760029380.242302,No significant market change detected.
AUDJPY,down,0.95,1760029380.5800583,No significant market change detected.
AUDJPY,down,0.95,1760029380.923664,No significant market change detected.
AUDJPY,down,0.95,1760029381.3277256,No significant market change detected.
AUDJPY,down,0.95,1760029381.6577966,No significant market change detected.
AUDJPY,down,0.95,1760029382.027754,No significant market change detected.
AUDJPY,down,0.95,1760029382.671519,No significant market change detected.
AUDJPY,down,0.95,1760029383.037956,No significant market change detected.
AUDJPY,down,0.95,1760029383.4191306,No significant market change detected.
AUDJPY,down,0.95,1760029384.457905,No significant market change detected.
AUDJPY,down,0.95,1760029385.2495952,No significant market change detected.
AUDJPY,down,0.95,1760029385.6271608,No significant market change detected.
AUDJPY,down,0.95,1760029386.8714485,No significant market change detected.
AUDJPY,down,0.95,1760029387.2645826,No significant market change detected.
AUDJPY,down,0.95,1760029387.5902085,No significant market change detected.
AUDJPY,down,0.95,1760029387.9861603,No significant market change detected.
AUDJPY,down,0.95,1760029388.3655088,No significant market change detected.
AUDJPY,down,0.95,1760029388.8988662,No significant market change detected.
AUDJPY,down,0.95,1760029390.3022788,No significant market change detected.
AUDJPY,down,0.95,1760029390.6288013,No significant market change detected.
AUDJPY,down,0.95,1760029391.0176716,No significant market change detected.
AUDJPY,down,0.95,1760029391.3888013,No significant market change detected.
AUDJPY,down,0.95,1760029391.6632745,No significant market change detected.
AUDJPY,down,0.95,1760029391.9953804,No significant market change detected.
AUDJPY,down,0.95,1760029392.395095,No significant market change detected.
AUDJPY,down,0.95,1760029392.6956027,No significant market change detected.
AUDJPY,down,0.95,1760029393.099948,No significant market change detected.
AUDJPY,down,0.95,1760029393.389375,No significant market change detected.
AUDJPY,down,0.95,1760029393.745992,No significant market change detected.
AUDJPY,down,0.95,1760029394.0966651,No significant market change detected.
AUDJPY,down,0.95,1760029394.4438677,No significant market change detected.
AUDJPY,down,0.95,1760029394.8704226,No significant market change detected.
AUDJPY,down,0.95,1760029395.2256918,No significant market change detected.
AUDJPY,down,0.95,1760029396.0711174,No significant market change detected.
AUDJPY,down,0.95,1760029396.838377,No significant market change detected.
AUDJPY,down,0.95,1760029397.164475,No significant market change detected.
AUDJPY,down,0.95,1760029398.0283093,No significant market change detected.
AUDJPY,down,0.95,1760029399.6496344,No significant market change detected.
AUDJPY,down,0.95,1760029400.0470383,No significant market change detected.
AUDJPY,down,0.95,1760029400.382978,No significant market change detected.
AUDJPY,down,0.95,1760029401.161758,No significant market change detected.
AUDJPY,down,0.95,1760029401.5757422,No significant market change detected.
AUDJPY,down,0.95,1760029402.62233,No significant market change detected.
AUDJPY,down,0.95,1760029402.999945,No significant market change detected.
AUDJPY,down,0.95,1760029403.3484647,No significant market change detected.
AUDJPY,down,0.95,1760029405.0008209,No significant market change detected.
AUDJPY,down,0.95,1760029406.2429836,No significant market change detected.
AUDJPY,down,0.95,1760029406.6053622,No significant market change detected.
AUDJPY,down,0.95,1760029406.9383302,No significant market change detected.
AUDJPY,down,0.95,1760029407.276403,No significant market change detected.
AUDJPY,down,0.95,1760029407.6116784,No significant market change detected.
AUDJPY,down,0.95,1760029408.4243836,No significant market change detected.
AUDJPY,down,0.95,1760029408.8167517,No significant market change detected.
AUDJPY,down,0.95,1760029409.1712632,No significant market change detected.
AUDJPY,down,0.95,1760029409.517498,No significant market change detected.
AUDJPY,down,0.95,1760029409.8742762,No significant market change detected.
AUDJPY,down,0.95,1760029410.2053225,No significant market change detected.
AUDJPY,down,0.95,1760029410.5876412,No significant market change detected.
AUDJPY,down,0.95,1760029410.9012837,No significant market change detected.
AUDJPY,down,0.95,1760029411.4003751,No significant market change detected.
AUDJPY,down,0.95,1760029411.7488103,No significant market change detected.
AUDJPY,down,0.95,1760029412.0713212,No significant market change detected.
AUDJPY,down,0.95,1760029412.8063338,No significant market change detected.
AUDJPY,down,0.95,1760029413.2251709,No significant market change detected.
AUDJPY,down,0.95,1760029413.5726795,No significant market change detected.
AUDJPY,down,0.95,1760029413.9124703,No significant market change detected.
AUDJPY,down,0.95,1760029414.2469547,No significant market change detected.
AUDJPY,down,0.95,1760029414.6009972,No significant market change detected.
AUDJPY,down,0.95,1760029415.0120547,No significant market change detected.
AUDJPY,down,0.95,1760029415.349354,No significant market change detected.
AUDJPY,down,0.95,1760029415.690758,No significant market change detected.
AUDJPY,down,0.95,1760029416.035769,No significant market change detected.
AUDJPY,down,0.95,1760029416.3806171,No significant market change detected.
AUDJPY,down,0.95,1760029416.7083962,No significant market change detected.
AUDJPY,down,0.95,1760029417.4462976,No significant market change detected.
AUDJPY,down,0.95,1760029417.791203,No significant market change detected.
AUDJPY,down,0.95,1760029418.4211934,No significant market change detected.
AUDJPY,down,0.95,1760029419.2221243,No significant market change detected.
AUDJPY,down,0.95,1760029419.6110506,No significant market change detected.
AUDJPY,down,0.95,1760029419.9732893,No significant market change detected.
AUDJPY,down,0.95,1760029420.323598,No significant market change detected.
AUDJPY,down,0.95,1760029420.668097,No significant market change detected.
AUDJPY,down,0.95,1760029421.0297542,No significant market change detected.
AUDJPY,down,0.95,1760029421.8478215,No significant market change detected.
AUDJPY,down,0.95,1760029422.6090374,No significant market change detected.
AUDJPY,down,0.95,1760029423.818978,No significant market change detected.
AUDJPY,down,0.95,1760029424.1847277,No significant market change detected.
AUDJPY,down,0.95,1760029425.2199235,No significant market change detected.
AUDJPY,down,0.95,1760029425.5602522,No significant market change detected.
AUDJPY,down,0.95,1760029425.9123785,No significant market change detected.
AUDJPY,down,0.95,1760029426.2582123,No significant market change detected.
AUDJPY,down,0.95,1760029429.0680938,No significant market change detected.
AUDJPY,down,0.95,1760029429.693365,No significant market change detected.
AUDJPY,down,0.95,1760029430.0992298,No significant market change detected.
AUDJPY,down,0.95,1760029430.5029795,No significant market change detected.
AUDJPY,down,0.95,1760029430.770092,No significant market change detected.
AUDJPY,down,0.95,1760029432.6818163,No significant market change detected.
AUDJPY,down,0.95,1760029433.6883976,No significant market change detected.
AUDJPY,down,0.95,1760029434.6350963,No significant market change detected.
AUDJPY,down,0.95,1760029434.9526918,No significant market change detected.
AUDJPY,down,0.95,1760029435.6331933,No significant market change detected.
AUDJPY,down,0.95,1760029435.98541,No significant market change detected.
AUDJPY,down,0.95,1760029437.8655856,No significant market change detected.
AUDJPY,down,0.95,1760029438.1974878,No significant market change detected.
AUDJPY,down,0.95,1760029438.618166,No significant market change detected.
AUDJPY,down,0.95,1760029439.0231493,No significant market change detected.
AUDJPY,down,0.95,1760029440.7265913,No significant market change detected.
AUDJPY,down,0.95,1760029442.0400982,No significant market change detected.
AUDJPY,down,0.95,1760029442.3606791,No significant market change detected.
AUDJPY,down,0.95,1760029442.6946523,No significant market change detected.
AUDJPY,down,0.95,1760029444.835899,No significant market change detected.
AUDJPY,down,0.95,1760029445.1689427,No significant market change detected.
AUDJPY,down,0.95,1760029445.5091093,No significant market change detected.
AUDJPY,down,0.95,1760029446.222879,No significant market change detected.
AUDJPY,down,0.95,1760029447.6097722,No significant market change detected.
AUDJPY,down,0.95,1760029447.939144,No significant market change detected.
AUDJPY,down,0.95,1760029448.406163,No significant market change detected.
AUDJPY,down,0.95,1760029449.76647,No significant market change detected.
AUDJPY,down,0.95,1760029450.8274283,No significant market change detected.
AUDJPY,down,0.95,1760029451.4417334,No significant market change detected.
AUDJPY,down,0.95,1760029452.2280407,No significant market change detected.
AUDJPY,down,0.95,1760029452.5537343,No significant market change detected.
AUDJPY,down,0.95,1760029452.8372462,No significant market change detected.
AUDJPY,down,0.95,1760029453.2186744,No significant market change detected.
AUDJPY,down,0.95,1760029453.8277276,No significant market change detected.
AUDJPY,down,0.95,1760029454.4602437,No significant market change detected.
AUDJPY,down,0.95,1760029454.788551,No significant market change detected.
AUDJPY,down,0.95,1760029455.126376,No significant market change detected.
AUDJPY,down,0.95,1760029455.4448113,No significant market change detected.
AUDJPY,down,0.95,1760029456.4208887,No significant market change detected.
AUDJPY,down,0.95,1760029456.8393626,No significant market change detected.
AUDJPY,down,0.95,1760029457.2899406,No significant market change detected.
AUDJPY,down,0.95,1760029457.621985,No significant market change detected.
AUDJPY,down,0.95,1760029457.9556482,No significant market change detected.
AUDJPY,down,0.95,1760029458.4231598,No significant market change detected.
AUDJPY,down,0.95,1760029458.8568194,No significant market change detected.
AUDJPY,down,0.95,1760029459.2702477,No significant market change detected.
AUDJPY,down,0.95,1760029459.564757,No significant market change detected.
AUDJPY,down,0.95,1760029459.889814,No significant market change detected.
AUDJPY,down,0.95,1760029460.233431,No significant market change detected.
AUDJPY,down,0.95,1760029460.837201,No significant market change detected.
AUDJPY,down,0.95,1760029461.1720738,No significant market change detected.
AUDJPY,down,0.95,1760029461.5861404,No significant market change detected.
AUDJPY,down,0.95,1760029461.8935874,No significant market change detected.
AUDJPY,down,0.95,1760029462.2168448,No significant market change detected.
AUDJPY,down,0.95,1760029462.5396469,No significant market change detected.
AUDJPY,down,0.95,1760029463.0423095,No significant market change detected.
AUDJPY,down,0.95,1760029464.0380764,No significant market change detected.
AUDJPY,down,0.95,1760029464.3851662,No significant market change detected.
AUDJPY,down,0.95,1760029464.7092297,No significant market change detected.
AUDJPY,down,0.95,1760029465.2470546,No significant market change detected.
AUDJPY,down,0.95,1760029467.0401857,No significant market change detected.
AUDJPY,down,0.95,1760029467.3691785,No significant market change detected.
AUDJPY,down,0.95,1760029469.4752054,No significant market change detected.
AUDJPY,down,0.95,1760029469.9343185,No significant market change detected.
AUDJPY,down,0.95,1760029470.4463248,No significant market change detected.
AUDJPY,down,0.95,1760029470.7794335,No significant market change detected.
AUDJPY,down,0.95,1760029471.105939,No significant market change detected.
AUDJPY,down,0.95,1760029471.463466,No significant market change detected.
AUDJPY,down,0.95,1760029471.7754111,No significant market change detected.
AUDJPY,down,0.95,1760029472.0912533,No significant market change detected.
AUDJPY,down,0.95,1760029472.4538748,No significant market change detected.
AUDJPY,down,0.95,1760029473.6393838,No significant market change detected.
AUDJPY,down,0.95,1760029474.6762173,No significant market change detected.
AUDJPY,down,0.95,1760029475.6934958,No significant market change detected.
AUDJPY,down,0.95,1760029475.9918237,No significant market change detected.
AUDJPY,down,0.95,1760029476.467718,No significant market change detected.
AUDJPY,down,0.95,1760029476.7886918,No significant market change detected.
AUDJPY,down,0.95,1760029477.626586,No significant market change detected.
AUDJPY,down,0.95,1760029477.9802828,No significant market change detected.
AUDJPY,down,0.95,1760029478.3008296,No significant market change detected.
AUDJPY,down,0.95,1760029478.843898,No significant market change detected.
AUDJPY,down,0.95,1760029479.1869261,No significant market change detected.
AUDJPY,down,0.95,1760029479.517336,No significant market change detected.
AUDJPY,down,0.95,1760029480.2662046,No significant market change detected.
AUDJPY,down,0.95,1760029481.055765,No significant market change detected.
AUDJPY,down,0.95,1760029481.380233,No significant market change detected.
AUDJPY,down,0.95,1760029481.7918534,No significant market change detected.
AUDJPY,down,0.95,1760029482.0473015,No significant market change detected.
AUDJPY,down,0.95,1760029482.377442,No significant market change detected.
AUDJPY,down,0.95,1760029483.263417,No significant market change detected.
AUDJPY,down,0.95,1760029483.6549525,No significant market change detected.
AUDJPY,down,0.95,1760029483.984186,No significant market change detected.
AUDJPY,down,0.95,1760029484.3060598,No significant market change detected.
AUDJPY,down,0.95,1760029484.6144662,No significant market change detected.
AUDJPY,down,0.95,1760029484.9561043,No significant market change detected.
AUDJPY,down,0.95,1760029485.281098,No significant market change detected.
AUDJPY,down,0.95,1760029485.6262329,No significant market change detected.
AUDJPY,down,0.95,1760029486.138183,No significant market change detected.
AUDJPY,down,0.95,1760029487.4573832,No significant market change detected.
AUDJPY,down,0.95,1760029487.7896197,No significant market change detected.
AUDJPY,down,0.95,1760029488.2481153,No significant market change detected.
AUDJPY,down,0.95,1760029488.572703,No significant market change detected.
AUDJPY,down,0.95,1760029488.889938,No significant market change detected.
AUDJPY,down,0.95,1760029490.480917,No significant market change detected.
AUDJPY,down,0.95,1760029490.8238869,No significant market change detected.
AUDJPY,down,0.95,1760029491.1789157,No significant market change detected.
AUDJPY,down,0.95,1760029491.6834757,No significant market change detected.
AUDJPY,down,0.95,1760029492.1201952,No significant market change detected.
AUDJPY,down,0.95,1760029492.8260186,No significant market change detected.
AUDJPY,down,0.95,1760029493.4980915,No significant market change detected.
AUDJPY,down,0.95,1760029757.4659877,"### Analysis for AUDJPY

**Current Indicators:**
- **EMA Fast (100.48244) vs. EMA Slow (100.4802)**: The fast EMA is above the slow EMA, which typically indicates a bullish trend. However, the close proximity suggests potential indecision.
- **RSI (41.22)**: This indicates that the asset is approaching oversold territory, which may lead to a bounce back if it drops below 30. 
- **MACD (0.00224)**: The MACD is close to zero, indicating a lack of momentum in either direction.

### Position Considerations:
- **Direction**: You have a strong confidence (0.95) in a downward movement for AUDJPY.
- **Position History**: Your previous trades show no open positions and minimal profit/loss activity, suggesting a cautious trading approach.

### Suggested Action:
1. **Enter Short Position**: Given your high confidence in a downward movement, consider entering a short position in AUDJPY. 
   - **Entry Price**: Look for an entry point around the current price (~100.48).
   - **Lot Size**: Given your account balance of $0.32, ensure that you use a very small lot size (e.g., 0.01) to manage risk effectively.
   
2. **Set Stop Loss**: Place a stop loss slightly above the EMA levels (e.g., around 100.50) to limit potential losses.

3. **Take Profit**: Consider setting a take profit target around the next support level or a risk-reward ratio of at least 1:2.

### Risk Management:
- **Monitor Free Margin**: With only $0.32 in equity, ensure that you do not over-leverage your position. Maintain a conservative approach to avoid margin calls.

### Final Note:
Be prepared to reassess your position if the price action indicates a reversal, especially if RSI approaches oversold conditions. Always keep an eye on macroeconomic news that could impact the AUDJPY pair."
AUDJPY,down,0.95,1760029757.5470586,No significant market change detected.
AUDJPY,down,0.95,1760029757.6141822,No significant market change detected.
AUDJPY,down,0.95,1760029757.8864198,No significant market change detected.
AUDJPY,down,0.95,1760029759.4315882,No significant market change detected.
AUDJPY,down,0.95,1760029759.9567487,No significant market change detected.
AUDJPY,down,0.95,1760029760.3910804,No significant market change detected.
AUDJPY,down,0.95,1760029760.83205,No significant market change detected.
AUDJPY,down,0.95,1760029761.3194578,No significant market change detected.
AUDJPY,down,0.95,1760029762.7479663,No significant market change detected.
AUDJPY,down,0.95,1760029763.4389718,No significant market change detected.
AUDJPY,down,0.95,1760029763.8841994,No significant market change detected.
AUDJPY,down,0.95,1760029765.8003614,No significant market change detected.
AUDJPY,down,0.95,1760029768.1015754,No significant market change detected.
AUDJPY,down,0.95,1760029768.7110546,No significant market change detected.
AUDJPY,down,0.95,1760029769.1536252,No significant market change detected.
AUDJPY,down,0.95,1760029769.6086943,No significant market change detected.
AUDJPY,down,0.95,1760029770.2567396,No significant market change detected.
AUDJPY,down,0.95,1760029771.2345364,No significant market change detected.
AUDJPY,down,0.95,1760029771.833127,No significant market change detected.
AUDJPY,down,0.95,1760029772.7950745,No significant market change detected.
AUDJPY,down,0.95,1760029773.2085848,No significant market change detected.
AUDJPY,down,0.95,1760029773.9029229,No significant market change detected.
AUDJPY,down,0.95,1760029774.6614416,No significant market change detected.
AUDJPY,down,0.95,1760029778.0471401,No significant market change detected.
AUDJPY,down,0.95,1760029778.5563352,No significant market change detected.
AUDJPY,down,0.95,1760029779.8521066,No significant market change detected.
AUDJPY,down,0.95,1760029784.6694126,No significant market change detected.
AUDJPY,down,0.95,1760029785.1178381,No significant market change detected.
AUDJPY,down,0.95,1760029789.8791606,No significant market change detected.
AUDJPY,down,0.95,1760029790.480925,No significant market change detected.
AUDJPY,down,0.95,1760029791.44539,No significant market change detected.
AUDJPY,down,0.95,1760029792.2305439,No significant market change detected.
AUDJPY,down,0.95,1760029792.6956742,No significant market change detected.
AUDJPY,down,0.95,1760029794.442691,No significant market change detected.
AUDJPY,down,0.95,1760029795.0854435,No significant market change detected.
AUDJPY,down,0.95,1760029795.5336297,No significant market change detected.
AUDJPY,down,0.95,1760029795.9880383,No significant market change detected.
AUDJPY,down,0.95,1760029796.4434524,No significant market change detected.
AUDJPY,down,0.95,1760029798.0519617,No significant market change detected.
AUDJPY,down,0.95,1760029798.485974,No significant market change detected.
AUDJPY,down,0.95,1760029799.0286274,No significant market change detected.
AUDJPY,down,0.95,1760029800.0691466,No significant market change detected.
AUDJPY,down,0.95,1760029800.540422,No significant market change detected.
AUDJPY,down,0.95,1760029801.0399582,No significant market change detected.
AUDJPY,down,0.95,1760029801.4834619,No significant market change detected.
AUDJPY,down,0.95,1760029801.9402187,No significant market change detected.
AUDJPY,down,0.95,1760029802.3979614,No significant market change detected.
AUDJPY,down,0.95,1760029806.488057,No significant market change detected.
AUDJPY,down,0.95,1760029807.090072,No significant market change detected.
AUDJPY,down,0.95,1760029807.562079,No significant market change detected.
AUDJPY,down,0.95,1760029808.0405004,No significant market change detected.
AUDJPY,down,0.95,1760029808.6882417,No significant market change detected.
AUDJPY,down,0.95,1760029809.1455522,No significant market change detected.
AUDJPY,down,0.95,1760029810.6946058,No significant market change detected.
AUDJPY,down,0.95,1760029811.6959503,No significant market change detected.
AUDJPY,down,0.95,1760029812.1429029,No significant market change detected.
AUDJPY,down,0.95,1760029812.6121035,No significant market change detected.
AUDJPY,down,0.95,1760029813.6264055,No significant market change detected.
AUDJPY,down,0.95,1760029814.05151,No significant market change detected.
AUDJPY,down,0.95,1760029814.4902427,No significant market change detected.
AUDJPY,down,0.95,1760029814.9209828,No significant market change detected.
AUDJPY,down,0.95,1760029815.3787172,No significant market change detected.
AUDJPY,down,0.95,1760029815.8497064,No significant market change detected.
AUDJPY,down,0.95,1760029816.3121207,No significant market change detected.
AUDJPY,down,0.95,1760029816.7744598,No significant market change detected.
AUDJPY,down,0.95,1760029817.2283602,No significant market change detected.
AUDJPY,down,0.95,1760029817.69093,No significant market change detected.
AUDJPY,down,0.95,1760029818.6890788,No significant market change detected.
AUDJPY,down,0.95,1760029819.1317308,No significant market change detected.
AUDJPY,down,0.95,1760029819.5913267,No significant market change detected.
AUDJPY,down,0.95,1760029820.0498364,No significant market change detected.
AUDJPY,down,0.95,1760029820.482787,No significant market change detected.
AUDJPY,down,0.95,1760029822.8777587,No significant market change detected.
AUDJPY,down,0.95,1760029823.3432016,No significant market change detected.
AUDJPY,down,0.95,1760029823.8107984,No significant market change detected.
AUDJPY,down,0.95,1760029824.7012684,No significant market change detected.
AUDJPY,down,0.95,1760029825.1391501,No significant market change detected.
AUDJPY,down,0.95,1760029825.6068418,No significant market change detected.
AUDJPY,down,0.95,1760029826.0588577,No significant market change detected.
AUDJPY,down,0.95,1760029826.4990132,No significant market change detected.
AUDJPY,down,0.95,1760029828.1020007,No significant market change detected.
AUDJPY,down,0.95,1760029828.5253215,No significant market change detected.
AUDJPY,down,0.95,1760029829.4371388,No significant market change detected.
AUDJPY,down,0.95,1760029831.6746118,No significant market change detected.
AUDJPY,down,0.95,1760029832.1113894,No significant market change detected.
AUDJPY,down,0.95,1760029832.5632632,No significant market change detected.
AUDJPY,down,0.95,1760029833.0288565,No significant market change detected.
AUDJPY,down,0.95,1760029833.497861,No significant market change detected.
AUDJPY,down,0.95,1760029833.9670653,No significant market change detected.
AUDJPY,down,0.95,1760029834.4428463,No significant market change detected.
AUDJPY,down,0.95,1760029834.9144418,No significant market change detected.
AUDJPY,down,0.95,1760029835.3838112,No significant market change detected.
AUDJPY,down,0.95,1760029835.8461132,No significant market change detected.
AUDJPY,down,0.95,1760029836.297514,No significant market change detected.
AUDJPY,down,0.95,1760029836.758623,No significant market change detected.
AUDJPY,down,0.95,1760029837.196519,No significant market change detected.
AUDJPY,down,0.95,1760029837.6315835,No significant market change detected.
AUDJPY,down,0.95,1760029838.0635526,No significant market change detected.
AUDJPY,down,0.95,1760029838.5795853,No significant market change detected.
AUDJPY,down,0.95,1760029840.297153,No significant market change detected.
AUDJPY,down,0.95,1760029840.9204516,No significant market change detected.
AUDJPY,down,0.95,1760029841.3852882,No significant market change detected.
AUDJPY,down,0.95,1760029842.1561453,No significant market change detected.
AUDJPY,down,0.95,1760029843.348863,No significant market change detected.
AUDJPY,down,0.95,1760029843.801485,No significant market change detected.
AUDJPY,down,0.95,1760029844.2855034,No significant market change detected.
AUDJPY,down,0.95,1760029844.7540278,No significant market change detected.
AUDJPY,down,0.95,1760029845.2803845,No significant market change detected.
AUDJPY,down,0.95,1760029845.7569726,No significant market change detected.
AUDJPY,down,0.95,1760029846.1997285,No significant market change detected.
AUDJPY,down,0.95,1760029846.748236,No significant market change detected.
AUDJPY,down,0.95,1760029847.206322,No significant market change detected.
AUDJPY,down,0.95,1760029847.7343454,No significant market change detected.
AUDJPY,down,0.95,1760029848.2444458,No significant market change detected.
AUDJPY,down,0.95,1760029848.775299,No significant market change detected.
AUDJPY,down,0.95,1760029849.2557788,No significant market change detected.
AUDJPY,down,0.95,1760029850.294132,No significant market change detected.
AUDJPY,down,0.95,1760029852.7428806,No significant market change detected.
AUDJPY,down,0.95,1760029853.1967373,No significant market change detected.
AUDJPY,down,0.95,1760029853.9984925,No significant market change detected.
AUDJPY,down,0.95,1760029856.1279814,No significant market change detected.
AUDJPY,down,0.95,1760029856.5984147,No significant market change detected.
AUDJPY,down,0.95,1760029857.067013,No significant market change detected.
AUDJPY,down,0.95,1760029858.5234513,No significant market change detected.
AUDJPY,down,0.95,1760029859.028973,No significant market change detected.
AUDJPY,down,0.95,1760029859.5007873,No significant market change detected.
AUDJPY,down,0.95,1760029860.8968942,No significant market change detected.
AUDJPY,down,0.95,1760029862.310832,No significant market change detected.
AUDJPY,down,0.95,1760029862.8049052,No significant market change detected.
AUDJPY,down,0.95,1760029863.2441618,No significant market change detected.
AUDJPY,down,0.95,1760029863.7764845,No significant market change detected.
AUDJPY,down,0.95,1760029864.2363317,No significant market change detected.
AUDJPY,down,0.95,1760029864.7456856,No significant market change detected.
AUDJPY,down,0.95,1760029865.5562148,No significant market change detected.
AUDJPY,down,0.95,1760029866.2558937,No significant market change detected.
AUDJPY,down,0.95,1760029866.7748516,No significant market change detected.
AUDJPY,down,0.95,1760029867.227143,No significant market change detected.
AUDJPY,down,0.95,1760029868.2849598,No significant market change detected.
AUDJPY,down,0.95,1760029868.7891886,No significant market change detected.
AUDJPY,down,0.95,1760029869.247632,No significant market change detected.
AUDJPY,down,0.95,1760029869.72411,No significant market change detected.
AUDJPY,down,0.95,1760029871.0466921,No significant market change detected.
AUDJPY,down,0.95,1760029871.5239892,No significant market change detected.
AUDJPY,down,0.95,1760029872.2700617,No significant market change detected.
AUDJPY,down,0.95,1760029872.8146844,No significant market change detected.
AUDJPY,down,0.95,1760029873.490424,No significant market change detected.
AUDJPY,down,0.95,1760029873.956481,No significant market change detected.
AUDJPY,down,0.95,1760029874.7179592,No significant market change detected.
AUDJPY,down,0.95,1760029876.0713844,No significant market change detected.
AUDJPY,down,0.95,1760029878.5226655,No significant market change detected.
AUDJPY,down,0.95,1760029878.995678,No significant market change detected.
AUDJPY,down,0.95,1760029879.5465472,No significant market change detected.
AUDJPY,down,0.95,1760029880.0059526,No significant market change detected.
AUDJPY,down,0.95,1760029881.0724137,No significant market change detected.
AUDJPY,down,0.95,1760029881.5257869,No significant market change detected.
AUDJPY,down,0.95,1760029881.9883127,No significant market change detected.
AUDJPY,down,0.95,1760029884.5632463,No significant market change detected.
AUDJPY,down,0.95,1760029885.0837245,No significant market change detected.
AUDJPY,down,0.95,1760029887.5696461,No significant market change detected.
AUDJPY,down,0.95,1760029888.4932468,No significant market change detected.
AUDJPY,down,0.95,1760029888.9446876,No significant market change detected.
AUDJPY,down,0.95,1760029889.733811,No significant market change detected.
AUDJPY,down,0.95,1760029890.2227554,No significant market change detected.
AUDJPY,down,0.95,1760029891.190628,No significant market change detected.
AUDJPY,down,0.95,1760029893.3345027,No significant market change detected.
AUDJPY,down,0.95,1760029893.829691,No significant market change detected.
AUDJPY,down,0.95,1760029894.747467,No significant market change detected.
AUDJPY,down,0.95,1760029895.2230914,No significant market change detected.
AUDJPY,down,0.95,1760029895.7254052,No significant market change detected.
AUDJPY,down,0.95,1760029896.269536,No significant market change detected.
AUDJPY,down,0.95,1760029896.7634993,No significant market change detected.
AUDJPY,down,0.95,1760029897.750968,No significant market change detected.
AUDJPY,down,0.95,1760029898.2405322,No significant market change detected.
AUDJPY,down,0.95,1760029898.7672794,No significant market change detected.
AUDJPY,down,0.95,1760029899.2558744,No significant market change detected.
AUDJPY,down,0.95,1760029899.8140295,No significant market change detected.
AUDJPY,down,0.95,1760029900.9436285,No significant market change detected.
AUDJPY,down,0.95,1760029903.6264315,No significant market change detected.
AUDJPY,down,0.95,1760029906.290767,No significant market change detected.
AUDJPY,down,0.95,1760029907.0232332,No significant market change detected.
AUDJPY,down,0.95,1760029907.5813954,No significant market change detected.
AUDJPY,down,0.95,1760029908.101842,No significant market change detected.
AUDJPY,down,0.95,1760029909.695614,No significant market change detected.
AUDJPY,down,0.95,1760029910.1943512,No significant market change detected.
AUDJPY,down,0.95,1760029916.5707364,No significant market change detected.
AUDJPY,down,0.95,1760029917.3003473,No significant market change detected.
AUDJPY,down,0.95,1760029917.9483984,No significant market change detected.
AUDJPY,down,0.95,1760029918.7103975,No significant market change detected.
AUDJPY,down,0.95,1760029920.1243718,No significant market change detected.
AUDJPY,down,0.95,1760029920.639555,No significant market change detected.
AUDJPY,down,0.95,1760029922.7784789,No significant market change detected.
AUDJPY,down,0.95,1760029923.262826,No significant market change detected.
AUDJPY,down,0.95,1760029923.789911,No significant market change detected.
AUDJPY,down,0.95,1760029925.5969357,No significant market change detected.
AUDJPY,down,0.95,1760029927.5845118,No significant market change detected.
AUDJPY,down,0.95,1760029928.4857616,No significant market change detected.
AUDJPY,down,0.95,1760029928.9221814,No significant market change detected.
AUDJPY,down,0.95,1760029929.8178785,No significant market change detected.
AUDJPY,down,0.95,1760029933.7273395,No significant market change detected.
AUDJPY,down,0.95,1760029934.4843903,No significant market change detected.
AUDJPY,down,0.95,1760029938.5585525,No significant market change detected.
AUDJPY,down,0.95,1760029939.5169091,No significant market change detected.
AUDJPY,down,0.95,1760029940.0440514,No significant market change detected.
AUDJPY,down,0.95,1760029944.7159076,No significant market change detected.
AUDJPY,down,0.95,1760029945.1814787,No significant market change detected.
AUDJPY,down,0.95,1760029945.6365104,No significant market change detected.
AUDJPY,down,0.95,1760029946.1617894,No significant market change detected.
AUDJPY,down,0.95,1760029946.9293382,No significant market change detected.
AUDJPY,down,0.95,1760029947.8944252,No significant market change detected.
AUDJPY,down,0.95,1760029948.6133811,No significant market change detected.
AUDJPY,down,0.95,1760029950.5427108,No significant market change detected.
AUDJPY,down,0.95,1760029951.1149607,No significant market change detected.
AUDJPY,down,0.95,1760029951.6282976,No significant market change detected.
AUDJPY,down,0.95,1760029954.366527,No significant market change detected.
AUDJPY,down,0.95,1760029959.5118084,No significant market change detected.
AUDJPY,down,0.95,1760029960.9211853,No significant market change detected.
AUDJPY,down,0.95,1760029963.7332103,No significant market change detected.
AUDJPY,down,0.95,1760029965.3153036,No significant market change detected.
AUDJPY,down,0.95,1760029965.8228133,No significant market change detected.
AUDJPY,down,0.95,1760029966.2732742,No significant market change detected.
AUDJPY,down,0.95,1760029966.7201407,No significant market change detected.
AUDJPY,down,0.95,1760029971.0991538,No significant market change detected.
AUDJPY,down,0.95,1760029971.5654936,No significant market change detected.
AUDJPY,down,0.95,1760029972.0596042,No significant market change detected.
AUDJPY,down,0.95,1760029972.5580356,No significant market change detected.
AUDJPY,down,0.95,1760029973.988453,No significant market change detected.
AUDJPY,down,0.95,1760029976.7329118,No significant market change detected.
AUDJPY,down,0.95,1760029977.291864,No significant market change detected.
AUDJPY,down,0.95,1760029977.987635,No significant market change detected.
AUDJPY,down,0.95,1760029978.6868756,No significant market change detected.
AUDJPY,down,0.95,1760029979.2240694,No significant market change detected.
AUDJPY,down,0.95,1760029980.3575315,No significant market change detected.
AUDJPY,down,0.95,1760029980.849814,No significant market change detected.
AUDJPY,down,0.95,1760029981.5346444,No significant market change detected.
AUDJPY,down,0.95,1760029982.2896266,No significant market change detected.
AUDJPY,down,0.95,1760029983.822249,No significant market change detected.
AUDJPY,down,0.95,1760029984.291839,No significant market change detected.
AUDJPY,down,0.95,1760029985.3103888,No significant market change detected.
AUDJPY,down,0.95,1760029987.191909,No significant market change detected.
AUDJPY,down,0.95,1760029987.7239366,No significant market change detected.
AUDJPY,down,0.95,1760029988.2700925,No significant market change detected.
AUDJPY,down,0.95,1760029988.8196943,No significant market change detected.
AUDJPY,down,0.95,1760029989.3080745,No significant market change detected.
AUDJPY,down,0.95,1760029989.8573208,No significant market change detected.
AUDJPY,down,0.95,1760029990.3329945,No significant market change detected.
AUDJPY,down,0.95,1760029990.8737698,No significant market change detected.
AUDJPY,down,0.95,1760029991.3272486,No significant market change detected.
AUDJPY,down,0.95,1760029991.841839,No significant market change detected.
AUDJPY,down,0.95,1760029993.8919506,No significant market change detected.
AUDJPY,down,0.95,1760029994.3520439,No significant market change detected.
AUDJPY,down,0.95,1760029994.798964,No significant market change detected.
AUDJPY,down,0.95,1760029996.3044157,No significant market change detected.
AUDJPY,down,0.95,1760029996.8708992,No significant market change detected.
AUDJPY,down,0.95,1760029997.797559,No significant market change detected.
AUDJPY,down,0.95,1760029998.287623,No significant market change detected.
AUDJPY,down,0.95,1760029998.75736,No significant market change detected.
AUDJPY,down,0.95,1760029999.5667763,No significant market change detected.
AUDJPY,down,0.95,1760030001.5575912,No significant market change detected.
AUDJPY,down,0.95,1760030002.0159926,No significant market change detected.
AUDJPY,down,0.95,1760030002.6110597,No significant market change detected.
AUDJPY,down,0.95,1760030003.226002,No significant market change detected.
AUDJPY,down,0.95,1760030006.1457884,No significant market change detected.
AUDJPY,down,0.95,1760030007.1729074,No significant market change detected.
AUDJPY,down,0.95,1760030007.6280093,No significant market change detected.
AUDJPY,down,0.95,1760030008.159969,No significant market change detected.
AUDJPY,down,0.95,1760030008.8761451,No significant market change detected.
AUDJPY,down,0.95,1760030009.3091815,No significant market change detected.
AUDJPY,down,0.95,1760030011.1947854,No significant market change detected.
AUDJPY,down,0.95,1760030011.7060769,No significant market change detected.
AUDJPY,down,0.95,1760030013.0021794,No significant market change detected.
AUDJPY,down,0.95,1760030013.5667436,No significant market change detected.
AUDJPY,down,0.95,1760030014.7566006,No significant market change detected.
AUDJPY,down,0.95,1760030015.2428539,No significant market change detected.
AUDJPY,down,0.95,1760030016.8309565,No significant market change detected.
AUDJPY,down,0.95,1760030020.2324781,No significant market change detected.
AUDJPY,down,0.95,1760030020.7727208,No significant market change detected.
AUDJPY,down,0.95,1760030021.3632286,No significant market change detected.
AUDJPY,down,0.95,1760030022.7883255,No significant market change detected.
AUDJPY,down,0.95,1760030025.5150619,No significant market change detected.
AUDJPY,down,0.95,1760030027.5798662,No significant market change detected.
AUDJPY,down,0.95,1760030028.3190942,No significant market change detected.
AUDJPY,down,0.95,1760030030.1340864,No significant market change detected.
AUDJPY,down,0.95,1760030030.7004292,No significant market change detected.
AUDJPY,down,0.95,1760030031.2388656,No significant market change detected.
AUDJPY,down,0.95,1760030033.2164454,No significant market change detected.
AUDJPY,down,0.95,1760030034.051654,No significant market change detected.
AUDJPY,down,0.95,1760030035.0146368,No significant market change detected.
AUDJPY,down,0.95,1760030035.7938375,No significant market change detected.
AUDJPY,down,0.95,1760030036.288814,No significant market change detected.
AUDJPY,down,0.95,1760030036.79921,No significant market change detected.
AUDJPY,down,0.95,1760030037.2906055,No significant market change detected.
AUDJPY,down,0.95,1760030038.0085096,No significant market change detected.
AUDJPY,down,0.95,1760030038.9384952,No significant market change detected.
AUDJPY,down,0.95,1760030039.3825066,No significant market change detected.
AUDJPY,down,0.95,1760030039.863651,No significant market change detected.
AUDJPY,down,0.95,1760030040.3288496,No significant market change detected.
AUDJPY,down,0.95,1760030040.8421888,No significant market change detected.
AUDJPY,down,0.95,1760030041.321908,No significant market change detected.
AUDJPY,down,0.95,1760030041.8120985,No significant market change detected.
AUDJPY,down,0.95,1760030042.3357928,No significant market change detected.
AUDJPY,down,0.95,1760030043.983857,No significant market change detected.
AUDJPY,down,0.95,1760030044.430637,No significant market change detected.
AUDJPY,down,0.95,1760030045.190955,No significant market change detected.
AUDJPY,down,0.95,1760030045.6907427,No significant market change detected.
AUDJPY,down,0.95,1760030046.2041357,No significant market change detected.
AUDJPY,down,0.95,1760030046.6718602,No significant market change detected.
AUDJPY,down,0.95,1760030047.1834216,No significant market change detected.
AUDJPY,down,0.95,1760030047.7102847,No significant market change detected.
AUDJPY,down,0.95,1760030057.714447,"### Analysis for AUDJPY

**Current Indicators:**
- **EMA Fast (100.48275)** is above **EMA Slow (100.48035)**, suggesting a potential downward trend.
- **RSI (41.30023)** indicates that the asset is approaching oversold conditions, but still has room to move lower.
- **MACD (0.0024)** is close to zero, indicating weak momentum, but given your high confidence in a downward move, this aligns with your analysis.

### Reasoning:
- With a confidence level of **0.95** in a downward direction, the technical indicators support this sentiment, albeit the momentum is weak. The close positioning of the EMAs suggests a possibility of a reversal or continuation of the downtrend.
- Your account balance is low (**$0.32**), which limits your ability to take significant positions without risking margin calls.

### Suggested Action:
1. **Short Position:** Consider entering a small short position in AUDJPY to capitalize on the anticipated downward movement. Given your balance, limit the size to 0.01 lots to manage risk effectively.
   
2. **Set Stop-Loss:** Implement a stop-loss above the EMA Fast (around **100.490**) to protect against unexpected upward movements.

3. **Take Profit:** Aim for a take-profit target at a recent support level (consider targeting around **100.450** or lower depending on market conditions).

4. **Monitor Market Conditions:** Keep an eye on any economic news or data releases that may impact the AUD or JPY, as these could influence your position significantly.

5. **Risk Management:** Given your low balance, ensure that you do not over-leverage; maintain a conservative approach to trading until your account balance increases.

### Conclusion:
With a strong confidence in a downward move and supportive technical indicators, a small short position in AUDJPY is recommended, while practicing strict risk management."
AUDJPY,down,0.95,1760030057.8776524,No significant market change detected.
AUDJPY,down,0.95,1760030057.9726624,No significant market change detected.
AUDJPY,down,0.95,1760030058.191479,No significant market change detected.
AUDJPY,down,0.95,1760030059.2221181,No significant market change detected.
AUDJPY,down,0.95,1760030060.6676998,No significant market change detected.
AUDJPY,down,0.95,1760030061.5475154,No significant market change detected.
AUDJPY,down,0.95,1760030062.0446603,No significant market change detected.
AUDJPY,down,0.95,1760030062.536254,No significant market change detected.
AUDJPY,down,0.95,1760030063.0595956,No significant market change detected.
AUDJPY,down,0.95,1760030063.5736039,No significant market change detected.
AUDJPY,down,0.95,1760030064.2755365,No significant market change detected.
AUDJPY,down,0.95,1760030064.760272,No significant market change detected.
AUDJPY,down,0.95,1760030065.3149872,No significant market change detected.
AUDJPY,down,0.95,1760030065.8140163,No significant market change detected.
AUDJPY,down,0.95,1760030068.1773376,No significant market change detected.
AUDJPY,down,0.95,1760030069.122159,No significant market change detected.
AUDJPY,down,0.95,1760030069.6456592,No significant market change detected.
AUDJPY,down,0.95,1760030070.3822792,No significant market change detected.
AUDJPY,down,0.95,1760030071.0432668,No significant market change detected.
AUDJPY,down,0.95,1760030071.5410178,No significant market change detected.
AUDJPY,down,0.95,1760030072.2422519,No significant market change detected.
AUDJPY,down,0.95,1760030073.8378098,No significant market change detected.
AUDJPY,down,0.95,1760030074.3703685,No significant market change detected.
AUDJPY,down,0.95,1760030074.9058223,No significant market change detected.
AUDJPY,down,0.95,1760030075.3688478,No significant market change detected.
AUDJPY,down,0.95,1760030075.903536,No significant market change detected.
AUDJPY,down,0.95,1760030076.571384,No significant market change detected.
AUDJPY,down,0.95,1760030077.110012,No significant market change detected.
AUDJPY,down,0.95,1760030077.5894873,No significant market change detected.
AUDJPY,down,0.95,1760030078.1441412,No significant market change detected.
AUDJPY,down,0.95,1760030078.6269083,No significant market change detected.
AUDJPY,down,0.95,1760030079.3986807,No significant market change detected.
AUDJPY,down,0.95,1760030080.614316,No significant market change detected.
AUDJPY,down,0.95,1760030081.1265502,No significant market change detected.
AUDJPY,down,0.95,1760030082.0645614,No significant market change detected.
AUDJPY,down,0.95,1760030082.6137402,No significant market change detected.
AUDJPY,down,0.95,1760030083.1442518,No significant market change detected.
AUDJPY,down,0.95,1760030084.1112092,No significant market change detected.
AUDJPY,down,0.95,1760030085.1567323,No significant market change detected.
AUDJPY,down,0.95,1760030085.6275735,No significant market change detected.
AUDJPY,down,0.95,1760030086.3642154,No significant market change detected.
AUDJPY,down,0.95,1760030087.9637103,No significant market change detected.
AUDJPY,down,0.95,1760030093.6181335,No significant market change detected.
AUDJPY,down,0.95,1760030094.1263158,No significant market change detected.
AUDJPY,down,0.95,1760030095.3783433,No significant market change detected.
AUDJPY,down,0.95,1760030095.842833,No significant market change detected.
AUDJPY,down,0.95,1760030096.3643317,No significant market change detected.
AUDJPY,down,0.95,1760030097.6416988,No significant market change detected.
AUDJPY,down,0.95,1760030098.387925,No significant market change detected.
AUDJPY,down,0.95,1760030100.019075,No significant market change detected.
AUDJPY,down,0.95,1760030100.617617,No significant market change detected.
AUDJPY,down,0.95,1760030101.1699207,No significant market change detected.
AUDJPY,down,0.95,1760030101.762489,No significant market change detected.
AUDJPY,down,0.95,1760030102.4264543,No significant market change detected.
AUDJPY,down,0.95,1760030102.9650924,No significant market change detected.
AUDJPY,down,0.95,1760030103.4119413,No significant market change detected.
AUDJPY,down,0.95,1760030103.9421382,No significant market change detected.
AUDJPY,down,0.95,1760030106.362404,No significant market change detected.
AUDJPY,down,0.95,1760030106.8643117,No significant market change detected.
AUDJPY,down,0.95,1760030107.6199994,No significant market change detected.
AUDJPY,down,0.95,1760030108.155881,No significant market change detected.
AUDJPY,down,0.95,1760030109.5427365,No significant market change detected.
AUDJPY,down,0.95,1760030110.0291176,No significant market change detected.
AUDJPY,down,0.95,1760030110.5704906,No significant market change detected.
AUDJPY,down,0.95,1760030111.335196,No significant market change detected.
AUDJPY,down,0.95,1760030111.8450816,No significant market change detected.
AUDJPY,down,0.95,1760030113.2444544,No significant market change detected.
AUDJPY,down,0.95,1760030113.9153235,No significant market change detected.
AUDJPY,down,0.95,1760030114.4645054,No significant market change detected.
AUDJPY,down,0.95,1760030116.4083767,No significant market change detected.
AUDJPY,down,0.95,1760030116.9433887,No significant market change detected.
AUDJPY,down,0.95,1760030117.4014685,No significant market change detected.
AUDJPY,down,0.95,1760030118.2538495,No significant market change detected.
AUDJPY,down,0.95,1760030118.7391984,No significant market change detected.
AUDJPY,down,0.95,1760030119.249626,No significant market change detected.
AUDJPY,down,0.95,1760030119.7565825,No significant market change detected.
AUDJPY,down,0.95,1760030120.2260463,No significant market change detected.
AUDJPY,down,0.95,1760030120.696976,No significant market change detected.
AUDJPY,down,0.95,1760030121.2520046,No significant market change detected.
AUDJPY,down,0.95,1760030121.7331254,No significant market change detected.
AUDJPY,down,0.95,1760030122.2848845,No significant market change detected.
AUDJPY,down,0.95,1760030122.8751755,No significant market change detected.
AUDJPY,down,0.95,1760030123.3813622,No significant market change detected.
AUDJPY,down,0.95,1760030123.9128473,No significant market change detected.
AUDJPY,down,0.95,1760030125.388751,No significant market change detected.
AUDJPY,down,0.95,1760030125.8704638,No significant market change detected.
AUDJPY,down,0.95,1760030126.406485,No significant market change detected.
AUDJPY,down,0.95,1760030126.923778,No significant market change detected.
AUDJPY,down,0.95,1760030127.3838053,No significant market change detected.
AUDJPY,down,0.95,1760030127.8320968,No significant market change detected.
AUDJPY,down,0.95,1760030129.1873436,No significant market change detected.
AUDJPY,down,0.95,1760030129.621165,No significant market change detected.
AUDJPY,down,0.95,1760030130.1070042,No significant market change detected.
AUDJPY,down,0.95,1760030130.5775547,No significant market change detected.
AUDJPY,down,0.95,1760030131.1318667,No significant market change detected.
AUDJPY,down,0.95,1760030131.570465,No significant market change detected.
AUDJPY,down,0.95,1760030132.0730212,No significant market change detected.
AUDJPY,down,0.95,1760030132.618862,No significant market change detected.
AUDJPY,down,0.95,1760030133.2248204,No significant market change detected.
AUDJPY,down,0.95,1760030133.6860635,No significant market change detected.
AUDJPY,down,0.95,1760030136.005491,No significant market change detected.
AUDJPY,down,0.95,1760030136.4693077,No significant market change detected.
AUDJPY,down,0.95,1760030137.6610026,No significant market change detected.
AUDJPY,down,0.95,1760030138.212579,No significant market change detected.
AUDJPY,down,0.95,1760030138.7420034,No significant market change detected.
AUDJPY,down,0.95,1760030139.2213683,No significant market change detected.
AUDJPY,down,0.95,1760030139.6720264,No significant market change detected.
AUDJPY,down,0.95,1760030140.815474,No significant market change detected.
AUDJPY,down,0.95,1760030141.2615523,No significant market change detected.
AUDJPY,down,0.95,1760030141.7469027,No significant market change detected.
AUDJPY,down,0.95,1760030142.208256,No significant market change detected.
AUDJPY,down,0.95,1760030142.6469874,No significant market change detected.
AUDJPY,down,0.95,1760030143.9416027,No significant market change detected.
AUDJPY,down,0.95,1760030144.4520261,No significant market change detected.
AUDJPY,down,0.95,1760030145.2012422,No significant market change detected.
AUDJPY,down,0.95,1760030145.6467578,No significant market change detected.
AUDJPY,down,0.95,1760030146.1009147,No significant market change detected.
AUDJPY,down,0.95,1760030146.5711837,No significant market change detected.
AUDJPY,down,0.95,1760030147.3951347,No significant market change detected.
AUDJPY,down,0.95,1760030147.8803658,No significant market change detected.
AUDJPY,down,0.95,1760030148.42597,No significant market change detected.
AUDJPY,down,0.95,1760030148.912853,No significant market change detected.
AUDJPY,down,0.95,1760030150.2067091,No significant market change detected.
AUDJPY,down,0.95,1760030150.6561828,No significant market change detected.
AUDJPY,down,0.95,1760030151.2595406,No significant market change detected.
AUDJPY,down,0.95,1760030151.743558,No significant market change detected.
AUDJPY,down,0.95,1760030152.2113125,No significant market change detected.
AUDJPY,down,0.95,1760030152.6953902,No significant market change detected.
AUDJPY,down,0.95,1760030153.2981434,No significant market change detected.
AUDJPY,down,0.95,1760030154.0770445,No significant market change detected.
AUDJPY,down,0.95,1760030154.801304,No significant market change detected.
AUDJPY,down,0.95,1760030155.7139287,No significant market change detected.
AUDJPY,down,0.95,1760030156.876574,No significant market change detected.
AUDJPY,down,0.95,1760030157.3929272,No significant market change detected.
AUDJPY,down,0.95,1760030157.8341062,No significant market change detected.
AUDJPY,down,0.95,1760030158.3188496,No significant market change detected.
AUDJPY,down,0.95,1760030158.8047488,No significant market change detected.
AUDJPY,down,0.95,1760030159.3729348,No significant market change detected.
AUDJPY,down,0.95,1760030160.2322211,No significant market change detected.
AUDJPY,down,0.95,1760030160.8970401,No significant market change detected.
AUDJPY,down,0.95,1760030161.9093003,No significant market change detected.
AUDJPY,down,0.95,1760030162.4426658,No significant market change detected.
AUDJPY,down,0.95,1760030164.2329097,No significant market change detected.
AUDJPY,down,0.95,1760030168.6680741,No significant market change detected.
AUDJPY,down,0.95,1760030169.4276927,No significant market change detected.
AUDJPY,down,0.95,1760030169.8772142,No significant market change detected.
AUDJPY,down,0.95,1760030170.416017,No significant market change detected.
AUDJPY,down,0.95,1760030170.906923,No significant market change detected.
AUDJPY,down,0.95,1760030174.4242623,No significant market change detected.
AUDJPY,down,0.95,1760030174.8726828,No significant market change detected.
AUDJPY,down,0.95,1760030177.1045115,No significant market change detected.
AUDJPY,down,0.95,1760030178.144704,No significant market change detected.
AUDJPY,down,0.95,1760030178.6674953,No significant market change detected.
AUDJPY,down,0.95,1760030179.261507,No significant market change detected.
AUDJPY,down,0.95,1760030179.7954276,No significant market change detected.
AUDJPY,down,0.95,1760030180.306569,No significant market change detected.
AUDJPY,down,0.95,1760030180.7919798,No significant market change detected.
AUDJPY,down,0.95,1760030182.4589002,No significant market change detected.
AUDJPY,down,0.95,1760030182.954838,No significant market change detected.
AUDJPY,down,0.95,1760030184.7211945,No significant market change detected.
AUDJPY,down,0.95,1760030185.431843,No significant market change detected.
AUDJPY,down,0.95,1760030186.7270746,No significant market change detected.
AUDJPY,down,0.95,1760030187.2123494,No significant market change detected.
AUDJPY,down,0.95,1760030187.7267478,No significant market change detected.
AUDJPY,down,0.95,1760030188.2194335,No significant market change detected.
AUDJPY,down,0.95,1760030188.7432,No significant market change detected.
AUDJPY,down,0.95,1760030189.4699793,No significant market change detected.
AUDJPY,down,0.95,1760030190.0357604,No significant market change detected.
AUDJPY,down,0.95,1760030190.4735296,No significant market change detected.
AUDJPY,down,0.95,1760030190.925421,No significant market change detected.
AUDJPY,down,0.95,1760030191.43576,No significant market change detected.
AUDJPY,down,0.95,1760030191.9585392,No significant market change detected.
AUDJPY,down,0.95,1760030192.4673407,No significant market change detected.
AUDJPY,down,0.95,1760030192.9892278,No significant market change detected.
AUDJPY,down,0.95,1760030194.3250008,No significant market change detected.
AUDJPY,down,0.95,1760030195.2967534,No significant market change detected.
AUDJPY,down,0.95,1760030195.8312063,No significant market change detected.
AUDJPY,down,0.95,1760030196.333159,No significant market change detected.
AUDJPY,down,0.95,1760030196.8398254,No significant market change detected.
AUDJPY,down,0.95,1760030197.3089588,No significant market change detected.
AUDJPY,down,0.95,1760030197.7716274,No significant market change detected.
AUDJPY,down,0.95,1760030198.2753093,No significant market change detected.
AUDJPY,down,0.95,1760030198.748217,No significant market change detected.
AUDJPY,down,0.95,1760030199.2821722,No significant market change detected.
AUDJPY,down,0.95,1760030199.8298824,No significant market change detected.
AUDJPY,down,0.95,1760030200.9605918,No significant market change detected.
AUDJPY,down,0.95,1760030201.4195035,No significant market change detected.
AUDJPY,down,0.95,1760030201.884037,No significant market change detected.
AUDJPY,down,0.95,1760030202.4136496,No significant market change detected.
AUDJPY,down,0.95,1760030203.154145,No significant market change detected.
AUDJPY,down,0.95,1760030204.6287193,No significant market change detected.
AUDJPY,down,0.95,1760030205.083318,No significant market change detected.
AUDJPY,down,0.95,1760030206.4501934,No significant market change detected.
AUDJPY,down,0.95,1760030206.9130068,No significant market change detected.
AUDJPY,down,0.95,1760030207.460106,No significant market change detected.
AUDJPY,down,0.95,1760030208.025022,No significant market change detected.
AUDJPY,down,0.95,1760030208.5156846,No significant market change detected.
AUDJPY,down,0.95,1760030210.35745,No significant market change detected.
AUDJPY,down,0.95,1760030211.2348132,No significant market change detected.
AUDJPY,down,0.95,1760030211.7318382,No significant market change detected.
AUDJPY,down,0.95,1760030212.2824516,No significant market change detected.
AUDJPY,down,0.95,1760030212.7512698,No significant market change detected.
AUDJPY,down,0.95,1760030213.290323,No significant market change detected.
AUDJPY,down,0.95,1760030213.7964532,No significant market change detected.
AUDJPY,down,0.95,1760030215.1254587,No significant market change detected.
AUDJPY,down,0.95,1760030216.309899,No significant market change detected.
AUDJPY,down,0.95,1760030218.729396,No significant market change detected.
AUDJPY,down,0.95,1760030219.5089388,No significant market change detected.
AUDJPY,down,0.95,1760030220.0145798,No significant market change detected.
AUDJPY,down,0.95,1760030220.9019766,No significant market change detected.
AUDJPY,down,0.95,1760030221.419807,No significant market change detected.
AUDJPY,down,0.95,1760030222.919424,No significant market change detected.
AUDJPY,down,0.95,1760030223.4173079,No significant market change detected.
AUDJPY,down,0.95,1760030224.6585336,No significant market change detected.
AUDJPY,down,0.95,1760030225.105517,No significant market change detected.
AUDJPY,down,0.95,1760030225.5455234,No significant market change detected.
AUDJPY,down,0.95,1760030230.6830692,No significant market change detected.
AUDJPY,down,0.95,1760030231.12178,No significant market change detected.
AUDJPY,down,0.95,1760030231.569258,No significant market change detected.
AUDJPY,down,0.95,1760030233.6668575,No significant market change detected.
AUDJPY,down,0.95,1760030234.6133711,No significant market change detected.
AUDJPY,down,0.95,1760030235.0839,No significant market change detected.
AUDJPY,down,0.95,1760030237.05279,No significant market change detected.
AUDJPY,down,0.95,1760030238.3008811,No significant market change detected.
AUDJPY,down,0.95,1760030240.4767408,No significant market change detected.
AUDJPY,down,0.95,1760030243.065587,No significant market change detected.
AUDJPY,down,0.95,1760030243.5023613,No significant market change detected.
AUDJPY,down,0.95,1760030245.2418861,No significant market change detected.
AUDJPY,down,0.95,1760030246.7370286,No significant market change detected.
AUDJPY,down,0.95,1760030248.9348078,No significant market change detected.
AUDJPY,down,0.95,1760030249.6765606,No significant market change detected.
AUDJPY,down,0.95,1760030250.116325,No significant market change detected.
AUDJPY,down,0.95,1760030250.552091,No significant market change detected.
AUDJPY,down,0.95,1760030251.5131547,No significant market change detected.
AUDJPY,down,0.95,1760030252.8743272,No significant market change detected.
AUDJPY,down,0.95,1760030253.3471823,No significant market change detected.
AUDJPY,down,0.95,1760030253.8300273,No significant market change detected.
AUDJPY,down,0.95,1760030255.2969747,No significant market change detected.
AUDJPY,down,0.95,1760030256.3195918,No significant market change detected.
AUDJPY,down,0.95,1760030257.0571494,No significant market change detected.
AUDJPY,down,0.95,1760030257.9808514,No significant market change detected.
AUDJPY,down,0.95,1760030258.4460943,No significant market change detected.
AUDJPY,down,0.95,1760030258.919202,No significant market change detected.
AUDJPY,down,0.95,1760030259.5175648,No significant market change detected.
AUDJPY,down,0.95,1760030259.9537823,No significant market change detected.
AUDJPY,down,0.95,1760030261.080248,No significant market change detected.
AUDJPY,down,0.95,1760030261.708729,No significant market change detected.
AUDJPY,down,0.95,1760030262.1669676,No significant market change detected.
AUDJPY,down,0.95,1760030262.5788856,No significant market change detected.
AUDJPY,down,0.95,1760030263.2673135,No significant market change detected.
AUDJPY,down,0.95,1760030268.6798692,No significant market change detected.
AUDJPY,down,0.95,1760030269.8831415,No significant market change detected.
AUDJPY,down,0.95,1760030270.3263826,No significant market change detected.
AUDJPY,down,0.95,1760030270.7533422,No significant market change detected.
AUDJPY,down,0.95,1760030271.174782,No significant market change detected.
AUDJPY,down,0.95,1760030272.0659099,No significant market change detected.
AUDJPY,down,0.95,1760030272.486323,No significant market change detected.
AUDJPY,down,0.95,1760030272.9044735,No significant market change detected.
AUDJPY,down,0.95,1760030275.0695941,No significant market change detected.
AUDJPY,down,0.95,1760030275.5046039,No significant market change detected.
AUDJPY,down,0.95,1760030275.929997,No significant market change detected.
AUDJPY,down,0.95,1760030276.3690834,No significant market change detected.
AUDJPY,down,0.95,1760030276.8001938,No significant market change detected.
AUDJPY,down,0.95,1760030277.2284615,No significant market change detected.
AUDJPY,down,0.95,1760030277.6499329,No significant market change detected.
AUDJPY,down,0.95,1760030278.5183442,No significant market change detected.
AUDJPY,down,0.95,1760030278.9419627,No significant market change detected.
AUDJPY,down,0.95,1760030279.6256347,No significant market change detected.
AUDJPY,down,0.95,1760030280.107968,No significant market change detected.
AUDJPY,down,0.95,1760030281.0775528,No significant market change detected.
AUDJPY,down,0.95,1760030281.5130289,No significant market change detected.
AUDJPY,down,0.95,1760030281.9583452,No significant market change detected.
AUDJPY,down,0.95,1760030282.387779,No significant market change detected.
AUDJPY,down,0.95,1760030284.2691045,No significant market change detected.
AUDJPY,down,0.95,1760030284.8967028,No significant market change detected.
AUDJPY,down,0.95,1760030285.3356473,No significant market change detected.
AUDJPY,down,0.95,1760030287.275984,No significant market change detected.
AUDJPY,down,0.95,1760030287.700891,No significant market change detected.
AUDJPY,down,0.95,1760030288.1461294,No significant market change detected.
AUDJPY,down,0.95,1760030289.1229217,No significant market change detected.
AUDJPY,down,0.95,1760030289.5526407,No significant market change detected.
AUDJPY,down,0.95,1760030289.973477,No significant market change detected.
AUDJPY,down,0.95,1760030290.4194374,No significant market change detected.
AUDJPY,down,0.95,1760030290.863292,No significant market change detected.
AUDJPY,down,0.95,1760030291.3106005,No significant market change detected.
AUDJPY,down,0.95,1760030291.7349043,No significant market change detected.
AUDJPY,down,0.95,1760030295.0777674,No significant market change detected.
AUDJPY,down,0.95,1760030295.4918137,No significant market change detected.
AUDJPY,down,0.95,1760030296.2810414,No significant market change detected.
AUDJPY,down,0.95,1760030296.7160592,No significant market change detected.
AUDJPY,down,0.95,1760030297.1311154,No significant market change detected.
AUDJPY,down,0.95,1760030297.5699937,No significant market change detected.
AUDJPY,down,0.95,1760030298.5009937,No significant market change detected.
AUDJPY,down,0.95,1760030299.3031125,No significant market change detected.
AUDJPY,down,0.95,1760030299.7404573,No significant market change detected.
AUDJPY,down,0.95,1760030300.3269668,No significant market change detected.
AUDJPY,down,0.95,1760030301.120155,No significant market change detected.
AUDJPY,down,0.95,1760030301.546435,No significant market change detected.
AUDJPY,down,0.95,1760030302.8950322,No significant market change detected.
AUDJPY,down,0.95,1760030303.3293357,No significant market change detected.
AUDJPY,down,0.95,1760030304.4970117,No significant market change detected.
AUDJPY,down,0.95,1760030304.9418762,No significant market change detected.
AUDJPY,down,0.95,1760030305.384202,No significant market change detected.
AUDJPY,down,0.95,1760030306.673088,No significant market change detected.
AUDJPY,down,0.95,1760030307.1007793,No significant market change detected.
AUDJPY,down,0.95,1760030307.5342526,No significant market change detected.
AUDJPY,down,0.95,1760030307.982061,No significant market change detected.
AUDJPY,down,0.95,1760030308.4024084,No significant market change detected.
AUDJPY,down,0.95,1760030309.5885494,No significant market change detected.
AUDJPY,down,0.95,1760030310.676367,No significant market change detected.
AUDJPY,down,0.95,1760030312.6950452,No significant market change detected.
AUDJPY,down,0.95,1760030313.1393812,No significant market change detected.
AUDJPY,down,0.95,1760030313.927499,No significant market change detected.
AUDJPY,down,0.95,1760030314.5193844,No significant market change detected.
AUDJPY,down,0.95,1760030315.9281135,No significant market change detected.
AUDJPY,down,0.95,1760030316.3727646,No significant market change detected.
AUDJPY,down,0.95,1760030318.510139,No significant market change detected.
AUDJPY,down,0.95,1760030318.9557862,No significant market change detected.
AUDJPY,down,0.95,1760030319.4734175,No significant market change detected.
AUDJPY,down,0.95,1760030319.920835,No significant market change detected.
AUDJPY,down,0.95,1760030320.357826,No significant market change detected.
AUDJPY,down,0.95,1760030321.9123068,No significant market change detected.
AUDJPY,down,0.95,1760030322.9078953,No significant market change detected.
AUDJPY,down,0.95,1760030325.478672,No significant market change detected.
AUDJPY,down,0.95,1760030326.8738732,No significant market change detected.
AUDJPY,down,0.95,1760030328.4910786,No significant market change detected.
AUDJPY,down,0.95,1760030329.3085866,No significant market change detected.
AUDJPY,down,0.95,1760030329.7331183,No significant market change detected.
AUDJPY,down,0.95,1760030330.3117082,No significant market change detected.
AUDJPY,down,0.95,1760030330.7428758,No significant market change detected.
AUDJPY,down,0.95,1760030332.5239286,No significant market change detected.
AUDJPY,down,0.95,1760030332.9444208,No significant market change detected.
AUDJPY,down,0.95,1760030333.39212,No significant market change detected.
AUDJPY,down,0.95,1760030334.10816,No significant market change detected.
AUDJPY,down,0.95,1760030334.5226033,No significant market change detected.
AUDJPY,down,0.95,1760030334.974897,No significant market change detected.
AUDJPY,down,0.95,1760030335.744767,No significant market change detected.
AUDJPY,down,0.95,1760030336.3210204,No significant market change detected.
AUDJPY,down,0.95,1760030337.699681,No significant market change detected.
AUDJPY,down,0.95,1760030338.118704,No significant market change detected.
AUDJPY,down,0.95,1760030338.743186,No significant market change detected.
AUDJPY,down,0.95,1760030340.5293865,No significant market change detected.
AUDJPY,down,0.95,1760030340.9732814,No significant market change detected.
AUDJPY,down,0.95,1760030341.924585,No significant market change detected.
AUDJPY,down,0.95,1760030342.3748848,No significant market change detected.
AUDJPY,down,0.95,1760030343.1667094,No significant market change detected.
AUDJPY,down,0.95,1760030343.616267,No significant market change detected.
AUDJPY,down,0.95,1760030344.1466587,No significant market change detected.
AUDJPY,down,0.95,1760030345.1229913,No significant market change detected.
AUDJPY,down,0.95,1760030345.5570982,No significant market change detected.
AUDJPY,down,0.95,1760030346.3571277,No significant market change detected.
AUDJPY,down,0.95,1760030346.9276292,No significant market change detected.
AUDJPY,down,0.95,1760030347.3821962,No significant market change detected.
AUDJPY,down,0.95,1760030349.1419604,No significant market change detected.
AUDJPY,down,0.95,1760030349.5797737,No significant market change detected.
AUDJPY,down,0.95,1760030358.7672987,"### Analysis of AUDJPY

**Market Conditions:**
- **Direction:** Down (High Confidence: 0.95)
- **EMA Fast:** 100.47675 | **EMA Slow:** 100.47746
- **RSI:** 39.73 (Indicating potential oversold conditions)
- **MACD:** -0.00071 (Bearish momentum)

### Reasoning:
1. **EMA Analysis:** The fast EMA is below the slow EMA, which typically signals a bearish trend.
2. **RSI:** The RSI is below 40, suggesting that the asset is in oversold territory, but it does not indicate an immediate reversal.
3. **MACD:** The negative MACD confirms the bearish trend, but its proximity to zero suggests a potential reversal could occur if momentum shifts.

### Suggested Action:
- **Sell AUDJPY:** Given the strong confidence in the downward direction, consider entering a sell position. 
- **Position Size:** Given your current balance of $0.32, ensure that your position size remains manageable to avoid margin calls. A small lot size (e.g., 0.01) is advisable.
- **Stop Loss:** Place a stop loss slightly above the recent high (e.g., around 100.48) to protect against unexpected upward movements.
- **Take Profit:** Set a take profit target at a reasonable level based on recent support levels (e.g., around 100.45).

### Summary:
Enter a sell position on AUDJPY with a small lot size, implement a stop loss to manage risk, and set a take profit target to capitalize on the anticipated downward movement. Monitor market conditions closely for any signs of reversal."
AUDJPY,down,0.95,1760030358.863051,No significant market change detected.
AUDJPY,down,0.95,1760030358.9281144,No significant market change detected.
AUDJPY,down,0.95,1760030359.1865122,No significant market change detected.
AUDJPY,down,0.95,1760030359.6137106,No significant market change detected.
AUDJPY,down,0.95,1760030360.5824318,No significant market change detected.
AUDJPY,down,0.95,1760030361.0425386,No significant market change detected.
AUDJPY,down,0.95,1760030361.4892979,No significant market change detected.
AUDJPY,down,0.95,1760030361.9288695,No significant market change detected.
AUDJPY,down,0.95,1760030362.536898,No significant market change detected.
AUDJPY,down,0.95,1760030362.9578648,No significant market change detected.
AUDJPY,down,0.95,1760030364.9542437,No significant market change detected.
AUDJPY,down,0.95,1760030365.4030786,No significant market change detected.
AUDJPY,down,0.95,1760030365.8570833,No significant market change detected.
AUDJPY,down,0.95,1760030366.98191,No significant market change detected.
AUDJPY,down,0.95,1760030368.1606975,No significant market change detected.
AUDJPY,down,0.95,1760030369.1397495,No significant market change detected.
AUDJPY,down,0.95,1760030369.854644,No significant market change detected.
AUDJPY,down,0.95,1760030370.6995595,No significant market change detected.
AUDJPY,down,0.95,1760030371.117929,No significant market change detected.
AUDJPY,down,0.95,1760030371.965226,No significant market change detected.
AUDJPY,down,0.95,1760030372.405656,No significant market change detected.
AUDJPY,down,0.95,1760030372.8443544,No significant market change detected.
AUDJPY,down,0.95,1760030373.2953691,No significant market change detected.
AUDJPY,down,0.95,1760030373.7089577,No significant market change detected.
AUDJPY,down,0.95,1760030374.1474974,No significant market change detected.
AUDJPY,down,0.95,1760030374.599146,No significant market change detected.
AUDJPY,down,0.95,1760030375.5596044,No significant market change detected.
AUDJPY,down,0.95,1760030376.012301,No significant market change detected.
AUDJPY,down,0.95,1760030376.4398699,No significant market change detected.
AUDJPY,down,0.95,1760030377.1382704,No significant market change detected.
AUDJPY,down,0.95,1760030377.5774877,No significant market change detected.
AUDJPY,down,0.95,1760030378.1993172,No significant market change detected.
AUDJPY,down,0.95,1760030378.6319175,No significant market change detected.
AUDJPY,down,0.95,1760030379.0922925,No significant market change detected.
AUDJPY,down,0.95,1760030379.5339322,No significant market change detected.
AUDJPY,down,0.95,1760030380.1111557,No significant market change detected.
AUDJPY,down,0.95,1760030381.5754294,No significant market change detected.
AUDJPY,down,0.95,1760030382.52964,No significant market change detected.
AUDJPY,down,0.95,1760030383.1238406,No significant market change detected.
AUDJPY,down,0.95,1760030383.5500195,No significant market change detected.
AUDJPY,down,0.95,1760030384.0060074,No significant market change detected.
AUDJPY,down,0.95,1760030384.4109764,No significant market change detected.
AUDJPY,down,0.95,1760030384.832769,No significant market change detected.
AUDJPY,down,0.95,1760030385.238513,No significant market change detected.
AUDJPY,down,0.95,1760030385.66056,No significant market change detected.
AUDJPY,down,0.95,1760030386.3112504,No significant market change detected.
AUDJPY,down,0.95,1760030387.261022,No significant market change detected.
AUDJPY,down,0.95,1760030387.7353382,No significant market change detected.
AUDJPY,down,0.95,1760030388.1754699,No significant market change detected.
AUDJPY,down,0.95,1760030388.6125462,No significant market change detected.
AUDJPY,down,0.95,1760030389.065646,No significant market change detected.
AUDJPY,down,0.95,1760030389.7207267,No significant market change detected.
AUDJPY,down,0.95,1760030390.177268,No significant market change detected.
AUDJPY,down,0.95,1760030390.6271882,No significant market change detected.
AUDJPY,down,0.95,1760030391.2183404,No significant market change detected.
AUDJPY,down,0.95,1760030391.666686,No significant market change detected.
AUDJPY,down,0.95,1760030392.3456798,No significant market change detected.
AUDJPY,down,0.95,1760030392.7843533,No significant market change detected.
AUDJPY,down,0.95,1760030393.2758777,No significant market change detected.
AUDJPY,down,0.95,1760030393.7218585,No significant market change detected.
AUDJPY,down,0.95,1760030394.9854617,No significant market change detected.
AUDJPY,down,0.95,1760030395.5181687,No significant market change detected.
AUDJPY,down,0.95,1760030395.9729574,No significant market change detected.
AUDJPY,down,0.95,1760030397.5802486,No significant market change detected.
AUDJPY,down,0.95,1760030398.0164182,No significant market change detected.
AUDJPY,down,0.95,1760030398.7782595,No significant market change detected.
AUDJPY,down,0.95,1760030399.2065938,No significant market change detected.
AUDJPY,down,0.95,1760030399.6670003,No significant market change detected.
AUDJPY,down,0.95,1760030400.1641333,No significant market change detected.
AUDJPY,down,0.95,1760030400.6193674,No significant market change detected.
AUDJPY,down,0.95,1760030401.1135705,No significant market change detected.
AUDJPY,down,0.95,1760030401.5523722,No significant market change detected.
AUDJPY,down,0.95,1760030401.988085,No significant market change detected.
AUDJPY,down,0.95,1760030402.4366999,No significant market change detected.
AUDJPY,down,0.95,1760030402.9874656,No significant market change detected.
AUDJPY,down,0.95,1760030403.4205174,No significant market change detected.
AUDJPY,down,0.95,1760030403.9267747,No significant market change detected.
AUDJPY,down,0.95,1760030407.1490808,No significant market change detected.
AUDJPY,down,0.95,1760030407.6462429,No significant market change detected.
AUDJPY,down,0.95,1760030408.2350578,No significant market change detected.
AUDJPY,down,0.95,1760030408.6655252,No significant market change detected.
AUDJPY,down,0.95,1760030411.356941,No significant market change detected.
AUDJPY,down,0.95,1760030412.7377317,No significant market change detected.
AUDJPY,down,0.95,1760030413.1878295,No significant market change detected.
AUDJPY,down,0.95,1760030413.7637522,No significant market change detected.
AUDJPY,down,0.95,1760030414.2725413,No significant market change detected.
AUDJPY,down,0.95,1760030415.4173503,No significant market change detected.
AUDJPY,down,0.95,1760030415.8551145,No significant market change detected.
AUDJPY,down,0.95,1760030416.309252,No significant market change detected.
AUDJPY,down,0.95,1760030416.9637399,No significant market change detected.
AUDJPY,down,0.95,1760030417.7377458,No significant market change detected.
AUDJPY,down,0.95,1760030418.5475287,No significant market change detected.
AUDJPY,down,0.95,1760030419.1439564,No significant market change detected.
AUDJPY,down,0.95,1760030419.5823557,No significant market change detected.
AUDJPY,down,0.95,1760030420.0747287,No significant market change detected.
AUDJPY,down,0.95,1760030421.3343883,No significant market change detected.
AUDJPY,down,0.95,1760030421.7400618,No significant market change detected.
AUDJPY,down,0.95,1760030423.6342049,No significant market change detected.
AUDJPY,down,0.95,1760030426.425714,No significant market change detected.
AUDJPY,down,0.95,1760030426.9344018,No significant market change detected.
AUDJPY,down,0.95,1760030427.4121192,No significant market change detected.
AUDJPY,down,0.95,1760030427.9148433,No significant market change detected.
AUDJPY,down,0.95,1760030428.3535035,No significant market change detected.
AUDJPY,down,0.95,1760030428.790626,No significant market change detected.
AUDJPY,down,0.95,1760030429.3906841,No significant market change detected.
AUDJPY,down,0.95,1760030430.2660851,No significant market change detected.
AUDJPY,down,0.95,1760030430.8200524,No significant market change detected.
AUDJPY,down,0.95,1760030431.293564,No significant market change detected.
AUDJPY,down,0.95,1760030431.7377372,No significant market change detected.
AUDJPY,down,0.95,1760030432.2414196,No significant market change detected.
AUDJPY,down,0.95,1760030432.6999004,No significant market change detected.
AUDJPY,down,0.95,1760030433.3832905,No significant market change detected.
AUDJPY,down,0.95,1760030433.866963,No significant market change detected.
AUDJPY,down,0.95,1760030434.3517642,No significant market change detected.
AUDJPY,down,0.95,1760030435.9947495,No significant market change detected.
AUDJPY,down,0.95,1760030436.441915,No significant market change detected.
AUDJPY,down,0.95,1760030436.9608693,No significant market change detected.
AUDJPY,down,0.95,1760030437.6457405,No significant market change detected.
AUDJPY,down,0.95,1760030438.0875673,No significant market change detected.
AUDJPY,down,0.95,1760030439.9718728,No significant market change detected.
AUDJPY,down,0.95,1760030440.9947445,No significant market change detected.
AUDJPY,down,0.95,1760030441.432239,No significant market change detected.
AUDJPY,down,0.95,1760030441.8793793,No significant market change detected.
AUDJPY,down,0.95,1760030442.3241103,No significant market change detected.
AUDJPY,down,0.95,1760030444.1707048,No significant market change detected.
AUDJPY,down,0.95,1760030444.7298455,No significant market change detected.
AUDJPY,down,0.95,1760030445.5044448,No significant market change detected.
AUDJPY,down,0.95,1760030446.1707919,No significant market change detected.
AUDJPY,down,0.95,1760030452.3600795,No significant market change detected.
AUDJPY,down,0.95,1760030454.2349455,No significant market change detected.
AUDJPY,down,0.95,1760030458.9718223,No significant market change detected.
AUDJPY,down,0.95,1760030460.4002595,No significant market change detected.
AUDJPY,down,0.95,1760030461.1694245,No significant market change detected.
AUDJPY,down,0.95,1760030461.720172,No significant market change detected.
AUDJPY,down,0.95,1760030462.3771925,No significant market change detected.
AUDJPY,down,0.95,1760030463.5686388,No significant market change detected.
AUDJPY,down,0.95,1760030465.290172,No significant market change detected.
AUDJPY,down,0.95,1760030465.7903392,No significant market change detected.
AUDJPY,down,0.95,1760030466.264746,No significant market change detected.
AUDJPY,down,0.95,1760030466.6922138,No significant market change detected.
AUDJPY,down,0.95,1760030467.1343536,No significant market change detected.
AUDJPY,down,0.95,1760030468.2950032,No significant market change detected.
AUDJPY,down,0.95,1760030469.783624,No significant market change detected.
AUDJPY,down,0.95,1760030472.3686085,No significant market change detected.
AUDJPY,down,0.95,1760030473.1759813,No significant market change detected.
AUDJPY,down,0.95,1760030475.6010675,No significant market change detected.
AUDJPY,down,0.95,1760030476.1888952,No significant market change detected.
AUDJPY,down,0.95,1760030476.7623339,No significant market change detected.
AUDJPY,down,0.95,1760030477.8168373,No significant market change detected.
AUDJPY,down,0.95,1760030478.3329868,No significant market change detected.
AUDJPY,down,0.95,1760030478.8174996,No significant market change detected.
AUDJPY,down,0.95,1760030480.0687056,No significant market change detected.
AUDJPY,down,0.95,1760030483.9956539,No significant market change detected.
AUDJPY,down,0.95,1760030484.5022326,No significant market change detected.
AUDJPY,down,0.95,1760030485.0728164,No significant market change detected.
AUDJPY,down,0.95,1760030486.1272717,No significant market change detected.
AUDJPY,down,0.95,1760030488.8608844,No significant market change detected.
AUDJPY,down,0.95,1760030489.3403778,No significant market change detected.
AUDJPY,down,0.95,1760030489.8329153,No significant market change detected.
AUDJPY,down,0.95,1760030491.1400805,No significant market change detected.
AUDJPY,down,0.95,1760030491.5742297,No significant market change detected.
AUDJPY,down,0.95,1760030492.226437,No significant market change detected.
AUDJPY,down,0.95,1760030492.8413205,No significant market change detected.
AUDJPY,down,0.95,1760030495.0017607,No significant market change detected.
AUDJPY,down,0.95,1760030495.9583209,No significant market change detected.
AUDJPY,down,0.95,1760030497.4420562,No significant market change detected.
AUDJPY,down,0.95,1760030497.8835382,No significant market change detected.
AUDJPY,down,0.95,1760030498.3971794,No significant market change detected.
AUDJPY,down,0.95,1760030498.8531182,No significant market change detected.
AUDJPY,down,0.95,1760030500.325637,No significant market change detected.
AUDJPY,down,0.95,1760030500.991755,No significant market change detected.
AUDJPY,down,0.95,1760030501.512446,No significant market change detected.
AUDJPY,down,0.95,1760030501.9421186,No significant market change detected.
AUDJPY,down,0.95,1760030503.6691766,No significant market change detected.
AUDJPY,down,0.95,1760030504.100598,No significant market change detected.
AUDJPY,down,0.95,1760030504.5541754,No significant market change detected.
AUDJPY,down,0.95,1760030505.286478,No significant market change detected.
AUDJPY,down,0.95,1760030505.7892864,No significant market change detected.
AUDJPY,down,0.95,1760030506.262794,No significant market change detected.
AUDJPY,down,0.95,1760030506.7885046,No significant market change detected.
AUDJPY,down,0.95,1760030508.8196447,No significant market change detected.
AUDJPY,down,0.95,1760030509.3596582,No significant market change detected.
AUDJPY,down,0.95,1760030509.85769,No significant market change detected.
AUDJPY,down,0.95,1760030510.411885,No significant market change detected.
AUDJPY,down,0.95,1760030510.8893602,No significant market change detected.
AUDJPY,down,0.95,1760030511.8668573,No significant market change detected.
AUDJPY,down,0.95,1760030513.422254,No significant market change detected.
AUDJPY,down,0.95,1760030514.824287,No significant market change detected.
AUDJPY,down,0.95,1760030516.830643,No significant market change detected.
AUDJPY,down,0.95,1760030517.3182921,No significant market change detected.
AUDJPY,down,0.95,1760030517.8394203,No significant market change detected.
AUDJPY,down,0.95,1760030520.1050367,No significant market change detected.
AUDJPY,down,0.95,1760030520.5560915,No significant market change detected.
AUDJPY,down,0.95,1760030522.5960147,No significant market change detected.
AUDJPY,down,0.95,1760030523.694155,No significant market change detected.
AUDJPY,down,0.95,1760030524.6637158,No significant market change detected.
AUDJPY,down,0.95,1760030525.6315684,No significant market change detected.
AUDJPY,down,0.95,1760030526.2330186,No significant market change detected.
AUDJPY,down,0.95,1760030529.2783103,No significant market change detected.
AUDJPY,down,0.95,1760030529.7728107,No significant market change detected.
AUDJPY,down,0.95,1760030530.2853954,No significant market change detected.
AUDJPY,down,0.95,1760030530.742309,No significant market change detected.
AUDJPY,down,0.95,1760030532.0912657,No significant market change detected.
AUDJPY,down,0.95,1760030533.1252813,No significant market change detected.
AUDJPY,down,0.95,1760030535.3186648,No significant market change detected.
AUDJPY,down,0.95,1760030535.8489625,No significant market change detected.
AUDJPY,down,0.95,1760030536.2846193,No significant market change detected.
AUDJPY,down,0.95,1760030538.072374,No significant market change detected.
AUDJPY,down,0.95,1760030538.5714226,No significant market change detected.
AUDJPY,down,0.95,1760030543.8453352,No significant market change detected.
AUDJPY,down,0.95,1760030544.479389,No significant market change detected.
AUDJPY,down,0.95,1760030555.2780404,No significant market change detected.
AUDJPY,down,0.95,1760030557.4897158,No significant market change detected.
AUDJPY,down,0.95,1760030559.7072613,No significant market change detected.
AUDJPY,down,0.95,1760030560.452819,No significant market change detected.
AUDJPY,down,0.95,1760030561.0181177,No significant market change detected.
AUDJPY,down,0.95,1760030562.6224709,No significant market change detected.
AUDJPY,down,0.95,1760030563.0678592,No significant market change detected.
AUDJPY,down,0.95,1760030563.5275154,No significant market change detected.
AUDJPY,down,0.95,1760030564.7170198,No significant market change detected.
AUDJPY,down,0.95,1760030566.8725493,No significant market change detected.
AUDJPY,down,0.95,1760030567.463818,No significant market change detected.
AUDJPY,down,0.95,1760030567.9259355,No significant market change detected.
AUDJPY,down,0.95,1760030568.656494,No significant market change detected.
AUDJPY,down,0.95,1760030569.1101243,No significant market change detected.
AUDJPY,down,0.95,1760030569.6141126,No significant market change detected.
AUDJPY,down,0.95,1760030570.2899582,No significant market change detected.
AUDJPY,down,0.95,1760030570.8393345,No significant market change detected.
AUDJPY,down,0.95,1760030571.2941544,No significant market change detected.
AUDJPY,down,0.95,1760030572.133549,No significant market change detected.
AUDJPY,down,0.95,1760030573.3255348,No significant market change detected.
AUDJPY,down,0.95,1760030575.5611656,No significant market change detected.
AUDJPY,down,0.95,1760030576.0676916,No significant market change detected.
AUDJPY,down,0.95,1760030576.6035156,No significant market change detected.
AUDJPY,down,0.95,1760030577.085571,No significant market change detected.
AUDJPY,down,0.95,1760030577.648174,No significant market change detected.
AUDJPY,down,0.95,1760030578.326269,No significant market change detected.
AUDJPY,down,0.95,1760030578.8139436,No significant market change detected.
AUDJPY,down,0.95,1760030580.5606482,No significant market change detected.
AUDJPY,down,0.95,1760030581.0152786,No significant market change detected.
AUDJPY,down,0.95,1760030584.6919544,No significant market change detected.
AUDJPY,down,0.95,1760030585.230704,No significant market change detected.
AUDJPY,down,0.95,1760030585.920397,No significant market change detected.
AUDJPY,down,0.95,1760030587.347237,No significant market change detected.
AUDJPY,down,0.95,1760030587.8471482,No significant market change detected.
AUDJPY,down,0.95,1760030589.864914,No significant market change detected.
AUDJPY,down,0.95,1760030590.8630843,No significant market change detected.
AUDJPY,down,0.95,1760030591.3180017,No significant market change detected.
AUDJPY,down,0.95,1760030591.84897,No significant market change detected.
AUDJPY,down,0.95,1760030592.2975774,No significant market change detected.
AUDJPY,down,0.95,1760030592.838138,No significant market change detected.
AUDJPY,down,0.95,1760030593.3280914,No significant market change detected.
AUDJPY,down,0.95,1760030595.5207043,No significant market change detected.
AUDJPY,down,0.95,1760030595.9757128,No significant market change detected.
AUDJPY,down,0.95,1760030597.2980905,No significant market change detected.
AUDJPY,down,0.95,1760030597.8009517,No significant market change detected.
AUDJPY,down,0.95,1760030599.5125263,No significant market change detected.
AUDJPY,down,0.95,1760030602.291515,No significant market change detected.
AUDJPY,down,0.95,1760030602.739708,No significant market change detected.
AUDJPY,down,0.95,1760030603.4969444,No significant market change detected.
AUDJPY,down,0.95,1760030607.1253998,No significant market change detected.
AUDJPY,down,0.95,1760030608.1824942,No significant market change detected.
AUDJPY,down,0.95,1760030608.6907468,No significant market change detected.
AUDJPY,down,0.95,1760030609.2237992,No significant market change detected.
AUDJPY,down,0.95,1760030609.6722157,No significant market change detected.
AUDJPY,down,0.95,1760030610.1746995,No significant market change detected.
AUDJPY,down,0.95,1760030610.680705,No significant market change detected.
AUDJPY,down,0.95,1760030612.5487788,No significant market change detected.
AUDJPY,down,0.95,1760030613.113333,No significant market change detected.
AUDJPY,down,0.95,1760030613.6387553,No significant market change detected.
AUDJPY,down,0.95,1760030614.3362093,No significant market change detected.
AUDJPY,down,0.95,1760030614.8217075,No significant market change detected.
AUDJPY,down,0.95,1760030615.349816,No significant market change detected.
AUDJPY,down,0.95,1760030615.886181,No significant market change detected.
AUDJPY,down,0.95,1760030616.3410294,No significant market change detected.
AUDJPY,down,0.95,1760030616.821621,No significant market change detected.
AUDJPY,down,0.95,1760030617.3033361,No significant market change detected.
AUDJPY,down,0.95,1760030617.7450118,No significant market change detected.
AUDJPY,down,0.95,1760030618.2911496,No significant market change detected.
AUDJPY,down,0.95,1760030618.9085808,No significant market change detected.
AUDJPY,down,0.95,1760030619.4516883,No significant market change detected.
AUDJPY,down,0.95,1760030619.9306068,No significant market change detected.
AUDJPY,down,0.95,1760030620.5015676,No significant market change detected.
AUDJPY,down,0.95,1760030620.9477577,No significant market change detected.
AUDJPY,down,0.95,1760030621.476301,No significant market change detected.
AUDJPY,down,0.95,1760030621.9398181,No significant market change detected.
AUDJPY,down,0.95,1760030622.5083604,No significant market change detected.
AUDJPY,down,0.95,1760030622.959452,No significant market change detected.
AUDJPY,down,0.95,1760030624.3007655,No significant market change detected.
AUDJPY,down,0.95,1760030625.090421,No significant market change detected.
AUDJPY,down,0.95,1760031209.1951747,"Given your analysis of AUDJPY, here's a concise breakdown:

### Current Analysis:
- **Direction**: Down (Confidence: 0.95)
- **EMA Fast (100.47305) vs. EMA Slow (100.47568)**: The fast EMA is below the slow EMA, indicating a potential bearish trend.
- **RSI (38.94465)**: Below 40, suggesting the pair is nearing oversold conditions, but still supports the bearish outlook.
- **MACD (-0.00263)**: Negative value indicates bearish momentum.

### Position History:
- Your recent positions have not yielded any profit, indicating a cautious approach is warranted.

### Account Info:
- **Balance**: $0.32 (very low), which limits your ability to take new positions without risking significant drawdown.

### Suggested Action:
1. **Do Not Open New Positions**: With only $0.32 in your account, avoid opening new trades to prevent margin calls.
2. **Monitor Market Conditions**: Keep an eye on AUDJPY for potential confirmation of a downtrend. Look for price action below the EMAs for further confirmation.
3. **Consider Risk Management**: If you plan to trade in the future, ensure your account has a higher balance to accommodate potential losses and margin requirements.
4. **Review Economic News**: Pay attention to any economic announcements related to AUD or JPY that may impact the pair.

### Conclusion:
Due to your current account balance and the analysis supporting a bearish trend, it’s advisable to refrain from trading AUDJPY until your balance improves or you have a clearer signal for entry."
AUDJPY,down,0.95,1760031209.312232,No significant market change detected.
AUDJPY,down,0.95,1760031209.3966317,No significant market change detected.
AUDJPY,down,0.95,1760031209.6915433,No significant market change detected.
AUDJPY,down,0.95,1760031210.5801427,No significant market change detected.
AUDJPY,down,0.95,1760031211.0989354,No significant market change detected.
AUDJPY,down,0.95,1760031211.5563462,No significant market change detected.
AUDJPY,down,0.95,1760031212.749559,No significant market change detected.
AUDJPY,down,0.95,1760031213.2740276,No significant market change detected.
AUDJPY,down,0.95,1760031213.9745839,No significant market change detected.
AUDJPY,down,0.95,1760031215.5595863,No significant market change detected.
AUDJPY,down,0.95,1760031216.5545993,No significant market change detected.
AUDJPY,down,0.95,1760031217.0728216,No significant market change detected.
AUDJPY,down,0.95,1760031217.509916,No significant market change detected.
AUDJPY,down,0.95,1760031217.9344575,No significant market change detected.
AUDJPY,down,0.95,1760031218.388074,No significant market change detected.
AUDJPY,down,0.95,1760031218.8799977,No significant market change detected.
AUDJPY,down,0.95,1760031219.3658452,No significant market change detected.
AUDJPY,down,0.95,1760031219.8381004,No significant market change detected.
AUDJPY,down,0.95,1760031220.3797185,No significant market change detected.
AUDJPY,down,0.95,1760031220.8205895,No significant market change detected.
AUDJPY,down,0.95,1760031221.317011,No significant market change detected.
AUDJPY,down,0.95,1760031221.8006184,No significant market change detected.
AUDJPY,down,0.95,1760031222.3663688,No significant market change detected.
AUDJPY,down,0.95,1760031223.6023307,No significant market change detected.
AUDJPY,down,0.95,1760031224.3738184,No significant market change detected.
AUDJPY,down,0.95,1760031224.8781602,No significant market change detected.
AUDJPY,down,0.95,1760031226.948421,No significant market change detected.
AUDJPY,down,0.95,1760031227.426245,No significant market change detected.
AUDJPY,down,0.95,1760031229.3995416,No significant market change detected.
AUDJPY,down,0.95,1760031229.88432,No significant market change detected.
AUDJPY,down,0.95,1760031231.8328707,No significant market change detected.
AUDJPY,down,0.95,1760031232.3429527,No significant market change detected.
AUDJPY,down,0.95,1760031232.8420877,No significant market change detected.
AUDJPY,down,0.95,1760031233.3455813,No significant market change detected.
AUDJPY,down,0.95,1760031233.7984295,No significant market change detected.
AUDJPY,down,0.95,1760031234.2621791,No significant market change detected.
AUDJPY,down,0.95,1760031234.7457137,No significant market change detected.
AUDJPY,down,0.95,1760031235.1912665,No significant market change detected.
AUDJPY,down,0.95,1760031235.6533818,No significant market change detected.
AUDJPY,down,0.95,1760031236.153025,No significant market change detected.
AUDJPY,down,0.95,1760031236.6739872,No significant market change detected.
AUDJPY,down,0.95,1760031238.5825584,No significant market change detected.
AUDJPY,down,0.95,1760031239.0774758,No significant market change detected.
AUDJPY,down,0.95,1760031239.5617325,No significant market change detected.
AUDJPY,down,0.95,1760031241.3912838,No significant market change detected.
AUDJPY,down,0.95,1760031241.9153094,No significant market change detected.
AUDJPY,down,0.95,1760031242.380714,No significant market change detected.
AUDJPY,down,0.95,1760031242.970077,No significant market change detected.
AUDJPY,down,0.95,1760031243.5347676,No significant market change detected.
AUDJPY,down,0.95,1760031243.9714367,No significant market change detected.
AUDJPY,down,0.95,1760031244.7870383,No significant market change detected.
AUDJPY,down,0.95,1760031245.7589352,No significant market change detected.
AUDJPY,down,0.95,1760031246.386227,No significant market change detected.
AUDJPY,down,0.95,1760031246.832526,No significant market change detected.
AUDJPY,down,0.95,1760031248.190556,No significant market change detected.
AUDJPY,down,0.95,1760031248.637142,No significant market change detected.
AUDJPY,down,0.95,1760031249.0819237,No significant market change detected.
AUDJPY,down,0.95,1760031249.4810266,No significant market change detected.
AUDJPY,down,0.95,1760031249.9427788,No significant market change detected.
AUDJPY,down,0.95,1760031250.3883228,No significant market change detected.
AUDJPY,down,0.95,1760031250.8245118,No significant market change detected.
AUDJPY,down,0.95,1760031251.270461,No significant market change detected.
AUDJPY,down,0.95,1760031251.7236874,No significant market change detected.
AUDJPY,down,0.95,1760031252.1784778,No significant market change detected.
AUDJPY,down,0.95,1760031252.8050635,No significant market change detected.
AUDJPY,down,0.95,1760031255.9909835,No significant market change detected.
AUDJPY,down,0.95,1760031256.4452128,No significant market change detected.
AUDJPY,down,0.95,1760031256.8947685,No significant market change detected.
AUDJPY,down,0.95,1760031258.0643725,No significant market change detected.
AUDJPY,down,0.95,1760031258.5754428,No significant market change detected.
AUDJPY,down,0.95,1760031260.167775,No significant market change detected.
AUDJPY,down,0.95,1760031260.607229,No significant market change detected.
AUDJPY,down,0.95,1760031261.0558872,No significant market change detected.
AUDJPY,down,0.95,1760031261.4862106,No significant market change detected.
AUDJPY,down,0.95,1760031261.9335833,No significant market change detected.
AUDJPY,down,0.95,1760031262.379772,No significant market change detected.
AUDJPY,down,0.95,1760031263.9899151,No significant market change detected.
AUDJPY,down,0.95,1760031264.4397707,No significant market change detected.
AUDJPY,down,0.95,1760031264.8881233,No significant market change detected.
AUDJPY,down,0.95,1760031267.0121922,No significant market change detected.
AUDJPY,down,0.95,1760031267.5211086,No significant market change detected.
AUDJPY,down,0.95,1760031269.8005545,No significant market change detected.
AUDJPY,down,0.95,1760031270.2509243,No significant market change detected.
AUDJPY,down,0.95,1760031270.7111483,No significant market change detected.
AUDJPY,down,0.95,1760031273.2232733,No significant market change detected.
AUDJPY,down,0.95,1760031274.3574438,No significant market change detected.
AUDJPY,down,0.95,1760031274.7928896,No significant market change detected.
AUDJPY,down,0.95,1760031275.5776303,No significant market change detected.
AUDJPY,down,0.95,1760031280.5496316,No significant market change detected.
AUDJPY,down,0.95,1760031280.9705112,No significant market change detected.
AUDJPY,down,0.95,1760031281.4137423,No significant market change detected.
AUDJPY,down,0.95,1760031281.8567674,No significant market change detected.
AUDJPY,down,0.95,1760031282.282571,No significant market change detected.
AUDJPY,down,0.95,1760031285.1681142,No significant market change detected.
AUDJPY,down,0.95,1760031285.6015165,No significant market change detected.
AUDJPY,down,0.95,1760031286.047745,No significant market change detected.
AUDJPY,down,0.95,1760031286.4959655,No significant market change detected.
AUDJPY,down,0.95,1760031287.4105852,No significant market change detected.
AUDJPY,down,0.95,1760031287.9940543,No significant market change detected.
AUDJPY,down,0.95,1760031288.5212083,No significant market change detected.
AUDJPY,down,0.95,1760031289.0037081,No significant market change detected.
AUDJPY,down,0.95,1760031291.3998876,No significant market change detected.
AUDJPY,down,0.95,1760031292.0080912,No significant market change detected.
AUDJPY,down,0.95,1760031292.4604347,No significant market change detected.
AUDJPY,down,0.95,1760031293.410977,No significant market change detected.
AUDJPY,down,0.95,1760031294.1766624,No significant market change detected.
AUDJPY,down,0.95,1760031294.7625146,No significant market change detected.
AUDJPY,down,0.95,1760031296.9986327,No significant market change detected.
AUDJPY,down,0.95,1760031297.4363606,No significant market change detected.
AUDJPY,down,0.95,1760031298.5752208,No significant market change detected.
AUDJPY,down,0.95,1760031299.0379643,No significant market change detected.
AUDJPY,down,0.95,1760031300.1761749,No significant market change detected.
AUDJPY,down,0.95,1760031301.0099015,No significant market change detected.
AUDJPY,down,0.95,1760031301.4613202,No significant market change detected.
AUDJPY,down,0.95,1760031302.6297576,No significant market change detected.
AUDJPY,down,0.95,1760031303.7871025,No significant market change detected.
AUDJPY,down,0.95,1760031304.2138622,No significant market change detected.
AUDJPY,down,0.95,1760031305.2376711,No significant market change detected.
AUDJPY,down,0.95,1760031305.6740816,No significant market change detected.
AUDJPY,down,0.95,1760031306.1209564,No significant market change detected.
AUDJPY,down,0.95,1760031306.5698862,No significant market change detected.
AUDJPY,down,0.95,1760031307.2654212,No significant market change detected.
AUDJPY,down,0.95,1760031308.5828938,No significant market change detected.
AUDJPY,down,0.95,1760031309.044885,No significant market change detected.
AUDJPY,down,0.95,1760031309.4690752,No significant market change detected.
AUDJPY,down,0.95,1760031313.2449327,No significant market change detected.
AUDJPY,down,0.95,1760031313.6700041,No significant market change detected.
AUDJPY,down,0.95,1760031314.1183634,No significant market change detected.
AUDJPY,down,0.95,1760031314.5538425,No significant market change detected.
AUDJPY,down,0.95,1760031317.589141,No significant market change detected.
AUDJPY,down,0.95,1760031319.5915825,No significant market change detected.
AUDJPY,down,0.95,1760031321.4313967,No significant market change detected.
AUDJPY,down,0.95,1760031322.2162352,No significant market change detected.
AUDJPY,down,0.95,1760031322.6406868,No significant market change detected.
AUDJPY,down,0.95,1760031323.5872302,No significant market change detected.
AUDJPY,down,0.95,1760031324.0259855,No significant market change detected.
AUDJPY,down,0.95,1760031324.621483,No significant market change detected.
AUDJPY,down,0.95,1760031325.6049783,No significant market change detected.
AUDJPY,down,0.95,1760031328.0211358,No significant market change detected.
AUDJPY,down,0.95,1760031329.6151133,No significant market change detected.
AUDJPY,down,0.95,1760031330.6091728,No significant market change detected.
AUDJPY,down,0.95,1760031331.853979,No significant market change detected.
AUDJPY,down,0.95,1760031333.9309514,No significant market change detected.
AUDJPY,down,0.95,1760031334.8489318,No significant market change detected.
AUDJPY,down,0.95,1760031337.0676448,No significant market change detected.
AUDJPY,down,0.95,1760031339.0190923,No significant market change detected.
AUDJPY,down,0.95,1760031342.8320117,No significant market change detected.
AUDJPY,down,0.95,1760031345.4270103,No significant market change detected.
AUDJPY,down,0.95,1760031347.6218784,No significant market change detected.
AUDJPY,down,0.95,1760031348.7485197,No significant market change detected.
AUDJPY,down,0.95,1760031350.8436043,No significant market change detected.
AUDJPY,down,0.95,1760031351.4380066,No significant market change detected.
AUDJPY,down,0.95,1760031353.6576908,No significant market change detected.
AUDJPY,down,0.95,1760031354.1150157,No significant market change detected.
AUDJPY,down,0.95,1760031356.2258704,No significant market change detected.
AUDJPY,down,0.95,1760031356.6532292,No significant market change detected.
AUDJPY,down,0.95,1760031357.1056974,No significant market change detected.
AUDJPY,down,0.95,1760031361.0970838,No significant market change detected.
AUDJPY,down,0.95,1760031361.5350952,No significant market change detected.
AUDJPY,down,0.95,1760031361.9793768,No significant market change detected.
AUDJPY,down,0.95,1760031363.761203,No significant market change detected.
AUDJPY,down,0.95,1760031365.4392865,No significant market change detected.
AUDJPY,down,0.95,1760031367.2755117,No significant market change detected.
AUDJPY,down,0.95,1760031367.7081232,No significant market change detected.
AUDJPY,down,0.95,1760031368.1789083,No significant market change detected.
AUDJPY,down,0.95,1760031368.595767,No significant market change detected.
AUDJPY,down,0.95,1760031369.0508795,No significant market change detected.
AUDJPY,down,0.95,1760031369.4986806,No significant market change detected.
AUDJPY,down,0.95,1760031369.9608521,No significant market change detected.
AUDJPY,down,0.95,1760031370.4602108,No significant market change detected.
AUDJPY,down,0.95,1760031372.0997798,No significant market change detected.
AUDJPY,down,0.95,1760031372.5494883,No significant market change detected.
AUDJPY,down,0.95,1760031373.0039353,No significant market change detected.
AUDJPY,down,0.95,1760031373.4580472,No significant market change detected.
AUDJPY,down,0.95,1760031373.9060133,No significant market change detected.
AUDJPY,down,0.95,1760031374.3481562,No significant market change detected.
AUDJPY,down,0.95,1760031374.773477,No significant market change detected.
AUDJPY,down,0.95,1760031375.233519,No significant market change detected.
AUDJPY,down,0.95,1760031375.6438189,No significant market change detected.
AUDJPY,down,0.95,1760031377.2993014,No significant market change detected.
AUDJPY,down,0.95,1760031379.4786947,No significant market change detected.
AUDJPY,down,0.95,1760031380.068047,No significant market change detected.
AUDJPY,down,0.95,1760031383.4714057,No significant market change detected.
AUDJPY,down,0.95,1760031384.6297953,No significant market change detected.
AUDJPY,down,0.95,1760031386.4733481,No significant market change detected.
AUDJPY,down,0.95,1760031387.5159624,No significant market change detected.
AUDJPY,down,0.95,1760031388.2683032,No significant market change detected.
AUDJPY,down,0.95,1760031389.475677,No significant market change detected.
AUDJPY,down,0.95,1760031389.9306738,No significant market change detected.
AUDJPY,down,0.95,1760031390.63484,No significant market change detected.
AUDJPY,down,0.95,1760031391.4957445,No significant market change detected.
AUDJPY,down,0.95,1760031391.9535344,No significant market change detected.
AUDJPY,down,0.95,1760031392.4894097,No significant market change detected.
AUDJPY,down,0.95,1760031394.8566604,No significant market change detected.
AUDJPY,down,0.95,1760031395.4517574,No significant market change detected.
AUDJPY,down,0.95,1760031395.8703904,No significant market change detected.
AUDJPY,down,0.95,1760031396.30744,No significant market change detected.
AUDJPY,down,0.95,1760031396.7317932,No significant market change detected.
AUDJPY,down,0.95,1760031397.1422162,No significant market change detected.
AUDJPY,down,0.95,1760031397.585472,No significant market change detected.
AUDJPY,down,0.95,1760031405.3124924,No significant market change detected.
AUDJPY,down,0.95,1760031406.8744948,No significant market change detected.
AUDJPY,down,0.95,1760031408.2522905,No significant market change detected.
AUDJPY,down,0.95,1760031409.5317252,No significant market change detected.
AUDJPY,down,0.95,1760031414.166379,No significant market change detected.
AUDJPY,down,0.95,1760031414.625838,No significant market change detected.
AUDJPY,down,0.95,1760031415.3047023,No significant market change detected.
AUDJPY,down,0.95,1760031417.869568,No significant market change detected.
AUDJPY,down,0.95,1760031419.6737719,No significant market change detected.
AUDJPY,down,0.95,1760031420.3022444,No significant market change detected.
AUDJPY,down,0.95,1760031421.4858382,No significant market change detected.
AUDJPY,down,0.95,1760031423.1588387,No significant market change detected.
AUDJPY,down,0.95,1760031424.5786326,No significant market change detected.
AUDJPY,down,0.95,1760031425.9201589,No significant market change detected.
AUDJPY,down,0.95,1760031426.5080183,No significant market change detected.
AUDJPY,down,0.95,1760031427.9096596,No significant market change detected.
AUDJPY,down,0.95,1760031429.5092144,No significant market change detected.
AUDJPY,down,0.95,1760031436.913793,No significant market change detected.
AUDJPY,down,0.95,1760031437.7147512,No significant market change detected.
AUDJPY,down,0.95,1760031439.708687,No significant market change detected.
AUDJPY,down,0.95,1760031440.2298317,No significant market change detected.
AUDJPY,down,0.95,1760031443.5527475,No significant market change detected.
AUDJPY,down,0.95,1760031445.4865477,No significant market change detected.
AUDJPY,down,0.95,1760031449.7150884,No significant market change detected.
AUDJPY,down,0.95,1760031451.1018562,No significant market change detected.
AUDJPY,down,0.95,1760031451.5231526,No significant market change detected.
AUDJPY,down,0.95,1760031452.1151228,No significant market change detected.
AUDJPY,down,0.95,1760031452.8893125,No significant market change detected.
AUDJPY,down,0.95,1760031453.3049548,No significant market change detected.
AUDJPY,down,0.95,1760031453.7240496,No significant market change detected.
AUDJPY,down,0.95,1760031455.2670004,No significant market change detected.
AUDJPY,down,0.95,1760031455.7113273,No significant market change detected.
AUDJPY,down,0.95,1760031456.1557186,No significant market change detected.
AUDJPY,down,0.95,1760031456.923755,No significant market change detected.
AUDJPY,down,0.95,1760031457.3383198,No significant market change detected.
AUDJPY,down,0.95,1760031457.7700446,No significant market change detected.
AUDJPY,down,0.95,1760031458.169989,No significant market change detected.
AUDJPY,down,0.95,1760031458.5811527,No significant market change detected.
AUDJPY,down,0.95,1760031458.9975615,No significant market change detected.
AUDJPY,down,0.95,1760031459.8897903,No significant market change detected.
AUDJPY,down,0.95,1760031460.3297052,No significant market change detected.
AUDJPY,down,0.95,1760031462.3233933,No significant market change detected.
AUDJPY,down,0.95,1760031463.2891448,No significant market change detected.
AUDJPY,down,0.95,1760031463.711067,No significant market change detected.
AUDJPY,down,0.95,1760031464.133735,No significant market change detected.
AUDJPY,down,0.95,1760031466.097739,No significant market change detected.
AUDJPY,down,0.95,1760031466.5290427,No significant market change detected.
AUDJPY,down,0.95,1760031466.941636,No significant market change detected.
AUDJPY,down,0.95,1760031468.7242124,No significant market change detected.
AUDJPY,down,0.95,1760031469.5424867,No significant market change detected.
AUDJPY,down,0.95,1760031471.31057,No significant market change detected.
AUDJPY,down,0.95,1760031471.92415,No significant market change detected.
AUDJPY,down,0.95,1760031480.3372393,No significant market change detected.
AUDJPY,down,0.95,1760031482.6143982,No significant market change detected.
AUDJPY,down,0.95,1760031483.191909,No significant market change detected.
AUDJPY,down,0.95,1760031485.3604157,No significant market change detected.
AUDJPY,down,0.95,1760031485.8042927,No significant market change detected.
AUDJPY,down,0.95,1760031486.287466,No significant market change detected.
AUDJPY,down,0.95,1760031487.9662926,No significant market change detected.
AUDJPY,down,0.95,1760031488.5108,No significant market change detected.
AUDJPY,down,0.95,1760031488.9619281,No significant market change detected.
AUDJPY,down,0.95,1760031490.4134133,No significant market change detected.
AUDJPY,down,0.95,1760031491.010714,No significant market change detected.
AUDJPY,down,0.95,1760031491.6599476,No significant market change detected.
AUDJPY,down,0.95,1760031494.3834717,No significant market change detected.
AUDJPY,down,0.95,1760031495.7564275,No significant market change detected.
AUDJPY,down,0.95,1760031496.4253345,No significant market change detected.
AUDJPY,down,0.95,1760031496.8918734,No significant market change detected.
AUDJPY,down,0.95,1760031498.8580623,No significant market change detected.
AUDJPY,down,0.95,1760031499.3751552,No significant market change detected.
AUDJPY,down,0.95,1760031499.8905275,No significant market change detected.
AUDJPY,down,0.95,1760031500.3272288,No significant market change detected.
AUDJPY,down,0.95,1760031510.2858782,"### Analysis for AUDJPY

**Market Sentiment:**
- **Direction:** Down
- **Confidence Level:** 0.95 (High confidence in downward movement)

**Technical Indicators:**
- **EMA Fast vs. EMA Slow:** The fast EMA (100.47875) is slightly above the slow EMA (100.47842), indicating a potential bearish crossover, which supports the downward sentiment.
- **RSI:** At 40.27, indicating bearish momentum but not yet in oversold territory.
- **MACD:** The positive MACD value (0.00032) suggests that while there might be some upward pressure, it is weak and not contradicting the bearish view.

### Suggested Action:
1. **Position:** Consider entering a short position on AUDJPY given the high confidence in a downward movement.
2. **Lot Size:** Given your account balance of $0.32, a small lot size of 0.01 is appropriate to manage risk effectively.
3. **Stop Loss:** Set a stop loss above the recent high (just above 100.48) to limit potential losses.
4. **Take Profit:** Aim for a take profit level around 100.20 to capture potential downward movement.

### Rationale:
- The combination of EMA positioning, RSI levels, and high confidence suggests a strong likelihood of downward movement.
- Given your account balance, maintaining a conservative approach with small lot sizes is essential to avoid over-leveraging.

### Reminder:
Always ensure to monitor market conditions and adjust your strategy as necessary."
AUDJPY,down,0.95,1760031510.4439063,No significant market change detected.
AUDJPY,down,0.95,1760031510.5444043,No significant market change detected.
AUDJPY,down,0.95,1760031510.755775,No significant market change detected.
AUDJPY,down,0.95,1760031511.2680259,No significant market change detected.
AUDJPY,down,0.95,1760031512.3540576,No significant market change detected.
AUDJPY,down,0.95,1760031513.4347303,No significant market change detected.
AUDJPY,down,0.95,1760031514.2800817,No significant market change detected.
AUDJPY,down,0.95,1760031514.717665,No significant market change detected.
AUDJPY,down,0.95,1760031515.3212266,No significant market change detected.
AUDJPY,down,0.95,1760031522.7461057,No significant market change detected.
AUDJPY,down,0.95,1760031523.3159053,No significant market change detected.
AUDJPY,down,0.95,1760031524.6651168,No significant market change detected.
AUDJPY,down,0.95,1760031525.1047654,No significant market change detected.
AUDJPY,down,0.95,1760031525.557535,No significant market change detected.
AUDJPY,down,0.95,1760031527.2628508,No significant market change detected.
AUDJPY,down,0.95,1760031530.2812939,No significant market change detected.
AUDJPY,down,0.95,1760031530.7907135,No significant market change detected.
AUDJPY,down,0.95,1760031531.320305,No significant market change detected.
AUDJPY,down,0.95,1760031531.7554967,No significant market change detected.
AUDJPY,down,0.95,1760031533.819445,No significant market change detected.
AUDJPY,down,0.95,1760031536.248835,No significant market change detected.
AUDJPY,down,0.95,1760031536.796655,No significant market change detected.
AUDJPY,down,0.95,1760031537.2453504,No significant market change detected.
AUDJPY,down,0.95,1760031537.7238953,No significant market change detected.
AUDJPY,down,0.95,1760031539.7672105,No significant market change detected.
AUDJPY,down,0.95,1760031542.525934,No significant market change detected.
AUDJPY,down,0.95,1760031544.46973,No significant market change detected.
AUDJPY,down,0.95,1760031546.3946345,No significant market change detected.
AUDJPY,down,0.95,1760031547.2237232,No significant market change detected.
AUDJPY,down,0.95,1760031547.6889749,No significant market change detected.
AUDJPY,down,0.95,1760031548.3851812,No significant market change detected.
AUDJPY,down,0.95,1760031549.0452545,No significant market change detected.
AUDJPY,down,0.95,1760031550.254081,No significant market change detected.
AUDJPY,down,0.95,1760031551.2267392,No significant market change detected.
AUDJPY,down,0.95,1760031551.7163095,No significant market change detected.
AUDJPY,down,0.95,1760031553.830801,No significant market change detected.
AUDJPY,down,0.95,1760031554.2911363,No significant market change detected.
AUDJPY,down,0.95,1760031554.8376377,No significant market change detected.
AUDJPY,down,0.95,1760031555.3676858,No significant market change detected.
AUDJPY,down,0.95,1760031556.0428462,No significant market change detected.
AUDJPY,down,0.95,1760031556.5116913,No significant market change detected.
AUDJPY,down,0.95,1760031557.4354186,No significant market change detected.
AUDJPY,down,0.95,1760031558.0511026,No significant market change detected.
AUDJPY,down,0.95,1760031559.1103628,No significant market change detected.
AUDJPY,down,0.95,1760031559.6922464,No significant market change detected.
AUDJPY,down,0.95,1760031560.6265972,No significant market change detected.
AUDJPY,down,0.95,1760031561.7877805,No significant market change detected.
AUDJPY,down,0.95,1760031562.3883739,No significant market change detected.
AUDJPY,down,0.95,1760031562.8481596,No significant market change detected.
AUDJPY,down,0.95,1760031563.8563292,No significant market change detected.
AUDJPY,down,0.95,1760031564.3666658,No significant market change detected.
AUDJPY,down,0.95,1760031564.8104389,No significant market change detected.
AUDJPY,down,0.95,1760031565.819042,No significant market change detected.
AUDJPY,down,0.95,1760031566.2933154,No significant market change detected.
AUDJPY,down,0.95,1760031571.5016344,No significant market change detected.
AUDJPY,down,0.95,1760031572.7289817,No significant market change detected.
AUDJPY,down,0.95,1760031573.2403715,No significant market change detected.
AUDJPY,down,0.95,1760031573.730853,No significant market change detected.
AUDJPY,down,0.95,1760031574.4831073,No significant market change detected.
AUDJPY,down,0.95,1760031574.9312193,No significant market change detected.
AUDJPY,down,0.95,1760031576.2556334,No significant market change detected.
AUDJPY,down,0.95,1760031576.7344844,No significant market change detected.
AUDJPY,down,0.95,1760031578.507876,No significant market change detected.
AUDJPY,down,0.95,1760031579.8728364,No significant market change detected.
AUDJPY,down,0.95,1760031580.8876517,No significant market change detected.
AUDJPY,down,0.95,1760031581.3396518,No significant market change detected.
AUDJPY,down,0.95,1760031581.782631,No significant market change detected.
AUDJPY,down,0.95,1760031582.6819186,No significant market change detected.
AUDJPY,down,0.95,1760031583.1675968,No significant market change detected.
AUDJPY,down,0.95,1760031583.6671565,No significant market change detected.
AUDJPY,down,0.95,1760031584.2957492,No significant market change detected.
AUDJPY,down,0.95,1760031584.7472875,No significant market change detected.
AUDJPY,down,0.95,1760031585.4475367,No significant market change detected.
AUDJPY,down,0.95,1760031585.888421,No significant market change detected.
AUDJPY,down,0.95,1760031586.613864,No significant market change detected.
AUDJPY,down,0.95,1760031587.8545632,No significant market change detected.
AUDJPY,down,0.95,1760031590.875849,No significant market change detected.
AUDJPY,down,0.95,1760031591.7672834,No significant market change detected.
AUDJPY,down,0.95,1760031592.3187573,No significant market change detected.
AUDJPY,down,0.95,1760031592.831367,No significant market change detected.
AUDJPY,down,0.95,1760031593.31134,No significant market change detected.
AUDJPY,down,0.95,1760031594.6257513,No significant market change detected.
AUDJPY,down,0.95,1760031595.1862557,No significant market change detected.
AUDJPY,down,0.95,1760031598.2148905,No significant market change detected.
AUDJPY,down,0.95,1760031599.0987048,No significant market change detected.
AUDJPY,down,0.95,1760031599.5435703,No significant market change detected.
AUDJPY,down,0.95,1760031601.0763924,No significant market change detected.
AUDJPY,down,0.95,1760031601.9671748,No significant market change detected.
AUDJPY,down,0.95,1760031602.447587,No significant market change detected.
AUDJPY,down,0.95,1760031602.9036872,No significant market change detected.
AUDJPY,down,0.95,1760031604.0145636,No significant market change detected.
AUDJPY,down,0.95,1760031604.4509754,No significant market change detected.
AUDJPY,down,0.95,1760031604.8664668,No significant market change detected.
AUDJPY,down,0.95,1760031605.2866383,No significant market change detected.
AUDJPY,down,0.95,1760031605.7112427,No significant market change detected.
AUDJPY,down,0.95,1760031606.429909,No significant market change detected.
AUDJPY,down,0.95,1760031607.8655782,No significant market change detected.
AUDJPY,down,0.95,1760031608.2981462,No significant market change detected.
AUDJPY,down,0.95,1760031608.710502,No significant market change detected.
AUDJPY,down,0.95,1760031610.0514462,No significant market change detected.
AUDJPY,down,0.95,1760031610.6077719,No significant market change detected.
AUDJPY,down,0.95,1760031611.034445,No significant market change detected.
AUDJPY,down,0.95,1760031611.4436913,No significant market change detected.
AUDJPY,down,0.95,1760031611.8935096,No significant market change detected.
AUDJPY,down,0.95,1760031612.4624698,No significant market change detected.
AUDJPY,down,0.95,1760031613.623118,No significant market change detected.
AUDJPY,down,0.95,1760031615.6400151,No significant market change detected.
AUDJPY,down,0.95,1760031616.0591433,No significant market change detected.
AUDJPY,down,0.95,1760031616.681112,No significant market change detected.
AUDJPY,down,0.95,1760031617.4196067,No significant market change detected.
AUDJPY,down,0.95,1760031619.4367313,No significant market change detected.
AUDJPY,down,0.95,1760031620.8289502,No significant market change detected.
AUDJPY,down,0.95,1760031621.2634473,No significant market change detected.
AUDJPY,down,0.95,1760031621.6912005,No significant market change detected.
AUDJPY,down,0.95,1760031624.2325594,No significant market change detected.
AUDJPY,down,0.95,1760031624.6557622,No significant market change detected.
AUDJPY,down,0.95,1760031625.079467,No significant market change detected.
AUDJPY,down,0.95,1760031625.609471,No significant market change detected.
AUDJPY,down,0.95,1760031626.0382767,No significant market change detected.
AUDJPY,down,0.95,1760031626.4630785,No significant market change detected.
AUDJPY,down,0.95,1760031626.9129386,No significant market change detected.
AUDJPY,down,0.95,1760031628.638297,No significant market change detected.
AUDJPY,down,0.95,1760031629.0349312,No significant market change detected.
AUDJPY,down,0.95,1760031629.473546,No significant market change detected.
AUDJPY,down,0.95,1760031630.9257693,No significant market change detected.
AUDJPY,down,0.95,1760031631.3626742,No significant market change detected.
AUDJPY,down,0.95,1760031631.9862626,No significant market change detected.
AUDJPY,down,0.95,1760031633.4522803,No significant market change detected.
AUDJPY,down,0.95,1760031634.2666268,No significant market change detected.
AUDJPY,down,0.95,1760031634.8350763,No significant market change detected.
AUDJPY,down,0.95,1760031635.2577615,No significant market change detected.
AUDJPY,down,0.95,1760031635.8206913,No significant market change detected.
AUDJPY,down,0.95,1760031636.4476006,No significant market change detected.
AUDJPY,down,0.95,1760031637.0417051,No significant market change detected.
AUDJPY,down,0.95,1760031638.22952,No significant market change detected.
AUDJPY,down,0.95,1760031638.657583,No significant market change detected.
AUDJPY,down,0.95,1760031640.707991,No significant market change detected.
AUDJPY,down,0.95,1760031641.1196072,No significant market change detected.
AUDJPY,down,0.95,1760031641.644627,No significant market change detected.
AUDJPY,down,0.95,1760031642.0921655,No significant market change detected.
AUDJPY,down,0.95,1760031642.5224621,No significant market change detected.
AUDJPY,down,0.95,1760031643.4333851,No significant market change detected.
AUDJPY,down,0.95,1760031644.0705323,No significant market change detected.
AUDJPY,down,0.95,1760031644.4906862,No significant market change detected.
AUDJPY,down,0.95,1760031644.9087017,No significant market change detected.
AUDJPY,down,0.95,1760031645.33405,No significant market change detected.
AUDJPY,down,0.95,1760031646.4471457,No significant market change detected.
AUDJPY,down,0.95,1760031647.8424768,No significant market change detected.
AUDJPY,down,0.95,1760031648.6226974,No significant market change detected.
AUDJPY,down,0.95,1760031650.0347505,No significant market change detected.
AUDJPY,down,0.95,1760031652.0238934,No significant market change detected.
AUDJPY,down,0.95,1760031653.8443894,No significant market change detected.
AUDJPY,down,0.95,1760031654.2726371,No significant market change detected.
AUDJPY,down,0.95,1760031654.6943128,No significant market change detected.
AUDJPY,down,0.95,1760031655.1116507,No significant market change detected.
AUDJPY,down,0.95,1760031655.8391383,No significant market change detected.
AUDJPY,down,0.95,1760031657.028523,No significant market change detected.
AUDJPY,down,0.95,1760031657.4467497,No significant market change detected.
AUDJPY,down,0.95,1760031658.089718,No significant market change detected.
AUDJPY,down,0.95,1760031658.7750783,No significant market change detected.
AUDJPY,down,0.95,1760031659.2004411,No significant market change detected.
AUDJPY,down,0.95,1760031661.15296,No significant market change detected.
AUDJPY,down,0.95,1760031661.6453922,No significant market change detected.
AUDJPY,down,0.95,1760031662.5364592,No significant market change detected.
AUDJPY,down,0.95,1760031664.1320279,No significant market change detected.
AUDJPY,down,0.95,1760031664.5823102,No significant market change detected.
AUDJPY,down,0.95,1760031665.300965,No significant market change detected.
AUDJPY,down,0.95,1760031665.724995,No significant market change detected.
AUDJPY,down,0.95,1760031666.1408894,No significant market change detected.
AUDJPY,down,0.95,1760031667.9069538,No significant market change detected.
AUDJPY,down,0.95,1760031691.4050744,"Based on the provided account data and your interest in trading AUDJPY with a bearish outlook (confidence level of 0.95), here are some insights and suggested actions:

### Current Account Status
- **Balance**: $0.32
- **Equity**: $0.32
- **Free Margin**: $0.32
- **Margin**: $0.00
- **Closed Trades**: 10 trades, all closed with a profit/loss of $0.00. This indicates that your previous trades did not yield any gains or losses.

### Technical Indicators
- **EMA Fast**: 100.4829
- **EMA Slow**: 100.48042
- **RSI**: 41.33929 (indicating that the asset is not in overbought territory)
- **MACD**: 0.00248 (very close to zero, suggesting a potential lack of momentum)

### Analysis
1. **Technical Indicators**:
   - The EMAs suggest a potential downtrend since the fast EMA is above the slow EMA, although they are quite close to each other.
   - The RSI value (41.33) indicates that the market is not overbought, which aligns with your bearish sentiment.
   - The MACD being close to zero suggests that momentum is weak, which may support a downward move.

2. **Confidence Level**: Your confidence level of 0.95 indicates a strong belief in the downward movement of AUDJPY. However, given your current account balance of $0.32, you have very limited capacity to open new trades.

3. **Position History**: Your recent trades have not been profitable, and all have closed with no gains or losses. This could indicate a need to reassess your trading strategy or the instruments being traded.

### Suggested Action
- **Caution with New Trades**: Given that your account balance is very low, opening a new position on AUDJPY may not be feasible unless you can fund your account further. Trading with a balance of $0.32 may not allow for sufficient margin to open a position, especially in forex trading where leverage and margin requirements can vary significantly.
  
- **Consider Funding the Account**: If you are confident in your analysis and wish to pursue a trade, consider adding funds to your account to increase your trading capacity.

- **Monitor Market Conditions**: Keep an eye on any news or events that"
AUDJPY,down,0.95,1760031691.4972596,No significant market change detected.
AUDJPY,down,0.95,1760031691.5647926,No significant market change detected.
AUDJPY,down,0.95,1760031691.6405513,No significant market change detected.
AUDJPY,down,0.95,1760031692.0947225,No significant market change detected.
AUDJPY,down,0.95,1760031693.4580703,No significant market change detected.
AUDJPY,down,0.95,1760031694.8777769,No significant market change detected.
AUDJPY,down,0.95,1760031695.303538,No significant market change detected.
AUDJPY,down,0.95,1760031695.7357123,No significant market change detected.
AUDJPY,down,0.95,1760031696.1868193,No significant market change detected.
AUDJPY,down,0.95,1760031696.6971025,No significant market change detected.
AUDJPY,down,0.95,1760031697.142375,No significant market change detected.
AUDJPY,down,0.95,1760031698.047609,No significant market change detected.
AUDJPY,down,0.95,1760031698.4912627,No significant market change detected.
AUDJPY,down,0.95,1760031699.8737032,No significant market change detected.
AUDJPY,down,0.95,1760031700.3005729,No significant market change detected.
AUDJPY,down,0.95,1760031701.0381434,No significant market change detected.
AUDJPY,down,0.95,1760031701.4660275,No significant market change detected.
AUDJPY,down,0.95,1760031701.9088032,No significant market change detected.
AUDJPY,down,0.95,1760031702.4729254,No significant market change detected.
AUDJPY,down,0.95,1760031703.0397549,No significant market change detected.
AUDJPY,down,0.95,1760031703.4923215,No significant market change detected.
AUDJPY,down,0.95,1760031704.7093496,No significant market change detected.
AUDJPY,down,0.95,1760031705.1571934,No significant market change detected.
AUDJPY,down,0.95,1760031705.5890713,No significant market change detected.
AUDJPY,down,0.95,1760031706.0180023,No significant market change detected.
AUDJPY,down,0.95,1760031706.7370257,No significant market change detected.
AUDJPY,down,0.95,1760031707.3220181,No significant market change detected.
AUDJPY,down,0.95,1760031707.7419765,No significant market change detected.
AUDJPY,down,0.95,1760031708.164692,No significant market change detected.
AUDJPY,down,0.95,1760031708.5992055,No significant market change detected.
AUDJPY,down,0.95,1760031709.0837789,No significant market change detected.
AUDJPY,down,0.95,1760031709.5022545,No significant market change detected.
AUDJPY,down,0.95,1760031709.9473324,No significant market change detected.
AUDJPY,down,0.95,1760031710.358262,No significant market change detected.
AUDJPY,down,0.95,1760031710.7797456,No significant market change detected.
AUDJPY,down,0.95,1760031711.675745,No significant market change detected.
AUDJPY,down,0.95,1760031714.1018026,No significant market change detected.
AUDJPY,down,0.95,1760031714.5489533,No significant market change detected.
AUDJPY,down,0.95,1760031714.984269,No significant market change detected.
AUDJPY,down,0.95,1760031716.095416,No significant market change detected.
AUDJPY,down,0.95,1760031716.9110801,No significant market change detected.
AUDJPY,down,0.95,1760031717.3528063,No significant market change detected.
AUDJPY,down,0.95,1760031719.2896864,No significant market change detected.
AUDJPY,down,0.95,1760031719.718003,No significant market change detected.
AUDJPY,down,0.95,1760031720.1587782,No significant market change detected.
AUDJPY,down,0.95,1760031721.483541,No significant market change detected.
AUDJPY,down,0.95,1760031722.1441953,No significant market change detected.
AUDJPY,down,0.95,1760031722.5663967,No significant market change detected.
AUDJPY,down,0.95,1760031723.8604164,No significant market change detected.
AUDJPY,down,0.95,1760031724.2892783,No significant market change detected.
AUDJPY,down,0.95,1760031725.0613005,No significant market change detected.
AUDJPY,down,0.95,1760031725.4891858,No significant market change detected.
AUDJPY,down,0.95,1760031726.6843576,No significant market change detected.
AUDJPY,down,0.95,1760031728.8920484,No significant market change detected.
AUDJPY,down,0.95,1760031729.8883677,No significant market change detected.
AUDJPY,down,0.95,1760031730.8929343,No significant market change detected.
AUDJPY,down,0.95,1760031731.3207893,No significant market change detected.
AUDJPY,down,0.95,1760031731.745472,No significant market change detected.
AUDJPY,down,0.95,1760031732.2801254,No significant market change detected.
AUDJPY,down,0.95,1760031733.0685053,No significant market change detected.
AUDJPY,down,0.95,1760031734.3087478,No significant market change detected.
AUDJPY,down,0.95,1760031735.481686,No significant market change detected.
AUDJPY,down,0.95,1760031736.722305,No significant market change detected.
AUDJPY,down,0.95,1760031737.151631,No significant market change detected.
AUDJPY,down,0.95,1760031739.0975647,No significant market change detected.
AUDJPY,down,0.95,1760031740.0812743,No significant market change detected.
AUDJPY,down,0.95,1760031740.5153036,No significant market change detected.
AUDJPY,down,0.95,1760031741.4983332,No significant market change detected.
AUDJPY,down,0.95,1760031742.0780194,No significant market change detected.
AUDJPY,down,0.95,1760031742.5310948,No significant market change detected.
AUDJPY,down,0.95,1760031743.0973415,No significant market change detected.
AUDJPY,down,0.95,1760031743.5185356,No significant market change detected.
AUDJPY,down,0.95,1760031743.9726546,No significant market change detected.
AUDJPY,down,0.95,1760031744.5194235,No significant market change detected.
AUDJPY,down,0.95,1760031744.953901,No significant market change detected.
AUDJPY,down,0.95,1760031746.5163891,No significant market change detected.
AUDJPY,down,0.95,1760031746.9597604,No significant market change detected.
AUDJPY,down,0.95,1760031748.5214915,No significant market change detected.
AUDJPY,down,0.95,1760031748.9649727,No significant market change detected.
AUDJPY,down,0.95,1760031750.717862,No significant market change detected.
AUDJPY,down,0.95,1760031752.468744,No significant market change detected.
AUDJPY,down,0.95,1760031752.8978107,No significant market change detected.
AUDJPY,down,0.95,1760031753.3194866,No significant market change detected.
AUDJPY,down,0.95,1760031754.529785,No significant market change detected.
AUDJPY,down,0.95,1760031755.353747,No significant market change detected.
AUDJPY,down,0.95,1760031756.2948895,No significant market change detected.
AUDJPY,down,0.95,1760031756.7461069,No significant market change detected.
AUDJPY,down,0.95,1760031757.1957686,No significant market change detected.
AUDJPY,down,0.95,1760031757.6431286,No significant market change detected.
AUDJPY,down,0.95,1760031758.0620408,No significant market change detected.
AUDJPY,down,0.95,1760031758.5120087,No significant market change detected.
AUDJPY,down,0.95,1760031758.962895,No significant market change detected.
AUDJPY,down,0.95,1760031759.4059432,No significant market change detected.
AUDJPY,down,0.95,1760031759.8765404,No significant market change detected.
AUDJPY,down,0.95,1760031760.3252137,No significant market change detected.
AUDJPY,down,0.95,1760031761.1126113,No significant market change detected.
AUDJPY,down,0.95,1760031761.5587664,No significant market change detected.
AUDJPY,down,0.95,1760031762.7171063,No significant market change detected.
AUDJPY,down,0.95,1760031763.1468554,No significant market change detected.
AUDJPY,down,0.95,1760031764.308466,No significant market change detected.
AUDJPY,down,0.95,1760031764.7484992,No significant market change detected.
AUDJPY,down,0.95,1760031765.3105638,No significant market change detected.
AUDJPY,down,0.95,1760031765.753845,No significant market change detected.
AUDJPY,down,0.95,1760031766.5186217,No significant market change detected.
AUDJPY,down,0.95,1760031767.1048973,No significant market change detected.
AUDJPY,down,0.95,1760031767.5698946,No significant market change detected.
AUDJPY,down,0.95,1760031768.5453467,No significant market change detected.
AUDJPY,down,0.95,1760031769.71574,No significant market change detected.
AUDJPY,down,0.95,1760031770.1337113,No significant market change detected.
AUDJPY,down,0.95,1760031771.5183399,No significant market change detected.
AUDJPY,down,0.95,1760031772.0859833,No significant market change detected.
AUDJPY,down,0.95,1760031772.9470577,No significant market change detected.
AUDJPY,down,0.95,1760031773.515701,No significant market change detected.
AUDJPY,down,0.95,1760031773.961795,No significant market change detected.
AUDJPY,down,0.95,1760031774.514556,No significant market change detected.
AUDJPY,down,0.95,1760031774.9586573,No significant market change detected.
AUDJPY,down,0.95,1760031775.7149951,No significant market change detected.
AUDJPY,down,0.95,1760031776.1430497,No significant market change detected.
AUDJPY,down,0.95,1760031776.7250402,No significant market change detected.
AUDJPY,down,0.95,1760031777.1527777,No significant market change detected.
AUDJPY,down,0.95,1760031778.1115334,No significant market change detected.
AUDJPY,down,0.95,1760031778.571546,No significant market change detected.
AUDJPY,down,0.95,1760031779.5377197,No significant market change detected.
AUDJPY,down,0.95,1760031780.095202,No significant market change detected.
AUDJPY,down,0.95,1760031780.768538,No significant market change detected.
AUDJPY,down,0.95,1760031781.1981251,No significant market change detected.
AUDJPY,down,0.95,1760031782.6836882,No significant market change detected.
AUDJPY,down,0.95,1760031783.9521701,No significant market change detected.
AUDJPY,down,0.95,1760031784.3681967,No significant market change detected.
AUDJPY,down,0.95,1760031785.3137326,No significant market change detected.
AUDJPY,down,0.95,1760031785.7637358,No significant market change detected.
AUDJPY,down,0.95,1760031786.5517673,No significant market change detected.
AUDJPY,down,0.95,1760031787.5333583,No significant market change detected.
AUDJPY,down,0.95,1760031787.9778593,No significant market change detected.
AUDJPY,down,0.95,1760031789.1009123,No significant market change detected.
AUDJPY,down,0.95,1760031789.7169697,No significant market change detected.
AUDJPY,down,0.95,1760031790.3452613,No significant market change detected.
AUDJPY,down,0.95,1760031791.104331,No significant market change detected.
AUDJPY,down,0.95,1760031791.7532768,No significant market change detected.
AUDJPY,down,0.95,1760031793.3456142,No significant market change detected.
AUDJPY,down,0.95,1760031793.778608,No significant market change detected.
AUDJPY,down,0.95,1760031794.3325753,No significant market change detected.
AUDJPY,down,0.95,1760031794.794913,No significant market change detected.
AUDJPY,down,0.95,1760031795.2057383,No significant market change detected.
AUDJPY,down,0.95,1760031795.7225494,No significant market change detected.
AUDJPY,down,0.95,1760031796.3258874,No significant market change detected.
AUDJPY,down,0.95,1760031796.9216843,No significant market change detected.
AUDJPY,down,0.95,1760031797.5647995,No significant market change detected.
AUDJPY,down,0.95,1760031798.9129703,No significant market change detected.
AUDJPY,down,0.95,1760031799.90332,No significant market change detected.
AUDJPY,down,0.95,1760031800.3452063,No significant market change detected.
AUDJPY,down,0.95,1760031800.792129,No significant market change detected.
AUDJPY,down,0.95,1760031801.2369943,No significant market change detected.
AUDJPY,down,0.95,1760031801.6850638,No significant market change detected.
AUDJPY,down,0.95,1760031802.105361,No significant market change detected.
AUDJPY,down,0.95,1760031802.7367854,No significant market change detected.
AUDJPY,down,0.95,1760031803.1608007,No significant market change detected.
AUDJPY,down,0.95,1760031803.6213162,No significant market change detected.
AUDJPY,down,0.95,1760031804.0594206,No significant market change detected.
AUDJPY,down,0.95,1760031804.5681117,No significant market change detected.
AUDJPY,down,0.95,1760031806.523406,No significant market change detected.
AUDJPY,down,0.95,1760031807.746869,No significant market change detected.
AUDJPY,down,0.95,1760031808.3838263,No significant market change detected.
AUDJPY,down,0.95,1760031808.8303561,No significant market change detected.
AUDJPY,down,0.95,1760031809.9529157,No significant market change detected.
AUDJPY,down,0.95,1760031810.4016535,No significant market change detected.
AUDJPY,down,0.95,1760031811.3399181,No significant market change detected.
AUDJPY,down,0.95,1760031811.7861247,No significant market change detected.
AUDJPY,down,0.95,1760031812.4586477,No significant market change detected.
AUDJPY,down,0.95,1760031812.8911989,No significant market change detected.
AUDJPY,down,0.95,1760031813.9292264,No significant market change detected.
AUDJPY,down,0.95,1760031814.3673453,No significant market change detected.
AUDJPY,down,0.95,1760031815.113108,No significant market change detected.
AUDJPY,down,0.95,1760031815.5731246,No significant market change detected.
AUDJPY,down,0.95,1760031816.032711,No significant market change detected.
AUDJPY,down,0.95,1760031818.1267757,No significant market change detected.
AUDJPY,down,0.95,1760031819.5504951,No significant market change detected.
AUDJPY,down,0.95,1760031820.002761,No significant market change detected.
AUDJPY,down,0.95,1760031820.9477873,No significant market change detected.
AUDJPY,down,0.95,1760031821.394125,No significant market change detected.
AUDJPY,down,0.95,1760031822.3414052,No significant market change detected.
AUDJPY,down,0.95,1760031823.1351113,No significant market change detected.
AUDJPY,down,0.95,1760031823.5580099,No significant market change detected.
AUDJPY,down,0.95,1760031824.774336,No significant market change detected.
AUDJPY,down,0.95,1760031825.972533,No significant market change detected.
AUDJPY,down,0.95,1760031826.423174,No significant market change detected.
AUDJPY,down,0.95,1760031827.1770546,No significant market change detected.
AUDJPY,down,0.95,1760031827.6393948,No significant market change detected.
AUDJPY,down,0.95,1760031828.0872757,No significant market change detected.
AUDJPY,down,0.95,1760031829.3640401,No significant market change detected.
AUDJPY,down,0.95,1760031830.36557,No significant market change detected.
AUDJPY,down,0.95,1760031830.805737,No significant market change detected.
AUDJPY,down,0.95,1760031831.239836,No significant market change detected.
AUDJPY,down,0.95,1760031831.9864843,No significant market change detected.
AUDJPY,down,0.95,1760031833.1343768,No significant market change detected.
AUDJPY,down,0.95,1760031833.7497575,No significant market change detected.
AUDJPY,down,0.95,1760031836.1180992,No significant market change detected.
AUDJPY,down,0.95,1760031836.5648375,No significant market change detected.
AUDJPY,down,0.95,1760031836.9974198,No significant market change detected.
AUDJPY,down,0.95,1760031837.4456298,No significant market change detected.
AUDJPY,down,0.95,1760031838.0163035,No significant market change detected.
AUDJPY,down,0.95,1760031838.4611673,No significant market change detected.
AUDJPY,down,0.95,1760031838.9122832,No significant market change detected.
AUDJPY,down,0.95,1760031839.3528516,No significant market change detected.
AUDJPY,down,0.95,1760031839.801144,No significant market change detected.
AUDJPY,down,0.95,1760031840.7585552,No significant market change detected.
AUDJPY,down,0.95,1760031841.171208,No significant market change detected.
AUDJPY,down,0.95,1760031841.5876431,No significant market change detected.
AUDJPY,down,0.95,1760031842.0311327,No significant market change detected.
AUDJPY,down,0.95,1760031842.6943812,No significant market change detected.
AUDJPY,down,0.95,1760031843.1755712,No significant market change detected.
AUDJPY,down,0.95,1760031843.762664,No significant market change detected.
AUDJPY,down,0.95,1760031844.5749812,No significant market change detected.
AUDJPY,down,0.95,1760031844.9950445,No significant market change detected.
AUDJPY,down,0.95,1760031845.4339943,No significant market change detected.
AUDJPY,down,0.95,1760031846.2396219,No significant market change detected.
AUDJPY,down,0.95,1760031846.699598,No significant market change detected.
AUDJPY,down,0.95,1760031847.1234517,No significant market change detected.
AUDJPY,down,0.95,1760031847.8159091,No significant market change detected.
AUDJPY,down,0.95,1760031848.240723,No significant market change detected.
AUDJPY,down,0.95,1760031848.6869473,No significant market change detected.
AUDJPY,down,0.95,1760031849.7595372,No significant market change detected.
AUDJPY,down,0.95,1760031850.3698025,No significant market change detected.
AUDJPY,down,0.95,1760031850.9684296,No significant market change detected.
AUDJPY,down,0.95,1760031851.5344982,No significant market change detected.
AUDJPY,down,0.95,1760031851.989421,No significant market change detected.
AUDJPY,down,0.95,1760031852.4309747,No significant market change detected.
AUDJPY,down,0.95,1760031853.1551647,No significant market change detected.
AUDJPY,down,0.95,1760031854.4109132,No significant market change detected.
AUDJPY,down,0.95,1760031854.8585577,No significant market change detected.
AUDJPY,down,0.95,1760031855.2934499,No significant market change detected.
AUDJPY,down,0.95,1760031855.7279415,No significant market change detected.
AUDJPY,down,0.95,1760031857.2190533,No significant market change detected.
AUDJPY,down,0.95,1760031857.7078602,No significant market change detected.
AUDJPY,down,0.95,1760031858.1318216,No significant market change detected.
AUDJPY,down,0.95,1760031858.5811224,No significant market change detected.
AUDJPY,down,0.95,1760031859.9886296,No significant market change detected.
AUDJPY,down,0.95,1760031860.4210625,No significant market change detected.
AUDJPY,down,0.95,1760031861.3951428,No significant market change detected.
AUDJPY,down,0.95,1760031861.8589165,No significant market change detected.
AUDJPY,down,0.95,1760031863.2163627,No significant market change detected.
AUDJPY,down,0.95,1760031863.6658223,No significant market change detected.
AUDJPY,down,0.95,1760031864.5718098,No significant market change detected.
AUDJPY,down,0.95,1760031865.5879443,No significant market change detected.
AUDJPY,down,0.95,1760031866.0131493,No significant market change detected.
AUDJPY,down,0.95,1760031866.4671273,No significant market change detected.
AUDJPY,down,0.95,1760031866.916675,No significant market change detected.
AUDJPY,down,0.95,1760031867.3822174,No significant market change detected.
AUDJPY,down,0.95,1760031867.821492,No significant market change detected.
AUDJPY,down,0.95,1760031868.247472,No significant market change detected.
AUDJPY,down,0.95,1760031868.6737566,No significant market change detected.
AUDJPY,down,0.95,1760031869.368446,No significant market change detected.
AUDJPY,down,0.95,1760031870.0020647,No significant market change detected.
AUDJPY,down,0.95,1760031870.4434743,No significant market change detected.
AUDJPY,down,0.95,1760031870.9808896,No significant market change detected.
AUDJPY,down,0.95,1760031871.448709,No significant market change detected.
AUDJPY,down,0.95,1760031871.905052,No significant market change detected.
AUDJPY,down,0.95,1760031872.4872696,No significant market change detected.
AUDJPY,down,0.95,1760031873.0545592,No significant market change detected.
AUDJPY,down,0.95,1760031873.4702733,No significant market change detected.
AUDJPY,down,0.95,1760031874.6181269,No significant market change detected.
AUDJPY,down,0.95,1760031875.04903,No significant market change detected.
AUDJPY,down,0.95,1760031876.0086179,No significant market change detected.
AUDJPY,down,0.95,1760031876.5120845,No significant market change detected.
AUDJPY,down,0.95,1760031876.9582846,No significant market change detected.
AUDJPY,down,0.95,1760031877.4127657,No significant market change detected.
AUDJPY,down,0.95,1760031877.8463583,No significant market change detected.
AUDJPY,down,0.95,1760031878.2707195,No significant market change detected.
AUDJPY,down,0.95,1760031879.8231473,No significant market change detected.
AUDJPY,down,0.95,1760031880.2428021,No significant market change detected.
AUDJPY,down,0.95,1760031880.6620703,No significant market change detected.
AUDJPY,down,0.95,1760031881.1628556,No significant market change detected.
AUDJPY,down,0.95,1760031881.607904,No significant market change detected.
AUDJPY,down,0.95,1760031883.1668363,No significant market change detected.
AUDJPY,down,0.95,1760031883.6140125,No significant market change detected.
AUDJPY,down,0.95,1760031884.3818645,No significant market change detected.
AUDJPY,down,0.95,1760031885.3877363,No significant market change detected.
AUDJPY,down,0.95,1760031885.8274238,No significant market change detected.
AUDJPY,down,0.95,1760031886.4111667,No significant market change detected.
AUDJPY,down,0.95,1760031887.0045784,No significant market change detected.
AUDJPY,down,0.95,1760031887.7241397,No significant market change detected.
AUDJPY,down,0.95,1760031888.420149,No significant market change detected.
AUDJPY,down,0.95,1760031888.874425,No significant market change detected.
AUDJPY,down,0.95,1760031889.2942154,No significant market change detected.
AUDJPY,down,0.95,1760031889.7300172,No significant market change detected.
AUDJPY,down,0.95,1760031890.1780941,No significant market change detected.
AUDJPY,down,0.95,1760031890.7717023,No significant market change detected.
AUDJPY,down,0.95,1760031891.5849285,No significant market change detected.
AUDJPY,down,0.95,1760031892.0356638,No significant market change detected.
AUDJPY,down,0.95,1760031892.4906244,No significant market change detected.
AUDJPY,down,0.95,1760031893.3897235,No significant market change detected.
AUDJPY,down,0.95,1760031894.4187717,No significant market change detected.
AUDJPY,down,0.95,1760031894.8809223,No significant market change detected.
AUDJPY,down,0.95,1760031895.304355,No significant market change detected.
AUDJPY,down,0.95,1760031895.7627182,No significant market change detected.
AUDJPY,down,0.95,1760031896.180778,No significant market change detected.
AUDJPY,down,0.95,1760031896.6037726,No significant market change detected.
AUDJPY,down,0.95,1760031897.2027495,No significant market change detected.
AUDJPY,down,0.95,1760031897.6487918,No significant market change detected.
AUDJPY,down,0.95,1760031898.0746102,No significant market change detected.
AUDJPY,down,0.95,1760031898.5261097,No significant market change detected.
AUDJPY,down,0.95,1760031898.9842823,No significant market change detected.
AUDJPY,down,0.95,1760031899.4317133,No significant market change detected.
AUDJPY,down,0.95,1760031899.8688467,No significant market change detected.
AUDJPY,down,0.95,1760031900.4030533,No significant market change detected.
AUDJPY,down,0.95,1760031902.6231844,No significant market change detected.
AUDJPY,down,0.95,1760031903.409445,No significant market change detected.
AUDJPY,down,0.95,1760031903.8292606,No significant market change detected.
AUDJPY,down,0.95,1760031904.265274,No significant market change detected.
AUDJPY,down,0.95,1760031904.6847365,No significant market change detected.
AUDJPY,down,0.95,1760031906.013819,No significant market change detected.
AUDJPY,down,0.95,1760031906.4596748,No significant market change detected.
AUDJPY,down,0.95,1760031908.9861488,No significant market change detected.
AUDJPY,down,0.95,1760031910.4420955,No significant market change detected.
AUDJPY,down,0.95,1760031910.8730106,No significant market change detected.
AUDJPY,down,0.95,1760031912.8731534,No significant market change detected.
AUDJPY,down,0.95,1760031913.301448,No significant market change detected.
AUDJPY,down,0.95,1760031913.7168548,No significant market change detected.
AUDJPY,down,0.95,1760031914.1720421,No significant market change detected.
AUDJPY,down,0.95,1760031914.612973,No significant market change detected.
AUDJPY,down,0.95,1760031915.0484178,No significant market change detected.
AUDJPY,down,0.95,1760031915.4865775,No significant market change detected.
AUDJPY,down,0.95,1760031915.930134,No significant market change detected.
AUDJPY,down,0.95,1760031916.442165,No significant market change detected.
AUDJPY,down,0.95,1760031917.0493703,No significant market change detected.
AUDJPY,down,0.95,1760031918.0020182,No significant market change detected.
AUDJPY,down,0.95,1760031918.5901937,No significant market change detected.
AUDJPY,down,0.95,1760031919.2096188,No significant market change detected.
AUDJPY,down,0.95,1760031919.820778,No significant market change detected.
AUDJPY,down,0.95,1760031920.8177786,No significant market change detected.
AUDJPY,down,0.95,1760031921.2388492,No significant market change detected.
AUDJPY,down,0.95,1760031921.6630986,No significant market change detected.
AUDJPY,down,0.95,1760031922.1265728,No significant market change detected.
AUDJPY,down,0.95,1760031923.4174604,No significant market change detected.
AUDJPY,down,0.95,1760031924.0328074,No significant market change detected.
AUDJPY,down,0.95,1760031924.8042595,No significant market change detected.
AUDJPY,down,0.95,1760031925.616463,No significant market change detected.
AUDJPY,down,0.95,1760031926.0646098,No significant market change detected.
AUDJPY,down,0.95,1760031926.5154443,No significant market change detected.
AUDJPY,down,0.95,1760031926.961025,No significant market change detected.
AUDJPY,down,0.95,1760031927.3998845,No significant market change detected.
AUDJPY,down,0.95,1760031927.8531318,No significant market change detected.
AUDJPY,down,0.95,1760031928.2677686,No significant market change detected.
AUDJPY,down,0.95,1760031929.2028518,No significant market change detected.
AUDJPY,down,0.95,1760031929.631472,No significant market change detected.
AUDJPY,down,0.95,1760031931.4823651,No significant market change detected.
AUDJPY,down,0.95,1760031931.9342372,No significant market change detected.
AUDJPY,down,0.95,1760031932.9885263,No significant market change detected.
AUDJPY,down,0.95,1760031933.4149554,No significant market change detected.
AUDJPY,down,0.95,1760031933.835839,No significant market change detected.
AUDJPY,down,0.95,1760031934.6635997,No significant market change detected.
AUDJPY,down,0.95,1760031935.4289157,No significant market change detected.
AUDJPY,down,0.95,1760031936.016913,No significant market change detected.
AUDJPY,down,0.95,1760031937.632568,No significant market change detected.
AUDJPY,down,0.95,1760031938.2191534,No significant market change detected.
AUDJPY,down,0.95,1760031938.6647992,No significant market change detected.
AUDJPY,down,0.95,1760031940.7974925,No significant market change detected.
AUDJPY,down,0.95,1760031941.4187148,No significant market change detected.
AUDJPY,down,0.95,1760031942.018048,No significant market change detected.
AUDJPY,down,0.95,1760031942.4582405,No significant market change detected.
AUDJPY,down,0.95,1760031942.9181604,No significant market change detected.
AUDJPY,down,0.95,1760031943.4202864,No significant market change detected.
AUDJPY,down,0.95,1760031943.8512974,No significant market change detected.
AUDJPY,down,0.95,1760031944.2762372,No significant market change detected.
AUDJPY,down,0.95,1760031945.426406,No significant market change detected.
AUDJPY,down,0.95,1760031946.6013198,No significant market change detected.
AUDJPY,down,0.95,1760031947.020701,No significant market change detected.
AUDJPY,down,0.95,1760031947.5522187,No significant market change detected.
AUDJPY,down,0.95,1760031947.9802847,No significant market change detected.
AUDJPY,down,0.95,1760031948.391847,No significant market change detected.
AUDJPY,down,0.95,1760031948.83259,No significant market change detected.
AUDJPY,down,0.95,1760031949.2652457,No significant market change detected.
AUDJPY,down,0.95,1760031950.8337233,No significant market change detected.
AUDJPY,down,0.95,1760031951.4001198,No significant market change detected.
AUDJPY,down,0.95,1760031951.871743,No significant market change detected.
AUDJPY,down,0.95,1760031952.3203769,No significant market change detected.
AUDJPY,down,0.95,1760031954.8523715,No significant market change detected.
AUDJPY,down,0.95,1760031955.4304717,No significant market change detected.
AUDJPY,down,0.95,1760031956.0241408,No significant market change detected.
AUDJPY,down,0.95,1760031956.6609795,No significant market change detected.
AUDJPY,down,0.95,1760031958.0615034,No significant market change detected.
AUDJPY,down,0.95,1760031963.2521307,No significant market change detected.
AUDJPY,down,0.95,1760031963.6791582,No significant market change detected.
AUDJPY,down,0.95,1760031964.2311826,No significant market change detected.
AUDJPY,down,0.95,1760031964.7576952,No significant market change detected.
AUDJPY,down,0.95,1760031965.2552583,No significant market change detected.
AUDJPY,down,0.95,1760031965.8211975,No significant market change detected.
AUDJPY,down,0.95,1760031966.6164327,No significant market change detected.
AUDJPY,down,0.95,1760031967.1861517,No significant market change detected.
AUDJPY,down,0.95,1760031968.682049,No significant market change detected.
AUDJPY,down,0.95,1760031969.4436822,No significant market change detected.
AUDJPY,down,0.95,1760031970.0818741,No significant market change detected.
AUDJPY,down,0.95,1760031970.7225065,No significant market change detected.
AUDJPY,down,0.95,1760031971.2313216,No significant market change detected.
AUDJPY,down,0.95,1760031971.8096516,No significant market change detected.
AUDJPY,down,0.95,1760031972.3166602,No significant market change detected.
AUDJPY,down,0.95,1760031972.8195543,No significant market change detected.
AUDJPY,down,0.95,1760031973.4365902,No significant market change detected.
AUDJPY,down,0.95,1760031974.69888,No significant market change detected.
AUDJPY,down,0.95,1760031975.1183887,No significant market change detected.
AUDJPY,down,0.95,1760031975.579325,No significant market change detected.
AUDJPY,down,0.95,1760031976.6022584,No significant market change detected.
AUDJPY,down,0.95,1760031977.4366815,No significant market change detected.
AUDJPY,down,0.95,1760031977.9557245,No significant market change detected.
AUDJPY,down,0.95,1760031978.4280272,No significant market change detected.
AUDJPY,down,0.95,1760031978.8575172,No significant market change detected.
AUDJPY,down,0.95,1760031979.3350742,No significant market change detected.
AUDJPY,down,0.95,1760031979.7861335,No significant market change detected.
AUDJPY,down,0.95,1760031980.2348428,No significant market change detected.
AUDJPY,down,0.95,1760031980.7097816,No significant market change detected.
AUDJPY,down,0.95,1760031997.8131187,"Based on the provided account data and the current market conditions for AUDJPY, here are the insights and suggested actions:

### Account Overview:
- **Balance**: $0.32
- **Equity**: $0.32
- **Free Margin**: $0.32
- **Margin**: $0.00
- **Closed Trades**: All trades have resulted in a profit of $0.00, indicating no gains or losses from the trades executed.

### Technical Indicators for AUDJPY:
- **EMA Fast**: 100.48213
- **EMA Slow**: 100.48005
- **RSI**: 41.14343 (indicating a slightly bearish momentum)
- **MACD**: 0.00208 (close to zero, indicating a potential lack of strong momentum)

### Position History:
The position history shows that the previous trades have not resulted in any profit, which may suggest that the current trading strategy is not effective or that market conditions have not been favorable.

### Current Trade Analysis:
- **Direction**: Down (Bearish)
- **Confidence**: 0.95 (high confidence in the bearish direction)

### Reasoning:
1. **Technical Indicators**: The EMA Fast is slightly above the EMA Slow, suggesting a potential bearish crossover. The RSI is below 50, indicating that the market may be in a bearish phase, and the MACD is near zero, suggesting low momentum.
  
2. **Market Conditions**: Given the high confidence level (0.95) in a downward movement, this indicates a strong belief that AUDJPY will decline in value.

3. **Account Balance**: With only $0.32 in the account, there is very limited capacity to open new positions. This severely restricts the ability to capitalize on potential trades.

### Suggested Action:
1. **Do Not Enter a New Position**: Given the low account balance, it is not advisable to open a new trade on AUDJPY or any other pair. The risk of margin call is high, and the current balance does not support trading activity.

2. **Consider Fund Management**: To enable future trading opportunities, consider adding funds to the account to increase the margin and allow for potential trades in the future.

3. **Review Trading Strategy**: Analyze why previous trades have not been profitable. Adjust the trading strategy based on market conditions, risk management, and technical analysis.

4. **"
AUDJPY,down,0.95,1760031997.888535,No significant market change detected.
AUDJPY,down,0.95,1760031997.952138,No significant market change detected.
AUDJPY,down,0.95,1760031998.0206804,No significant market change detected.
AUDJPY,down,0.95,1760031998.08615,No significant market change detected.
AUDJPY,down,0.95,1760031998.1487057,No significant market change detected.
AUDJPY,down,0.95,1760031998.4477384,No significant market change detected.
AUDJPY,down,0.95,1760032001.1071663,No significant market change detected.
AUDJPY,down,0.95,1760032001.5328293,No significant market change detected.
AUDJPY,down,0.95,1760032001.9474053,No significant market change detected.
AUDJPY,down,0.95,1760032002.3756392,No significant market change detected.
AUDJPY,down,0.95,1760032002.7998397,No significant market change detected.
AUDJPY,down,0.95,1760032003.46768,No significant market change detected.
AUDJPY,down,0.95,1760032004.0509865,No significant market change detected.
AUDJPY,down,0.95,1760032005.714503,No significant market change detected.
AUDJPY,down,0.95,1760032006.4338152,No significant market change detected.
AUDJPY,down,0.95,1760032007.859418,No significant market change detected.
AUDJPY,down,0.95,1760032008.2685044,No significant market change detected.
AUDJPY,down,0.95,1760032008.8654213,No significant market change detected.
AUDJPY,down,0.95,1760032009.3143797,No significant market change detected.
AUDJPY,down,0.95,1760032009.8664548,No significant market change detected.
AUDJPY,down,0.95,1760032010.897017,No significant market change detected.
AUDJPY,down,0.95,1760032011.3432293,No significant market change detected.
AUDJPY,down,0.95,1760032011.7791705,No significant market change detected.
AUDJPY,down,0.95,1760032013.063485,No significant market change detected.
AUDJPY,down,0.95,1760032013.501022,No significant market change detected.
AUDJPY,down,0.95,1760032014.4446487,No significant market change detected.
AUDJPY,down,0.95,1760032015.4278493,No significant market change detected.
AUDJPY,down,0.95,1760032015.8496058,No significant market change detected.
AUDJPY,down,0.95,1760032017.0444403,No significant market change detected.
AUDJPY,down,0.95,1760032017.8292265,No significant market change detected.
AUDJPY,down,0.95,1760032018.4556527,No significant market change detected.
AUDJPY,down,0.95,1760032020.649849,No significant market change detected.
AUDJPY,down,0.95,1760032021.4242702,No significant market change detected.
AUDJPY,down,0.95,1760032022.2883666,No significant market change detected.
AUDJPY,down,0.95,1760032023.6526232,No significant market change detected.
AUDJPY,down,0.95,1760032024.0708039,No significant market change detected.
AUDJPY,down,0.95,1760032026.4224699,No significant market change detected.
AUDJPY,down,0.95,1760032026.8599477,No significant market change detected.
AUDJPY,down,0.95,1760032029.8936985,No significant market change detected.
AUDJPY,down,0.95,1760032030.34405,No significant market change detected.
AUDJPY,down,0.95,1760032030.7837224,No significant market change detected.
AUDJPY,down,0.95,1760032031.4549024,No significant market change detected.
AUDJPY,down,0.95,1760032032.065234,No significant market change detected.
AUDJPY,down,0.95,1760032032.6502042,No significant market change detected.
AUDJPY,down,0.95,1760032033.0846806,No significant market change detected.
AUDJPY,down,0.95,1760032034.0301719,No significant market change detected.
AUDJPY,down,0.95,1760032034.4643705,No significant market change detected.
AUDJPY,down,0.95,1760032070.8287091,"Based on the provided account data and your analysis of the AUDJPY currency pair, here are some insights and suggested actions:

### Current Account Status:
- **Balance:** $0.32
- **Equity:** $0.32
- **Free Margin:** $0.32
- **Margin:** $0.00
- **Closed Trades:** 10 total, all with a PnL of $0.00.

### Market Analysis for AUDJPY:
- **Direction:** Down
- **Confidence Level:** 0.95 (very high confidence)
- **EMA Fast:** 100.48413
- **EMA Slow:** 100.48102 (indicating a potential bearish crossover)
- **RSI:** 41.64997 (below 50, suggesting bearish momentum)
- **MACD:** 0.00311 (close to zero, indicating a potential weakening trend)

### Position History:
You have a history of closed trades with no profit or loss, which indicates a lack of successful trading activity recently. All trades were closed at the same price they were opened, suggesting that you may have been trading in a range-bound market or lacked sufficient volatility.

### Suggested Actions:
1. **Evaluate Trading Strategy:** Given the high confidence in a downward movement for AUDJPY, consider placing a sell order if you can fund your account. However, with only $0.32 in your account, you are currently unable to open any new positions due to insufficient margin.

2. **Increase Account Balance:** To take advantage of the identified trading opportunity, consider adding funds to your account. This will enable you to engage in trades and potentially capitalize on the anticipated bearish movement in AUDJPY.

3. **Monitor Market Conditions:** Keep an eye on economic news and events that may impact the AUDJPY pair. Factors such as interest rate changes, employment data, and geopolitical events can significantly influence currency movements.

4. **Risk Management:** When you are able to trade again, ensure to implement risk management strategies to protect your capital. This includes setting appropriate stop-loss orders and managing position sizes relative to your account balance.

5. **Review Technical Indicators:** Continuously analyze the EMA, RSI, and MACD indicators for changes in market sentiment and momentum, which may affect your trading decisions.

### Conclusion:
Your analysis indicates a strong bearish sentiment for AUDJPY, but your current account balance does not allow for new trades. Consider funding your account to take advantage of market opportunities while implementing"
AUDJPY,down,0.95,1760032070.9131274,No significant market change detected.
AUDJPY,down,0.95,1760032070.9833958,No significant market change detected.
AUDJPY,down,0.95,1760032071.0546484,No significant market change detected.
AUDJPY,down,0.95,1760032071.1273246,No significant market change detected.
AUDJPY,down,0.95,1760032071.2043338,No significant market change detected.
AUDJPY,down,0.95,1760032071.2793753,No significant market change detected.
AUDJPY,down,0.95,1760032072.0789165,No significant market change detected.
AUDJPY,down,0.95,1760032072.5181377,No significant market change detected.
AUDJPY,down,0.95,1760032074.663752,No significant market change detected.
AUDJPY,down,0.95,1760032075.476184,No significant market change detected.
AUDJPY,down,0.95,1760032076.6687942,No significant market change detected.
AUDJPY,down,0.95,1760032077.092713,No significant market change detected.
AUDJPY,down,0.95,1760032077.5259209,No significant market change detected.
AUDJPY,down,0.95,1760032079.0711071,No significant market change detected.
AUDJPY,down,0.95,1760032079.4974885,No significant market change detected.
AUDJPY,down,0.95,1760032079.9509196,No significant market change detected.
AUDJPY,down,0.95,1760032081.056777,No significant market change detected.
AUDJPY,down,0.95,1760032081.925593,No significant market change detected.
AUDJPY,down,0.95,1760032083.6785073,No significant market change detected.
AUDJPY,down,0.95,1760032084.11775,No significant market change detected.
AUDJPY,down,0.95,1760032084.925105,No significant market change detected.
AUDJPY,down,0.95,1760032086.0970595,No significant market change detected.
AUDJPY,down,0.95,1760032087.0943015,No significant market change detected.
AUDJPY,down,0.95,1760032090.9042099,No significant market change detected.
AUDJPY,down,0.95,1760032091.3151724,No significant market change detected.
AUDJPY,down,0.95,1760032091.7763658,No significant market change detected.
AUDJPY,down,0.95,1760032093.8664796,No significant market change detected.
AUDJPY,down,0.95,1760032094.284243,No significant market change detected.
AUDJPY,down,0.95,1760032094.7133412,No significant market change detected.
AUDJPY,down,0.95,1760032095.2983491,No significant market change detected.
AUDJPY,down,0.95,1760032095.7442744,No significant market change detected.
AUDJPY,down,0.95,1760032100.44958,No significant market change detected.
AUDJPY,down,0.95,1760032100.8825288,No significant market change detected.
AUDJPY,down,0.95,1760032101.3152194,No significant market change detected.
AUDJPY,down,0.95,1760032102.8682704,No significant market change detected.
AUDJPY,down,0.95,1760032103.3155322,No significant market change detected.
AUDJPY,down,0.95,1760032103.87266,No significant market change detected.
AUDJPY,down,0.95,1760032105.0930376,No significant market change detected.
AUDJPY,down,0.95,1760032105.5202475,No significant market change detected.
AUDJPY,down,0.95,1760032105.9436314,No significant market change detected.
AUDJPY,down,0.95,1760032108.0952883,No significant market change detected.
AUDJPY,down,0.95,1760032109.091112,No significant market change detected.
AUDJPY,down,0.95,1760032109.6449525,No significant market change detected.
AUDJPY,down,0.95,1760032110.114769,No significant market change detected.
AUDJPY,down,0.95,1760032110.5572977,No significant market change detected.
AUDJPY,down,0.95,1760032111.0075157,No significant market change detected.
AUDJPY,down,0.95,1760032112.9097316,No significant market change detected.
AUDJPY,down,0.95,1760032113.4799972,No significant market change detected.
AUDJPY,down,0.95,1760032114.8971648,No significant market change detected.
AUDJPY,down,0.95,1760032115.4653356,No significant market change detected.
AUDJPY,down,0.95,1760032115.9243853,No significant market change detected.
AUDJPY,down,0.95,1760032116.3564928,No significant market change detected.
AUDJPY,down,0.95,1760032117.6961606,No significant market change detected.
AUDJPY,down,0.95,1760032118.2817924,No significant market change detected.
AUDJPY,down,0.95,1760032119.6583781,No significant market change detected.
AUDJPY,down,0.95,1760032120.1340158,No significant market change detected.
AUDJPY,down,0.95,1760032120.5611012,No significant market change detected.
AUDJPY,down,0.95,1760032121.0051346,No significant market change detected.
AUDJPY,down,0.95,1760032121.4548833,No significant market change detected.
AUDJPY,down,0.95,1760032121.871681,No significant market change detected.
AUDJPY,down,0.95,1760032122.3202672,No significant market change detected.
AUDJPY,down,0.95,1760032122.770286,No significant market change detected.
AUDJPY,down,0.95,1760032123.4772851,No significant market change detected.
AUDJPY,down,0.95,1760032125.9120283,No significant market change detected.
AUDJPY,down,0.95,1760032126.3560119,No significant market change detected.
AUDJPY,down,0.95,1760032126.8042748,No significant market change detected.
AUDJPY,down,0.95,1760032127.2524893,No significant market change detected.
AUDJPY,down,0.95,1760032127.7043388,No significant market change detected.
AUDJPY,down,0.95,1760032128.4673944,No significant market change detected.
AUDJPY,down,0.95,1760032129.299861,No significant market change detected.
AUDJPY,down,0.95,1760032129.7448466,No significant market change detected.
AUDJPY,down,0.95,1760032130.1726162,No significant market change detected.
AUDJPY,down,0.95,1760032130.6065905,No significant market change detected.
AUDJPY,down,0.95,1760032131.0382042,No significant market change detected.
AUDJPY,down,0.95,1760032131.465624,No significant market change detected.
AUDJPY,down,0.95,1760032132.2995749,No significant market change detected.
AUDJPY,down,0.95,1760032132.7303615,No significant market change detected.
AUDJPY,down,0.95,1760032133.309594,No significant market change detected.
AUDJPY,down,0.95,1760032133.7627804,No significant market change detected.
AUDJPY,down,0.95,1760032134.2036593,No significant market change detected.
AUDJPY,down,0.95,1760032136.1026697,No significant market change detected.
AUDJPY,down,0.95,1760032136.511471,No significant market change detected.
AUDJPY,down,0.95,1760032136.9423757,No significant market change detected.
AUDJPY,down,0.95,1760032137.3581514,No significant market change detected.
AUDJPY,down,0.95,1760032137.9040298,No significant market change detected.
AUDJPY,down,0.95,1760032139.7286859,No significant market change detected.
AUDJPY,down,0.95,1760032140.8989425,No significant market change detected.
AUDJPY,down,0.95,1760032141.3277223,No significant market change detected.
AUDJPY,down,0.95,1760032141.769578,No significant market change detected.
AUDJPY,down,0.95,1760032142.1809745,No significant market change detected.
AUDJPY,down,0.95,1760032143.1063955,No significant market change detected.
AUDJPY,down,0.95,1760032143.7063646,No significant market change detected.
AUDJPY,down,0.95,1760032144.7381175,No significant market change detected.
AUDJPY,down,0.95,1760032145.700815,No significant market change detected.
AUDJPY,down,0.95,1760032146.4904964,No significant market change detected.
AUDJPY,down,0.95,1760032147.790505,No significant market change detected.
AUDJPY,down,0.95,1760032148.2126417,No significant market change detected.
AUDJPY,down,0.95,1760032148.6531665,No significant market change detected.
AUDJPY,down,0.95,1760032149.750507,No significant market change detected.
AUDJPY,down,0.95,1760032150.4762712,No significant market change detected.
AUDJPY,down,0.95,1760032150.9117136,No significant market change detected.
AUDJPY,down,0.95,1760032151.919329,No significant market change detected.
AUDJPY,down,0.95,1760032152.3429916,No significant market change detected.
AUDJPY,down,0.95,1760032152.7849634,No significant market change detected.
AUDJPY,down,0.95,1760032153.2283285,No significant market change detected.
AUDJPY,down,0.95,1760032154.4845028,No significant market change detected.
AUDJPY,down,0.95,1760032155.7163801,No significant market change detected.
AUDJPY,down,0.95,1760032158.3198125,No significant market change detected.
AUDJPY,down,0.95,1760032159.323487,No significant market change detected.
AUDJPY,down,0.95,1760032159.769691,No significant market change detected.
AUDJPY,down,0.95,1760032160.7215798,No significant market change detected.
AUDJPY,down,0.95,1760032162.1144137,No significant market change detected.
AUDJPY,down,0.95,1760032163.4745014,No significant market change detected.
AUDJPY,down,0.95,1760032163.9218385,No significant market change detected.
AUDJPY,down,0.95,1760032165.1090684,No significant market change detected.
AUDJPY,down,0.95,1760032165.5304704,No significant market change detected.
AUDJPY,down,0.95,1760032166.2886057,No significant market change detected.
AUDJPY,down,0.95,1760032166.733749,No significant market change detected.
AUDJPY,down,0.95,1760032167.157518,No significant market change detected.
AUDJPY,down,0.95,1760032167.7297044,No significant market change detected.
AUDJPY,down,0.95,1760032170.3045018,No significant market change detected.
AUDJPY,down,0.95,1760032170.7244196,No significant market change detected.
AUDJPY,down,0.95,1760032171.1612642,No significant market change detected.
AUDJPY,down,0.95,1760032171.5909898,No significant market change detected.
AUDJPY,down,0.95,1760032172.0387223,No significant market change detected.
AUDJPY,down,0.95,1760032173.095854,No significant market change detected.
AUDJPY,down,0.95,1760032173.5217113,No significant market change detected.
AUDJPY,down,0.95,1760032174.717268,No significant market change detected.
AUDJPY,down,0.95,1760032176.7275763,No significant market change detected.
AUDJPY,down,0.95,1760032177.3602264,No significant market change detected.
AUDJPY,down,0.95,1760032179.5516458,No significant market change detected.
AUDJPY,down,0.95,1760032180.290829,No significant market change detected.
AUDJPY,down,0.95,1760032180.9151266,No significant market change detected.
AUDJPY,down,0.95,1760032181.3335884,No significant market change detected.
AUDJPY,down,0.95,1760032181.7791722,No significant market change detected.
AUDJPY,down,0.95,1760032182.2229736,No significant market change detected.
AUDJPY,down,0.95,1760032182.6688983,No significant market change detected.
AUDJPY,down,0.95,1760032183.3205628,No significant market change detected.
AUDJPY,down,0.95,1760032185.914766,No significant market change detected.
AUDJPY,down,0.95,1760032186.4980664,No significant market change detected.
AUDJPY,down,0.95,1760032187.5090356,No significant market change detected.
AUDJPY,down,0.95,1760032187.9503815,No significant market change detected.
AUDJPY,down,0.95,1760032188.5114298,No significant market change detected.
AUDJPY,down,0.95,1760032188.9616601,No significant market change detected.
AUDJPY,down,0.95,1760032190.3169863,No significant market change detected.
AUDJPY,down,0.95,1760032190.935326,No significant market change detected.
AUDJPY,down,0.95,1760032191.9409397,No significant market change detected.
AUDJPY,down,0.95,1760032192.3857784,No significant market change detected.
AUDJPY,down,0.95,1760032194.3016007,No significant market change detected.
AUDJPY,down,0.95,1760032194.795558,No significant market change detected.
AUDJPY,down,0.95,1760032195.29689,No significant market change detected.
AUDJPY,down,0.95,1760032196.9074736,No significant market change detected.
AUDJPY,down,0.95,1760032197.7065837,No significant market change detected.
AUDJPY,down,0.95,1760032199.1240873,No significant market change detected.
AUDJPY,down,0.95,1760032199.7373908,No significant market change detected.
AUDJPY,down,0.95,1760032200.1461332,No significant market change detected.
AUDJPY,down,0.95,1760032200.5581632,No significant market change detected.
AUDJPY,down,0.95,1760032202.3369977,No significant market change detected.
AUDJPY,down,0.95,1760032202.9747002,No significant market change detected.
AUDJPY,down,0.95,1760032203.4166045,No significant market change detected.
AUDJPY,down,0.95,1760032203.8625636,No significant market change detected.
AUDJPY,down,0.95,1760032204.2951627,No significant market change detected.
AUDJPY,down,0.95,1760032204.9845812,No significant market change detected.
AUDJPY,down,0.95,1760032205.4096558,No significant market change detected.
AUDJPY,down,0.95,1760032205.8615258,No significant market change detected.
AUDJPY,down,0.95,1760032207.3225133,No significant market change detected.
AUDJPY,down,0.95,1760032207.7730746,No significant market change detected.
AUDJPY,down,0.95,1760032208.9389136,No significant market change detected.
AUDJPY,down,0.95,1760032209.3602505,No significant market change detected.
AUDJPY,down,0.95,1760032209.8655663,No significant market change detected.
AUDJPY,down,0.95,1760032210.3179069,No significant market change detected.
AUDJPY,down,0.95,1760032211.3352804,No significant market change detected.
AUDJPY,down,0.95,1760032211.7929883,No significant market change detected.
AUDJPY,down,0.95,1760032212.525291,No significant market change detected.
AUDJPY,down,0.95,1760032212.9678314,No significant market change detected.
AUDJPY,down,0.95,1760032213.3998075,No significant market change detected.
AUDJPY,down,0.95,1760032214.3507657,No significant market change detected.
AUDJPY,down,0.95,1760032214.9475589,No significant market change detected.
AUDJPY,down,0.95,1760032215.3812966,No significant market change detected.
AUDJPY,down,0.95,1760032216.5595305,No significant market change detected.
AUDJPY,down,0.95,1760032217.3361933,No significant market change detected.
AUDJPY,down,0.95,1760032217.7767358,No significant market change detected.
AUDJPY,down,0.95,1760032218.2219977,No significant market change detected.
AUDJPY,down,0.95,1760032218.644816,No significant market change detected.
AUDJPY,down,0.95,1760032219.1027467,No significant market change detected.
AUDJPY,down,0.95,1760032219.5198565,No significant market change detected.
AUDJPY,down,0.95,1760032219.9621167,No significant market change detected.
AUDJPY,down,0.95,1760032220.3825295,No significant market change detected.
AUDJPY,down,0.95,1760032220.8322608,No significant market change detected.
AUDJPY,down,0.95,1760032222.334357,No significant market change detected.
AUDJPY,down,0.95,1760032223.528179,No significant market change detected.
AUDJPY,down,0.95,1760032224.184063,No significant market change detected.
AUDJPY,down,0.95,1760032224.5938058,No significant market change detected.
AUDJPY,down,0.95,1760032225.2609947,No significant market change detected.
AUDJPY,down,0.95,1760032225.9170125,No significant market change detected.
AUDJPY,down,0.95,1760032226.7251682,No significant market change detected.
AUDJPY,down,0.95,1760032227.1802092,No significant market change detected.
AUDJPY,down,0.95,1760032227.630591,No significant market change detected.
AUDJPY,down,0.95,1760032228.0590634,No significant market change detected.
AUDJPY,down,0.95,1760032228.9391854,No significant market change detected.
AUDJPY,down,0.95,1760032230.559045,No significant market change detected.
AUDJPY,down,0.95,1760032230.9957151,No significant market change detected.
AUDJPY,down,0.95,1760032231.4171968,No significant market change detected.
AUDJPY,down,0.95,1760032231.846347,No significant market change detected.
AUDJPY,down,0.95,1760032232.274972,No significant market change detected.
AUDJPY,down,0.95,1760032233.128225,No significant market change detected.
AUDJPY,down,0.95,1760032233.9233696,No significant market change detected.
AUDJPY,down,0.95,1760032235.9312246,No significant market change detected.
AUDJPY,down,0.95,1760032236.7341256,No significant market change detected.
AUDJPY,down,0.95,1760032238.5313437,No significant market change detected.
AUDJPY,down,0.95,1760032239.3335316,No significant market change detected.
AUDJPY,down,0.95,1760032241.1317644,No significant market change detected.
AUDJPY,down,0.95,1760032241.5583508,No significant market change detected.
AUDJPY,down,0.95,1760032242.3702314,No significant market change detected.
AUDJPY,down,0.95,1760032242.7933679,No significant market change detected.
AUDJPY,down,0.95,1760032243.2202966,No significant market change detected.
AUDJPY,down,0.95,1760032243.6496634,No significant market change detected.
AUDJPY,down,0.95,1760032244.078366,No significant market change detected.
AUDJPY,down,0.95,1760032244.5120142,No significant market change detected.
AUDJPY,down,0.95,1760032244.9829867,No significant market change detected.
AUDJPY,down,0.95,1760032245.5243664,No significant market change detected.
AUDJPY,down,0.95,1760032246.1302464,No significant market change detected.
AUDJPY,down,0.95,1760032246.5587673,No significant market change detected.
AUDJPY,down,0.95,1760032246.9856205,No significant market change detected.
AUDJPY,down,0.95,1760032247.4143274,No significant market change detected.
AUDJPY,down,0.95,1760032248.3248534,No significant market change detected.
AUDJPY,down,0.95,1760032249.1171162,No significant market change detected.
AUDJPY,down,0.95,1760032250.3249774,No significant market change detected.
AUDJPY,down,0.95,1760032250.762761,No significant market change detected.
AUDJPY,down,0.95,1760032251.731196,No significant market change detected.
AUDJPY,down,0.95,1760032253.1503983,No significant market change detected.
AUDJPY,down,0.95,1760032253.970436,No significant market change detected.
AUDJPY,down,0.95,1760032255.0665298,No significant market change detected.
AUDJPY,down,0.95,1760032255.9252343,No significant market change detected.
AUDJPY,down,0.95,1760032257.3240252,No significant market change detected.
AUDJPY,down,0.95,1760032258.5408082,No significant market change detected.
AUDJPY,down,0.95,1760032260.165536,No significant market change detected.
AUDJPY,down,0.95,1760032261.1528301,No significant market change detected.
AUDJPY,down,0.95,1760032261.5694647,No significant market change detected.
AUDJPY,down,0.95,1760032263.5605998,No significant market change detected.
AUDJPY,down,0.95,1760032264.0182755,No significant market change detected.
AUDJPY,down,0.95,1760032264.4643598,No significant market change detected.
AUDJPY,down,0.95,1760032266.7669342,No significant market change detected.
AUDJPY,down,0.95,1760032267.2005603,No significant market change detected.
AUDJPY,down,0.95,1760032267.6196165,No significant market change detected.
AUDJPY,down,0.95,1760032268.064687,No significant market change detected.
AUDJPY,down,0.95,1760032268.7502825,No significant market change detected.
AUDJPY,down,0.95,1760032270.0178175,No significant market change detected.
AUDJPY,down,0.95,1760032270.7706146,No significant market change detected.
AUDJPY,down,0.95,1760032271.9530783,No significant market change detected.
AUDJPY,down,0.95,1760032272.7675817,No significant market change detected.
AUDJPY,down,0.95,1760032273.2041004,No significant market change detected.
AUDJPY,down,0.95,1760032273.6098187,No significant market change detected.
AUDJPY,down,0.95,1760032274.3730247,No significant market change detected.
AUDJPY,down,0.95,1760032274.812633,No significant market change detected.
AUDJPY,down,0.95,1760032275.2717464,No significant market change detected.
AUDJPY,down,0.95,1760032275.6835573,No significant market change detected.
AUDJPY,down,0.95,1760032276.1402125,No significant market change detected.
AUDJPY,down,0.95,1760032276.570877,No significant market change detected.
AUDJPY,down,0.95,1760032278.1398385,No significant market change detected.
AUDJPY,down,0.95,1760032278.573732,No significant market change detected.
AUDJPY,down,0.95,1760032279.1534038,No significant market change detected.
AUDJPY,down,0.95,1760032281.0021942,No significant market change detected.
AUDJPY,down,0.95,1760032281.448069,No significant market change detected.
AUDJPY,down,0.95,1760032281.9059002,No significant market change detected.
AUDJPY,down,0.95,1760032282.356221,No significant market change detected.
AUDJPY,down,0.95,1760032283.5436685,No significant market change detected.
AUDJPY,down,0.95,1760032283.9962893,No significant market change detected.
AUDJPY,down,0.95,1760032284.4453099,No significant market change detected.
AUDJPY,down,0.95,1760032286.151142,No significant market change detected.
AUDJPY,down,0.95,1760032286.5695214,No significant market change detected.
AUDJPY,down,0.95,1760032287.3399882,No significant market change detected.
AUDJPY,down,0.95,1760032287.7939494,No significant market change detected.
AUDJPY,down,0.95,1760032288.3750203,No significant market change detected.
AUDJPY,down,0.95,1760032288.974958,No significant market change detected.
AUDJPY,down,0.95,1760032289.4086227,No significant market change detected.
AUDJPY,down,0.95,1760032290.7821505,No significant market change detected.
AUDJPY,down,0.95,1760032291.22895,No significant market change detected.
AUDJPY,down,0.95,1760032295.579965,No significant market change detected.
AUDJPY,down,0.95,1760032296.022582,No significant market change detected.
AUDJPY,down,0.95,1760032296.7789073,No significant market change detected.
AUDJPY,down,0.95,1760032297.2286134,No significant market change detected.
AUDJPY,down,0.95,1760032298.797815,No significant market change detected.
AUDJPY,down,0.95,1760032299.24675,No significant market change detected.
AUDJPY,down,0.95,1760032300.0355406,No significant market change detected.
AUDJPY,down,0.95,1760032301.992637,No significant market change detected.
AUDJPY,down,0.95,1760032302.4369655,No significant market change detected.
AUDJPY,down,0.95,1760032303.3734517,No significant market change detected.
AUDJPY,down,0.95,1760032304.377213,No significant market change detected.
AUDJPY,down,0.95,1760032304.8717628,No significant market change detected.
AUDJPY,down,0.95,1760032305.5723011,No significant market change detected.
AUDJPY,down,0.95,1760032307.5484695,No significant market change detected.
AUDJPY,down,0.95,1760032308.0143082,No significant market change detected.
AUDJPY,down,0.95,1760032308.468199,No significant market change detected.
AUDJPY,down,0.95,1760032310.1863928,No significant market change detected.
AUDJPY,down,0.95,1760032310.7787158,No significant market change detected.
AUDJPY,down,0.95,1760032311.208032,No significant market change detected.
AUDJPY,down,0.95,1760032311.6344068,No significant market change detected.
AUDJPY,down,0.95,1760032313.1634755,No significant market change detected.
AUDJPY,down,0.95,1760032313.5880117,No significant market change detected.
AUDJPY,down,0.95,1760032314.9958167,No significant market change detected.
AUDJPY,down,0.95,1760032315.7625349,No significant market change detected.
AUDJPY,down,0.95,1760032316.187786,No significant market change detected.
AUDJPY,down,0.95,1760032316.607409,No significant market change detected.
AUDJPY,down,0.95,1760032317.0299454,No significant market change detected.
AUDJPY,down,0.95,1760032318.4028788,No significant market change detected.
AUDJPY,down,0.95,1760032318.9552703,No significant market change detected.
AUDJPY,down,0.95,1760032320.5889552,No significant market change detected.
AUDJPY,down,0.95,1760032321.1947987,No significant market change detected.
AUDJPY,down,0.95,1760032321.604321,No significant market change detected.
AUDJPY,down,0.95,1760032322.049593,No significant market change detected.
AUDJPY,down,0.95,1760032323.0028613,No significant market change detected.
AUDJPY,down,0.95,1760032323.4507763,No significant market change detected.
AUDJPY,down,0.95,1760032324.1964576,No significant market change detected.
AUDJPY,down,0.95,1760032325.1894484,No significant market change detected.
AUDJPY,down,0.95,1760032326.3980458,No significant market change detected.
AUDJPY,down,0.95,1760032327.193311,No significant market change detected.
AUDJPY,down,0.95,1760032327.795684,No significant market change detected.
AUDJPY,down,0.95,1760032328.2492385,No significant market change detected.
AUDJPY,down,0.95,1760032329.3870296,No significant market change detected.
AUDJPY,down,0.95,1760032330.4221306,No significant market change detected.
AUDJPY,down,0.95,1760032330.8365905,No significant market change detected.
AUDJPY,down,0.95,1760032331.277878,No significant market change detected.
AUDJPY,down,0.95,1760032332.2189534,No significant market change detected.
AUDJPY,down,0.95,1760032332.637163,No significant market change detected.
AUDJPY,down,0.95,1760032333.387481,No significant market change detected.
AUDJPY,down,0.95,1760032334.4048288,No significant market change detected.
AUDJPY,down,0.95,1760032334.8497229,No significant market change detected.
AUDJPY,down,0.95,1760032336.4016156,No significant market change detected.
AUDJPY,down,0.95,1760032337.3798523,No significant market change detected.
AUDJPY,down,0.95,1760032338.399805,No significant market change detected.
AUDJPY,down,0.95,1760032340.1594937,No significant market change detected.
AUDJPY,down,0.95,1760032340.5859666,No significant market change detected.
AUDJPY,down,0.95,1760032341.0208325,No significant market change detected.
AUDJPY,down,0.95,1760032341.4605813,No significant market change detected.
AUDJPY,down,0.95,1760032342.0117204,No significant market change detected.
AUDJPY,down,0.95,1760032343.3926167,No significant market change detected.
AUDJPY,down,0.95,1760032344.6167777,No significant market change detected.
AUDJPY,down,0.95,1760032345.0465994,No significant market change detected.
AUDJPY,down,0.95,1760032345.65222,No significant market change detected.
AUDJPY,down,0.95,1760032350.399125,No significant market change detected.
AUDJPY,down,0.95,1760032351.6217067,No significant market change detected.
AUDJPY,down,0.95,1760032352.4151945,No significant market change detected.
AUDJPY,down,0.95,1760032352.8634565,No significant market change detected.
AUDJPY,down,0.95,1760032369.242817,"Based on the account data and your inquiry regarding a potential trade on AUDJPY with a bearish outlook, here's a detailed analysis:

### Current Account Status:
- **Balance**: $0.32
- **Equity**: $0.32
- **Free Margin**: $0.32
- **Margin**: $0.00
- **Closed Trades PnL**: $0.00

### Technical Indicators:
- **EMA Fast**: 100.48475
- **EMA Slow**: 100.48131
- **RSI**: 41.80408 (indicating that AUDJPY is approaching oversold conditions)
- **MACD**: 0.00343 (very close to zero, indicating potential indecision in the market)

### Position History:
Your past trades have all been closed with no profit or loss, indicating a lack of successful trades recently. This could suggest that the market conditions have not been favorable for your trading strategy.

### Analysis of AUDJPY:
1. **Trend Indicators**: The EMA Fast is above the EMA Slow, which typically indicates a bullish trend. However, your confidence in a bearish move (down) suggests that you may be anticipating a reversal or a short-term decline.
   
2. **RSI Analysis**: The RSI is below 50 and approaching oversold territory (below 30), which could indicate that the asset is undervalued. However, since you have a high confidence level (0.95) in a downward movement, this might reflect a short-term bearish sentiment despite the overall trend.

3. **MACD**: The MACD value is very close to zero, indicating a lack of momentum in either direction. This might support your bearish stance if you believe a reversal is imminent.

### Suggested Action:
Given your high confidence in a downward movement for AUDJPY, here are the recommendations:

1. **Consider Risk Management**: Since your account balance is very low ($0.32), it is crucial to manage risk carefully. Ensure that any position taken does not exceed your free margin, which is currently $0.32.

2. **Open a Short Position**: If you decide to proceed, you could open a small short position on AUDJPY. Given the current balance, you may want to limit the trade size to 0.01 lots to ensure you have enough margin to cover potential fluctuations.

3. **Monitor the Trade Closely**:"
AUDJPY,down,0.95,1760032369.3544528,No significant market change detected.
AUDJPY,down,0.95,1760032369.4192886,No significant market change detected.
AUDJPY,down,0.95,1760032369.48341,No significant market change detected.
AUDJPY,down,0.95,1760032369.551259,No significant market change detected.
AUDJPY,down,0.95,1760032370.4132812,No significant market change detected.
AUDJPY,down,0.95,1760032373.8040433,No significant market change detected.
AUDJPY,down,0.95,1760032374.242837,No significant market change detected.
AUDJPY,down,0.95,1760032374.6792843,No significant market change detected.
AUDJPY,down,0.95,1760032375.8466952,No significant market change detected.
AUDJPY,down,0.95,1760032376.9977396,No significant market change detected.
AUDJPY,down,0.95,1760032377.4291723,No significant market change detected.
AUDJPY,down,0.95,1760032377.8577635,No significant market change detected.
AUDJPY,down,0.95,1760032378.4084847,No significant market change detected.
AUDJPY,down,0.95,1760032378.8388731,No significant market change detected.
AUDJPY,down,0.95,1760032380.6095467,No significant market change detected.
AUDJPY,down,0.95,1760032381.2413347,No significant market change detected.
AUDJPY,down,0.95,1760032381.674286,No significant market change detected.
AUDJPY,down,0.95,1760032383.023075,No significant market change detected.
AUDJPY,down,0.95,1760032383.462095,No significant market change detected.
AUDJPY,down,0.95,1760032383.893756,No significant market change detected.
AUDJPY,down,0.95,1760032384.3334527,No significant market change detected.
AUDJPY,down,0.95,1760032385.0031476,No significant market change detected.
AUDJPY,down,0.95,1760032387.1969175,No significant market change detected.
AUDJPY,down,0.95,1760032387.78913,No significant market change detected.
AUDJPY,down,0.95,1760032390.6781695,No significant market change detected.
AUDJPY,down,0.95,1760032391.0892084,No significant market change detected.
AUDJPY,down,0.95,1760032391.5383627,No significant market change detected.
AUDJPY,down,0.95,1760032391.9662328,No significant market change detected.
AUDJPY,down,0.95,1760032392.6085331,No significant market change detected.
AUDJPY,down,0.95,1760032401.4229574,No significant market change detected.
AUDJPY,down,0.95,1760032401.8802524,No significant market change detected.
AUDJPY,down,0.95,1760032402.4341595,No significant market change detected.
AUDJPY,down,0.95,1760032404.4133286,No significant market change detected.
AUDJPY,down,0.95,1760032406.2563653,No significant market change detected.
AUDJPY,down,0.95,1760032406.8225427,No significant market change detected.
AUDJPY,down,0.95,1760032407.6527882,No significant market change detected.
AUDJPY,down,0.95,1760032413.0584981,No significant market change detected.
AUDJPY,down,0.95,1760032413.4952435,No significant market change detected.
AUDJPY,down,0.95,1760032413.9547126,No significant market change detected.
AUDJPY,down,0.95,1760032414.385384,No significant market change detected.
AUDJPY,down,0.95,1760032414.8254282,No significant market change detected.
AUDJPY,down,0.95,1760032415.8108716,No significant market change detected.
AUDJPY,down,0.95,1760032416.4432628,No significant market change detected.
AUDJPY,down,0.95,1760032416.8853934,No significant market change detected.
AUDJPY,down,0.95,1760032419.0441384,No significant market change detected.
AUDJPY,down,0.95,1760032419.4829264,No significant market change detected.
AUDJPY,down,0.95,1760032420.7273252,No significant market change detected.
AUDJPY,down,0.95,1760032421.1474674,No significant market change detected.
AUDJPY,down,0.95,1760032421.8072784,No significant market change detected.
AUDJPY,down,0.95,1760032422.2543015,No significant market change detected.
AUDJPY,down,0.95,1760032422.8471007,No significant market change detected.
AUDJPY,down,0.95,1760032424.4472003,No significant market change detected.
AUDJPY,down,0.95,1760032426.4222677,No significant market change detected.
AUDJPY,down,0.95,1760032428.6397796,No significant market change detected.
AUDJPY,down,0.95,1760032430.0328736,No significant market change detected.
AUDJPY,down,0.95,1760032432.6542275,No significant market change detected.
AUDJPY,down,0.95,1760032433.1004686,No significant market change detected.
AUDJPY,down,0.95,1760032435.948618,No significant market change detected.
AUDJPY,down,0.95,1760032436.3707473,No significant market change detected.
AUDJPY,down,0.95,1760032439.2410955,No significant market change detected.
AUDJPY,down,0.95,1760032439.6905773,No significant market change detected.
AUDJPY,down,0.95,1760032440.123554,No significant market change detected.
AUDJPY,down,0.95,1760032440.568728,No significant market change detected.
AUDJPY,down,0.95,1760032441.2339358,No significant market change detected.
AUDJPY,down,0.95,1760032442.6335313,No significant market change detected.
AUDJPY,down,0.95,1760032443.083255,No significant market change detected.
AUDJPY,down,0.95,1760032443.540938,No significant market change detected.
AUDJPY,down,0.95,1760032444.4845743,No significant market change detected.
AUDJPY,down,0.95,1760032445.4279897,No significant market change detected.
AUDJPY,down,0.95,1760032445.8461256,No significant market change detected.
AUDJPY,down,0.95,1760032446.285168,No significant market change detected.
AUDJPY,down,0.95,1760032446.7279508,No significant market change detected.
AUDJPY,down,0.95,1760032448.0604732,No significant market change detected.
AUDJPY,down,0.95,1760032448.6554196,No significant market change detected.
AUDJPY,down,0.95,1760032449.24654,No significant market change detected.
AUDJPY,down,0.95,1760032450.9047778,No significant market change detected.
AUDJPY,down,0.95,1760032451.3210986,No significant market change detected.
AUDJPY,down,0.95,1760032452.0439801,No significant market change detected.
AUDJPY,down,0.95,1760032453.263592,No significant market change detected.
AUDJPY,down,0.95,1760032454.270112,No significant market change detected.
AUDJPY,down,0.95,1760032454.7389028,No significant market change detected.
AUDJPY,down,0.95,1760032457.159317,No significant market change detected.
AUDJPY,down,0.95,1760032457.662259,No significant market change detected.
AUDJPY,down,0.95,1760032458.8387187,No significant market change detected.
AUDJPY,down,0.95,1760032459.3279521,No significant market change detected.
AUDJPY,down,0.95,1760032459.77987,No significant market change detected.
AUDJPY,down,0.95,1760032460.326899,No significant market change detected.
AUDJPY,down,0.95,1760032460.769184,No significant market change detected.
AUDJPY,down,0.95,1760032461.2809973,No significant market change detected.
AUDJPY,down,0.95,1760032462.4912612,No significant market change detected.
AUDJPY,down,0.95,1760032463.0164056,No significant market change detected.
AUDJPY,down,0.95,1760032463.5315611,No significant market change detected.
AUDJPY,down,0.95,1760032464.507689,No significant market change detected.
AUDJPY,down,0.95,1760032465.524053,No significant market change detected.
AUDJPY,down,0.95,1760032466.2471712,No significant market change detected.
AUDJPY,down,0.95,1760032467.4537756,No significant market change detected.
AUDJPY,down,0.95,1760032467.9519358,No significant market change detected.
AUDJPY,down,0.95,1760032468.5951042,No significant market change detected.
AUDJPY,down,0.95,1760032469.0436854,No significant market change detected.
AUDJPY,down,0.95,1760032469.4796288,No significant market change detected.
AUDJPY,down,0.95,1760032469.937957,No significant market change detected.
AUDJPY,down,0.95,1760032471.1764991,No significant market change detected.
AUDJPY,down,0.95,1760032471.723211,No significant market change detected.
AUDJPY,down,0.95,1760032472.3320098,No significant market change detected.
AUDJPY,down,0.95,1760032473.295175,No significant market change detected.
AUDJPY,down,0.95,1760032473.986411,No significant market change detected.
AUDJPY,down,0.95,1760032474.4988363,No significant market change detected.
AUDJPY,down,0.95,1760032475.5741034,No significant market change detected.
AUDJPY,down,0.95,1760032476.1550076,No significant market change detected.
AUDJPY,down,0.95,1760032476.6842508,No significant market change detected.
AUDJPY,down,0.95,1760032477.7168574,No significant market change detected.
AUDJPY,down,0.95,1760032478.8550243,No significant market change detected.
AUDJPY,down,0.95,1760032479.4022946,No significant market change detected.
AUDJPY,down,0.95,1760032480.1067157,No significant market change detected.
AUDJPY,down,0.95,1760032480.5869422,No significant market change detected.
AUDJPY,down,0.95,1760032481.838052,No significant market change detected.
AUDJPY,down,0.95,1760032482.5622787,No significant market change detected.
AUDJPY,down,0.95,1760032483.7465034,No significant market change detected.
AUDJPY,down,0.95,1760032484.2870002,No significant market change detected.
AUDJPY,down,0.95,1760032484.744804,No significant market change detected.
AUDJPY,down,0.95,1760032485.6999435,No significant market change detected.
AUDJPY,down,0.95,1760032486.8563561,No significant market change detected.
AUDJPY,down,0.95,1760032488.8819711,No significant market change detected.
AUDJPY,down,0.95,1760032489.7110407,No significant market change detected.
AUDJPY,down,0.95,1760032490.2065182,No significant market change detected.
AUDJPY,down,0.95,1760032490.7247162,No significant market change detected.
AUDJPY,down,0.95,1760032491.2743266,No significant market change detected.
AUDJPY,down,0.95,1760032491.863601,No significant market change detected.
AUDJPY,down,0.95,1760032493.121855,No significant market change detected.
AUDJPY,down,0.95,1760032493.6463919,No significant market change detected.
AUDJPY,down,0.95,1760032494.0991225,No significant market change detected.
AUDJPY,down,0.95,1760032495.116753,No significant market change detected.
AUDJPY,down,0.95,1760032496.06967,No significant market change detected.
AUDJPY,down,0.95,1760032496.522979,No significant market change detected.
AUDJPY,down,0.95,1760032498.067022,No significant market change detected.
AUDJPY,down,0.95,1760032498.7128415,No significant market change detected.
AUDJPY,down,0.95,1760032499.2255297,No significant market change detected.
AUDJPY,down,0.95,1760032500.7609932,No significant market change detected.
AUDJPY,down,0.95,1760032501.3141053,No significant market change detected.
AUDJPY,down,0.95,1760032502.138296,No significant market change detected.
AUDJPY,down,0.95,1760032502.6747937,No significant market change detected.
AUDJPY,down,0.95,1760032503.1926312,No significant market change detected.
AUDJPY,down,0.95,1760032503.6931763,No significant market change detected.
AUDJPY,down,0.95,1760032504.194339,No significant market change detected.
AUDJPY,down,0.95,1760032505.0728612,No significant market change detected.
AUDJPY,down,0.95,1760032505.8579822,No significant market change detected.
AUDJPY,down,0.95,1760032506.5195727,No significant market change detected.
AUDJPY,down,0.95,1760032507.1677468,No significant market change detected.
AUDJPY,down,0.95,1760032507.6575253,No significant market change detected.
AUDJPY,down,0.95,1760032508.1563165,No significant market change detected.
AUDJPY,down,0.95,1760032508.679286,No significant market change detected.
AUDJPY,down,0.95,1760032509.181899,No significant market change detected.
AUDJPY,down,0.95,1760032509.7867157,No significant market change detected.
AUDJPY,down,0.95,1760032510.3005855,No significant market change detected.
AUDJPY,down,0.95,1760032511.2026575,No significant market change detected.
AUDJPY,down,0.95,1760032511.6835372,No significant market change detected.
AUDJPY,down,0.95,1760032512.4839222,No significant market change detected.
AUDJPY,down,0.95,1760032512.9204085,No significant market change detected.
AUDJPY,down,0.95,1760032513.4607527,No significant market change detected.
AUDJPY,down,0.95,1760032513.8912833,No significant market change detected.
AUDJPY,down,0.95,1760032514.4761922,No significant market change detected.
AUDJPY,down,0.95,1760032515.2146025,No significant market change detected.
AUDJPY,down,0.95,1760032515.7263114,No significant market change detected.
AUDJPY,down,0.95,1760032516.6020038,No significant market change detected.
AUDJPY,down,0.95,1760032517.546994,No significant market change detected.
AUDJPY,down,0.95,1760032519.3941996,No significant market change detected.
AUDJPY,down,0.95,1760032519.888517,No significant market change detected.
AUDJPY,down,0.95,1760032520.6895764,No significant market change detected.
AUDJPY,down,0.95,1760032521.5968523,No significant market change detected.
AUDJPY,down,0.95,1760032522.117464,No significant market change detected.
AUDJPY,down,0.95,1760032522.775294,No significant market change detected.
AUDJPY,down,0.95,1760032523.5200727,No significant market change detected.
AUDJPY,down,0.95,1760032524.2348769,No significant market change detected.
AUDJPY,down,0.95,1760032524.891003,No significant market change detected.
AUDJPY,down,0.95,1760032525.4534047,No significant market change detected.
AUDJPY,down,0.95,1760032526.734955,No significant market change detected.
AUDJPY,down,0.95,1760032527.7039962,No significant market change detected.
AUDJPY,down,0.95,1760032528.1634493,No significant market change detected.
AUDJPY,down,0.95,1760032528.6889937,No significant market change detected.
AUDJPY,down,0.95,1760032530.503605,No significant market change detected.
AUDJPY,down,0.95,1760032531.0033157,No significant market change detected.
AUDJPY,down,0.95,1760032534.155959,No significant market change detected.
AUDJPY,down,0.95,1760032535.493882,No significant market change detected.
AUDJPY,down,0.95,1760032535.9370625,No significant market change detected.
AUDJPY,down,0.95,1760032536.4019337,No significant market change detected.
AUDJPY,down,0.95,1760032539.1757417,No significant market change detected.
AUDJPY,down,0.95,1760032539.673105,No significant market change detected.
AUDJPY,down,0.95,1760032540.7297769,No significant market change detected.
AUDJPY,down,0.95,1760032541.3251681,No significant market change detected.
AUDJPY,down,0.95,1760032542.1609783,No significant market change detected.
AUDJPY,down,0.95,1760032542.610777,No significant market change detected.
AUDJPY,down,0.95,1760032545.3686428,No significant market change detected.
AUDJPY,down,0.95,1760032545.9189308,No significant market change detected.
AUDJPY,down,0.95,1760032547.766297,No significant market change detected.
AUDJPY,down,0.95,1760032548.2468371,No significant market change detected.
AUDJPY,down,0.95,1760032548.923278,No significant market change detected.
AUDJPY,down,0.95,1760032549.5649884,No significant market change detected.
AUDJPY,down,0.95,1760032549.9916737,No significant market change detected.
AUDJPY,down,0.95,1760032550.4926312,No significant market change detected.
AUDJPY,down,0.95,1760032550.941225,No significant market change detected.
AUDJPY,down,0.95,1760032551.4375443,No significant market change detected.
AUDJPY,down,0.95,1760032551.8771143,No significant market change detected.
AUDJPY,down,0.95,1760032553.1711984,No significant market change detected.
AUDJPY,down,0.95,1760033419.051777,"Based on the account data provided, here's a comprehensive analysis and suggested action regarding your interest in the AUDJPY trade:

### Current Account Status:
- **Balance**: $0.32
- **Equity**: $0.32
- **Free Margin**: $0.32
- **Margin**: $0.00
- **Closed Trades**: All trades have resulted in a total profit and loss (PnL) of $0.00, indicating no gains or losses from previous trades.

### Technical Indicators for AUDJPY:
- **Direction**: Down
- **Confidence**: 0.95 (high confidence in downward movement)
- **EMA Fast**: 100.44531
- **EMA Slow**: 100.46268 (the fast EMA is below the slow EMA, indicating a bearish trend)
- **RSI**: 41.06405 (below 50, suggesting potential weakness in the price)
- **MACD**: -0.01737 (negative value indicates bearish momentum)

### Position History:
The position history shows that all your previous trades have been closed with no profit or loss. This indicates a lack of successful trading activity.

### Analysis:
1. **High Confidence**: You have a very high confidence level (0.95) in the downward movement of AUDJPY, which is supported by the technical indicators (EMA, RSI, MACD).
2. **Current Account Balance**: Your account balance is very low at $0.32. This limits your ability to open new positions, as most brokers require a minimum amount to trade, especially with leverage.
3. **No Open Positions**: There are currently no open orders, which means you have the flexibility to enter a new trade if the conditions are favorable.

### Suggested Action:
Given your high confidence in a downward movement for AUDJPY and the current technical indicators, here are the suggested actions:

1. **Consider Opening a Trade**: If your broker allows trading with a very low balance, consider placing a small sell order on AUDJPY. Ensure that the position size is appropriate given your balance to manage risk effectively.
   
2. **Monitor Risk**: Given the low account balance, be cautious about the position size. You may want to use a micro lot (0.01) to minimize risk.

3. **Reassess Account Balance**: If possible, consider depositing additional funds into your account to allow for more trading"
AUDJPY,down,0.95,1760033419.1669421,No significant market change detected.
AUDJPY,down,0.95,1760033419.2603157,No significant market change detected.
AUDJPY,down,0.95,1760033419.3494625,No significant market change detected.
AUDJPY,down,0.95,1760033419.4550092,No significant market change detected.
AUDJPY,down,0.95,1760033419.5375307,No significant market change detected.
AUDJPY,down,0.95,1760033419.638424,No significant market change detected.
AUDJPY,down,0.95,1760033420.0893567,No significant market change detected.
AUDJPY,down,0.95,1760033420.5330038,No significant market change detected.
AUDJPY,down,0.95,1760033421.1206815,No significant market change detected.
AUDJPY,down,0.95,1760033422.1419318,No significant market change detected.
AUDJPY,down,0.95,1760033422.7071211,No significant market change detected.
AUDJPY,down,0.95,1760033423.154071,No significant market change detected.
AUDJPY,down,0.95,1760033423.696423,No significant market change detected.
AUDJPY,down,0.95,1760033424.4947534,No significant market change detected.
AUDJPY,down,0.95,1760033425.9046075,No significant market change detected.
AUDJPY,down,0.95,1760033428.116612,No significant market change detected.
AUDJPY,down,0.95,1760033429.083925,No significant market change detected.
AUDJPY,down,0.95,1760033430.7854958,No significant market change detected.
AUDJPY,down,0.95,1760033431.5025382,No significant market change detected.
AUDJPY,down,0.95,1760033431.977935,No significant market change detected.
AUDJPY,down,0.95,1760033432.9379816,No significant market change detected.
AUDJPY,down,0.95,1760033433.3864698,No significant market change detected.
AUDJPY,down,0.95,1760033434.9776464,No significant market change detected.
AUDJPY,down,0.95,1760033435.9157078,No significant market change detected.
AUDJPY,down,0.95,1760033436.366417,No significant market change detected.
AUDJPY,down,0.95,1760033437.8976092,No significant market change detected.
AUDJPY,down,0.95,1760033438.7780387,No significant market change detected.
AUDJPY,down,0.95,1760033439.500606,No significant market change detected.
AUDJPY,down,0.95,1760033445.402354,No significant market change detected.
AUDJPY,down,0.95,1760033445.8583143,No significant market change detected.
AUDJPY,down,0.95,1760033446.4019809,No significant market change detected.
AUDJPY,down,0.95,1760033448.5466504,No significant market change detected.
AUDJPY,down,0.95,1760033449.0398765,No significant market change detected.
AUDJPY,down,0.95,1760033451.278034,No significant market change detected.
AUDJPY,down,0.95,1760033451.7022505,No significant market change detected.
AUDJPY,down,0.95,1760033453.837373,No significant market change detected.
AUDJPY,down,0.95,1760033454.961589,No significant market change detected.
AUDJPY,down,0.95,1760033460.3791206,No significant market change detected.
AUDJPY,down,0.95,1760033460.9276767,No significant market change detected.
AUDJPY,down,0.95,1760033478.9009671,No significant market change detected.
AUDJPY,down,0.95,1760033479.3413303,No significant market change detected.
AUDJPY,down,0.95,1760033480.1366096,No significant market change detected.
AUDJPY,down,0.95,1760033481.3030381,No significant market change detected.
AUDJPY,down,0.95,1760033482.1303754,No significant market change detected.
AUDJPY,down,0.95,1760033484.128423,No significant market change detected.
AUDJPY,down,0.95,1760033484.7190242,No significant market change detected.
AUDJPY,down,0.95,1760033486.710727,No significant market change detected.
AUDJPY,down,0.95,1760033487.7151456,No significant market change detected.
AUDJPY,down,0.95,1760033489.7366188,No significant market change detected.
AUDJPY,down,0.95,1760033490.222259,No significant market change detected.
AUDJPY,down,0.95,1760033492.3090725,No significant market change detected.
AUDJPY,down,0.95,1760033492.7474794,No significant market change detected.
AUDJPY,down,0.95,1760033493.7609916,No significant market change detected.
AUDJPY,down,0.95,1760033494.2144256,No significant market change detected.
AUDJPY,down,0.95,1760033495.766083,No significant market change detected.
AUDJPY,down,0.95,1760033496.2564986,No significant market change detected.
AUDJPY,down,0.95,1760033499.152882,No significant market change detected.
AUDJPY,down,0.95,1760033499.628595,No significant market change detected.
AUDJPY,down,0.95,1760033501.3212698,No significant market change detected.
AUDJPY,down,0.95,1760033502.059117,No significant market change detected.
AUDJPY,down,0.95,1760033504.143585,No significant market change detected.
AUDJPY,down,0.95,1760033505.9287515,No significant market change detected.
AUDJPY,down,0.95,1760033507.0037944,No significant market change detected.
AUDJPY,down,0.95,1760033507.474861,No significant market change detected.
AUDJPY,down,0.95,1760033508.1305742,No significant market change detected.
AUDJPY,down,0.95,1760033508.6351004,No significant market change detected.
AUDJPY,down,0.95,1760033509.1732924,No significant market change detected.
AUDJPY,down,0.95,1760033509.612522,No significant market change detected.
AUDJPY,down,0.95,1760033513.584064,No significant market change detected.
AUDJPY,down,0.95,1760033514.0125716,No significant market change detected.
AUDJPY,down,0.95,1760033514.7634842,No significant market change detected.
AUDJPY,down,0.95,1760033515.2522712,No significant market change detected.
AUDJPY,down,0.95,1760033515.7753663,No significant market change detected.
AUDJPY,down,0.95,1760033516.2217023,No significant market change detected.
AUDJPY,down,0.95,1760033516.6628442,No significant market change detected.
AUDJPY,down,0.95,1760033517.1300974,No significant market change detected.
AUDJPY,down,0.95,1760033517.5938222,No significant market change detected.
AUDJPY,down,0.95,1760033518.054286,No significant market change detected.
AUDJPY,down,0.95,1760033518.5197299,No significant market change detected.
AUDJPY,down,0.95,1760033519.119712,No significant market change detected.
AUDJPY,down,0.95,1760033519.5854573,No significant market change detected.
AUDJPY,down,0.95,1760033520.0969203,No significant market change detected.
AUDJPY,down,0.95,1760033520.534914,No significant market change detected.
AUDJPY,down,0.95,1760033521.5441759,No significant market change detected.
AUDJPY,down,0.95,1760033522.6175606,No significant market change detected.
AUDJPY,down,0.95,1760033523.3483677,No significant market change detected.
AUDJPY,down,0.95,1760033524.1829195,No significant market change detected.
AUDJPY,down,0.95,1760033524.6164496,No significant market change detected.
AUDJPY,down,0.95,1760033525.932794,No significant market change detected.
AUDJPY,down,0.95,1760033526.4299643,No significant market change detected.
AUDJPY,down,0.95,1760033526.9450703,No significant market change detected.
AUDJPY,down,0.95,1760033527.8375936,No significant market change detected.
AUDJPY,down,0.95,1760033533.7318656,No significant market change detected.
AUDJPY,down,0.95,1760033534.175564,No significant market change detected.
AUDJPY,down,0.95,1760033535.9367528,No significant market change detected.
AUDJPY,down,0.95,1760033538.377984,No significant market change detected.
AUDJPY,down,0.95,1760033540.0200593,No significant market change detected.
AUDJPY,down,0.95,1760033540.5631123,No significant market change detected.
AUDJPY,down,0.95,1760033541.7648535,No significant market change detected.
AUDJPY,down,0.95,1760033542.7650409,No significant market change detected.
AUDJPY,down,0.95,1760033543.2206461,No significant market change detected.
AUDJPY,down,0.95,1760033543.741777,No significant market change detected.
AUDJPY,down,0.95,1760033544.2175295,No significant market change detected.
AUDJPY,down,0.95,1760033544.7438107,No significant market change detected.
AUDJPY,down,0.95,1760033546.3649778,No significant market change detected.
AUDJPY,down,0.95,1760033546.8650875,No significant market change detected.
AUDJPY,down,0.95,1760033547.645593,No significant market change detected.
AUDJPY,down,0.95,1760033548.0956206,No significant market change detected.
AUDJPY,down,0.95,1760033548.8094738,No significant market change detected.
AUDJPY,down,0.95,1760033549.2854702,No significant market change detected.
AUDJPY,down,0.95,1760033549.7360053,No significant market change detected.
AUDJPY,down,0.95,1760033550.2059693,No significant market change detected.
AUDJPY,down,0.95,1760033550.7318137,No significant market change detected.
AUDJPY,down,0.95,1760033551.8157992,No significant market change detected.
AUDJPY,down,0.95,1760033552.259647,No significant market change detected.
AUDJPY,down,0.95,1760033553.0492136,No significant market change detected.
AUDJPY,down,0.95,1760033553.5215466,No significant market change detected.
AUDJPY,down,0.95,1760033554.3509004,No significant market change detected.
AUDJPY,down,0.95,1760033554.8269424,No significant market change detected.
AUDJPY,down,0.95,1760033555.270981,No significant market change detected.
AUDJPY,down,0.95,1760033555.721573,No significant market change detected.
AUDJPY,down,0.95,1760033556.1574454,No significant market change detected.
AUDJPY,down,0.95,1760033556.6020584,No significant market change detected.
AUDJPY,down,0.95,1760033558.046803,No significant market change detected.
AUDJPY,down,0.95,1760033558.5791886,No significant market change detected.
AUDJPY,down,0.95,1760033559.0424128,No significant market change detected.
AUDJPY,down,0.95,1760033560.5566313,No significant market change detected.
AUDJPY,down,0.95,1760033560.993314,No significant market change detected.
AUDJPY,down,0.95,1760033563.8074486,No significant market change detected.
AUDJPY,down,0.95,1760033564.2465775,No significant market change detected.
AUDJPY,down,0.95,1760033565.6081464,No significant market change detected.
AUDJPY,down,0.95,1760033566.1659586,No significant market change detected.
AUDJPY,down,0.95,1760033566.589136,No significant market change detected.
AUDJPY,down,0.95,1760033567.0167692,No significant market change detected.
AUDJPY,down,0.95,1760033567.533977,No significant market change detected.
AUDJPY,down,0.95,1760033568.391679,No significant market change detected.
AUDJPY,down,0.95,1760033568.9764032,No significant market change detected.
AUDJPY,down,0.95,1760033569.4345088,No significant market change detected.
AUDJPY,down,0.95,1760033569.9383333,No significant market change detected.
AUDJPY,down,0.95,1760033571.2219434,No significant market change detected.
AUDJPY,down,0.95,1760033571.6923814,No significant market change detected.
AUDJPY,down,0.95,1760033572.3707278,No significant market change detected.
AUDJPY,down,0.95,1760033572.8773403,No significant market change detected.
AUDJPY,down,0.95,1760033573.3435292,No significant market change detected.
AUDJPY,down,0.95,1760033573.8888204,No significant market change detected.
AUDJPY,down,0.95,1760033574.3493185,No significant market change detected.
AUDJPY,down,0.95,1760033574.888392,No significant market change detected.
AUDJPY,down,0.95,1760033575.3529139,No significant market change detected.
AUDJPY,down,0.95,1760033577.2010076,No significant market change detected.
AUDJPY,down,0.95,1760033577.8292289,No significant market change detected.
AUDJPY,down,0.95,1760033579.82203,No significant market change detected.
AUDJPY,down,0.95,1760033580.2770948,No significant market change detected.
AUDJPY,down,0.95,1760033581.3710644,No significant market change detected.
AUDJPY,down,0.95,1760033583.214651,No significant market change detected.
AUDJPY,down,0.95,1760033584.396359,No significant market change detected.
AUDJPY,down,0.95,1760033585.6558442,No significant market change detected.
AUDJPY,down,0.95,1760033586.1714709,No significant market change detected.
AUDJPY,down,0.95,1760033586.7155743,No significant market change detected.
AUDJPY,down,0.95,1760033587.6041744,No significant market change detected.
AUDJPY,down,0.95,1760033588.1881967,No significant market change detected.
AUDJPY,down,0.95,1760033588.7407727,No significant market change detected.
AUDJPY,down,0.95,1760033589.3602295,No significant market change detected.
AUDJPY,down,0.95,1760033590.3513277,No significant market change detected.
AUDJPY,down,0.95,1760033590.8294044,No significant market change detected.
AUDJPY,down,0.95,1760033591.340704,No significant market change detected.
AUDJPY,down,0.95,1760033591.8002503,No significant market change detected.
AUDJPY,down,0.95,1760033592.2734172,No significant market change detected.
AUDJPY,down,0.95,1760033593.4591446,No significant market change detected.
AUDJPY,down,0.95,1760033594.5614738,No significant market change detected.
AUDJPY,down,0.95,1760033596.1907344,No significant market change detected.
AUDJPY,down,0.95,1760033596.6400907,No significant market change detected.
AUDJPY,down,0.95,1760033597.1201398,No significant market change detected.
AUDJPY,down,0.95,1760033597.5805917,No significant market change detected.
AUDJPY,down,0.95,1760033598.5640075,No significant market change detected.
AUDJPY,down,0.95,1760033599.1845381,No significant market change detected.
AUDJPY,down,0.95,1760033600.0969913,No significant market change detected.
AUDJPY,down,0.95,1760033601.5921803,No significant market change detected.
AUDJPY,down,0.95,1760033602.0934339,No significant market change detected.
AUDJPY,down,0.95,1760033603.0926878,No significant market change detected.
AUDJPY,down,0.95,1760033603.5545542,No significant market change detected.
AUDJPY,down,0.95,1760033604.0107257,No significant market change detected.
AUDJPY,down,0.95,1760033604.4991558,No significant market change detected.
AUDJPY,down,0.95,1760033605.0194998,No significant market change detected.
AUDJPY,down,0.95,1760033605.4991448,No significant market change detected.
AUDJPY,down,0.95,1760033606.065776,No significant market change detected.
AUDJPY,down,0.95,1760033607.014141,No significant market change detected.
AUDJPY,down,0.95,1760033607.4648893,No significant market change detected.
AUDJPY,down,0.95,1760033607.93953,No significant market change detected.
AUDJPY,down,0.95,1760033608.4726849,No significant market change detected.
AUDJPY,down,0.95,1760033608.97885,No significant market change detected.
AUDJPY,down,0.95,1760033609.5710242,No significant market change detected.
AUDJPY,down,0.95,1760033610.3713794,No significant market change detected.
AUDJPY,down,0.95,1760033610.8342314,No significant market change detected.
AUDJPY,down,0.95,1760033612.1737025,No significant market change detected.
AUDJPY,down,0.95,1760033612.650705,No significant market change detected.
AUDJPY,down,0.95,1760033613.139885,No significant market change detected.
AUDJPY,down,0.95,1760033613.6117337,No significant market change detected.
AUDJPY,down,0.95,1760033614.1135483,No significant market change detected.
AUDJPY,down,0.95,1760033616.355096,No significant market change detected.
AUDJPY,down,0.95,1760033617.0083835,No significant market change detected.
AUDJPY,down,0.95,1760033617.491085,No significant market change detected.
AUDJPY,down,0.95,1760033617.930675,No significant market change detected.
AUDJPY,down,0.95,1760033618.8348615,No significant market change detected.
AUDJPY,down,0.95,1760033619.969163,No significant market change detected.
AUDJPY,down,0.95,1760033620.4014502,No significant market change detected.
AUDJPY,down,0.95,1760033620.9208858,No significant market change detected.
AUDJPY,down,0.95,1760033621.6006677,No significant market change detected.
AUDJPY,down,0.95,1760033622.8040047,No significant market change detected.
AUDJPY,down,0.95,1760033623.5768833,No significant market change detected.
AUDJPY,down,0.95,1760033624.4217772,No significant market change detected.
AUDJPY,down,0.95,1760033625.58349,No significant market change detected.
AUDJPY,down,0.95,1760033626.8507578,No significant market change detected.
AUDJPY,down,0.95,1760033627.272334,No significant market change detected.
AUDJPY,down,0.95,1760033627.7097147,No significant market change detected.
AUDJPY,down,0.95,1760033628.1499026,No significant market change detected.
AUDJPY,down,0.95,1760033628.5900824,No significant market change detected.
AUDJPY,down,0.95,1760033629.1050718,No significant market change detected.
AUDJPY,down,0.95,1760033629.584332,No significant market change detected.
AUDJPY,down,0.95,1760033630.0201514,No significant market change detected.
AUDJPY,down,0.95,1760033630.5926688,No significant market change detected.
AUDJPY,down,0.95,1760033631.1068993,No significant market change detected.
AUDJPY,down,0.95,1760033631.5582983,No significant market change detected.
AUDJPY,down,0.95,1760033632.0603788,No significant market change detected.
AUDJPY,down,0.95,1760033632.986023,No significant market change detected.
AUDJPY,down,0.95,1760033633.4865417,No significant market change detected.
AUDJPY,down,0.95,1760033633.925085,No significant market change detected.
AUDJPY,down,0.95,1760033635.40202,No significant market change detected.
AUDJPY,down,0.95,1760033636.5805879,No significant market change detected.
AUDJPY,down,0.95,1760033638.0138195,No significant market change detected.
AUDJPY,down,0.95,1760033638.44307,No significant market change detected.
AUDJPY,down,0.95,1760033639.1595755,No significant market change detected.
AUDJPY,down,0.95,1760033639.8062065,No significant market change detected.
AUDJPY,down,0.95,1760033640.2916403,No significant market change detected.
AUDJPY,down,0.95,1760033640.7269967,No significant market change detected.
AUDJPY,down,0.95,1760033642.1867192,No significant market change detected.
AUDJPY,down,0.95,1760033643.1852791,No significant market change detected.
AUDJPY,down,0.95,1760033643.63119,No significant market change detected.
AUDJPY,down,0.95,1760033644.7919962,No significant market change detected.
AUDJPY,down,0.95,1760033645.2415226,No significant market change detected.
AUDJPY,down,0.95,1760033646.4477222,No significant market change detected.
AUDJPY,down,0.95,1760033647.006868,No significant market change detected.
AUDJPY,down,0.95,1760033647.479171,No significant market change detected.
AUDJPY,down,0.95,1760033648.0259254,No significant market change detected.
AUDJPY,down,0.95,1760033648.5044286,No significant market change detected.
AUDJPY,down,0.95,1760033650.837558,No significant market change detected.
AUDJPY,down,0.95,1760033651.3113241,No significant market change detected.
AUDJPY,down,0.95,1760033653.2629654,No significant market change detected.
AUDJPY,down,0.95,1760033653.7698557,No significant market change detected.
AUDJPY,down,0.95,1760033654.2238266,No significant market change detected.
AUDJPY,down,0.95,1760033654.6472404,No significant market change detected.
AUDJPY,down,0.95,1760033655.1242244,No significant market change detected.
AUDJPY,down,0.95,1760033655.589453,No significant market change detected.
AUDJPY,down,0.95,1760033656.0394864,No significant market change detected.
AUDJPY,down,0.95,1760033656.8036957,No significant market change detected.
AUDJPY,down,0.95,1760033657.289365,No significant market change detected.
AUDJPY,down,0.95,1760033657.8443363,No significant market change detected.
AUDJPY,down,0.95,1760033658.295199,No significant market change detected.
AUDJPY,down,0.95,1760033658.7549531,No significant market change detected.
AUDJPY,down,0.95,1760033659.2974172,No significant market change detected.
AUDJPY,down,0.95,1760033660.0576134,No significant market change detected.
AUDJPY,down,0.95,1760033660.504249,No significant market change detected.
AUDJPY,down,0.95,1760033661.003953,No significant market change detected.
AUDJPY,down,0.95,1760033661.4521673,No significant market change detected.
AUDJPY,down,0.95,1760033661.9406545,No significant market change detected.
AUDJPY,down,0.95,1760033662.4053068,No significant market change detected.
AUDJPY,down,0.95,1760033663.6092384,No significant market change detected.
AUDJPY,down,0.95,1760033664.0506704,No significant market change detected.
AUDJPY,down,0.95,1760033664.8791895,No significant market change detected.
AUDJPY,down,0.95,1760033666.1807532,No significant market change detected.
AUDJPY,down,0.95,1760033666.6226416,No significant market change detected.
AUDJPY,down,0.95,1760033667.3634653,No significant market change detected.
AUDJPY,down,0.95,1760033668.4197066,No significant market change detected.
AUDJPY,down,0.95,1760033669.21758,No significant market change detected.
AUDJPY,down,0.95,1760033670.4181592,No significant market change detected.
AUDJPY,down,0.95,1760033670.846677,No significant market change detected.
AUDJPY,down,0.95,1760033671.3211968,No significant market change detected.
AUDJPY,down,0.95,1760033671.7761087,No significant market change detected.
AUDJPY,down,0.95,1760033672.2217343,No significant market change detected.
AUDJPY,down,0.95,1760033672.92945,No significant market change detected.
AUDJPY,down,0.95,1760033673.4030666,No significant market change detected.
AUDJPY,down,0.95,1760033674.250385,No significant market change detected.
AUDJPY,down,0.95,1760033674.8555465,No significant market change detected.
AUDJPY,down,0.95,1760033675.8245888,No significant market change detected.
AUDJPY,down,0.95,1760033676.987789,No significant market change detected.
AUDJPY,down,0.95,1760033677.4494352,No significant market change detected.
AUDJPY,down,0.95,1760033678.449259,No significant market change detected.
AUDJPY,down,0.95,1760033679.787002,No significant market change detected.
AUDJPY,down,0.95,1760033680.2550573,No significant market change detected.
AUDJPY,down,0.95,1760033681.2565792,No significant market change detected.
AUDJPY,down,0.95,1760033682.0742607,No significant market change detected.
AUDJPY,down,0.95,1760033682.8446622,No significant market change detected.
AUDJPY,down,0.95,1760033683.3280754,No significant market change detected.
AUDJPY,down,0.95,1760033683.7792385,No significant market change detected.
AUDJPY,down,0.95,1760033684.307673,No significant market change detected.
AUDJPY,down,0.95,1760033685.2317553,No significant market change detected.
AUDJPY,down,0.95,1760033686.5940242,No significant market change detected.
AUDJPY,down,0.95,1760033687.0537088,No significant market change detected.
AUDJPY,down,0.95,1760033687.542198,No significant market change detected.
AUDJPY,down,0.95,1760033688.0106091,No significant market change detected.
AUDJPY,down,0.95,1760033688.6048732,No significant market change detected.
AUDJPY,down,0.95,1760033689.1335578,No significant market change detected.
AUDJPY,down,0.95,1760033689.6072824,No significant market change detected.
AUDJPY,down,0.95,1760033690.035541,No significant market change detected.
AUDJPY,down,0.95,1760033690.8418984,No significant market change detected.
AUDJPY,down,0.95,1760033691.6063874,No significant market change detected.
AUDJPY,down,0.95,1760033692.1221728,No significant market change detected.
AUDJPY,down,0.95,1760033694.2859397,No significant market change detected.
AUDJPY,down,0.95,1760033695.0176814,No significant market change detected.
AUDJPY,down,0.95,1760033695.507645,No significant market change detected.
AUDJPY,down,0.95,1760033696.0014546,No significant market change detected.
AUDJPY,down,0.95,1760033697.9715173,No significant market change detected.
AUDJPY,down,0.95,1760033698.4525676,No significant market change detected.
AUDJPY,down,0.95,1760033698.9639802,No significant market change detected.
AUDJPY,down,0.95,1760033699.4504163,No significant market change detected.
AUDJPY,down,0.95,1760033716.065349,"Based on the provided account data and the current market indicators for AUDJPY, here are the insights and suggested actions:

### Current Account Status:
- **Balance**: $0.32
- **Equity**: $0.32
- **Free Margin**: $0.32
- **Margin**: $0.00
- **Closed Trades**: 10 total, all with a profit/loss of $0.00, indicating no successful trades or trades that have resulted in any gains or losses.

### Market Analysis:
- **Symbol**: AUDJPY
- **Direction**: Down
- **Confidence**: 0.95 (high confidence)
- **EMA Fast**: 100.45023
- **EMA Slow**: 100.46505
- **RSI**: 41.97778 (indicates a neutral to slightly bearish sentiment)
- **MACD**: -0.01482 (suggests a bearish trend as it is below zero)

### Technical Indicators:
1. **EMA Analysis**: The fast EMA is below the slow EMA, which typically indicates a bearish trend. This aligns with your intention to trade downwards.
2. **RSI**: The RSI value is below 50, suggesting that the market is in a bearish phase, but not yet in the oversold territory (below 30).
3. **MACD**: The negative MACD value supports the bearish outlook.

### Position History:
- Your previous trades have not yielded any profits, indicating that you may need to reassess your trading strategy or the conditions under which you enter trades.

### Suggested Action:
Given the current balance of $0.32, it is important to note that you do not have sufficient funds to open any new positions. Here are the recommended steps:

1. **Wait for More Capital**: Since your account balance is very low, consider waiting until you have more funds available to trade. Trading with such a low balance can lead to significant risks and potential losses.
  
2. **Monitor the Market**: Keep an eye on the AUDJPY market conditions. If the bearish trend continues and you gain additional funds, you can consider opening a sell position when the market conditions are favorable.

3. **Reassess Trading Strategy**: Analyze your previous trades to identify any patterns or mistakes. Consider adjusting your trading strategy based on technical analysis and market conditions.

4. **Consider a Demo Account**"
AUDJPY,down,0.95,1760033716.1517851,No significant market change detected.
AUDJPY,down,0.95,1760033716.236025,No significant market change detected.
AUDJPY,down,0.95,1760033716.320148,No significant market change detected.
AUDJPY,down,0.95,1760033716.4059668,No significant market change detected.
AUDJPY,down,0.95,1760033716.5280213,No significant market change detected.
AUDJPY,down,0.95,1760033718.632837,No significant market change detected.
AUDJPY,down,0.95,1760033719.4636233,No significant market change detected.
AUDJPY,down,0.95,1760033720.6392431,No significant market change detected.
AUDJPY,down,0.95,1760033721.1212435,No significant market change detected.
AUDJPY,down,0.95,1760033721.6283438,No significant market change detected.
AUDJPY,down,0.95,1760033722.172035,No significant market change detected.
AUDJPY,down,0.95,1760033722.624775,No significant market change detected.
AUDJPY,down,0.95,1760033724.1998665,No significant market change detected.
AUDJPY,down,0.95,1760033724.666787,No significant market change detected.
AUDJPY,down,0.95,1760033725.1029434,No significant market change detected.
AUDJPY,down,0.95,1760033725.5661774,No significant market change detected.
AUDJPY,down,0.95,1760033726.0761843,No significant market change detected.
AUDJPY,down,0.95,1760033726.5291502,No significant market change detected.
AUDJPY,down,0.95,1760033727.0364444,No significant market change detected.
AUDJPY,down,0.95,1760033727.4906614,No significant market change detected.
AUDJPY,down,0.95,1760033729.506862,No significant market change detected.
AUDJPY,down,0.95,1760033729.9536152,No significant market change detected.
AUDJPY,down,0.95,1760033730.6295638,No significant market change detected.
AUDJPY,down,0.95,1760033731.421242,No significant market change detected.
AUDJPY,down,0.95,1760033732.5454004,No significant market change detected.
AUDJPY,down,0.95,1760033733.0838828,No significant market change detected.
AUDJPY,down,0.95,1760033733.5920925,No significant market change detected.
AUDJPY,down,0.95,1760033734.5083966,No significant market change detected.
AUDJPY,down,0.95,1760033734.9814925,No significant market change detected.
AUDJPY,down,0.95,1760033735.4715111,No significant market change detected.
AUDJPY,down,0.95,1760033735.9239597,No significant market change detected.
AUDJPY,down,0.95,1760033736.3964214,No significant market change detected.
AUDJPY,down,0.95,1760033736.8599908,No significant market change detected.
AUDJPY,down,0.95,1760033737.3441496,No significant market change detected.
AUDJPY,down,0.95,1760033737.8350391,No significant market change detected.
AUDJPY,down,0.95,1760033738.3175528,No significant market change detected.
AUDJPY,down,0.95,1760033738.7658694,No significant market change detected.
AUDJPY,down,0.95,1760033739.217335,No significant market change detected.
AUDJPY,down,0.95,1760033740.6414316,No significant market change detected.
AUDJPY,down,0.95,1760033741.1230628,No significant market change detected.
AUDJPY,down,0.95,1760033741.617006,No significant market change detected.
AUDJPY,down,0.95,1760033743.4369333,No significant market change detected.
AUDJPY,down,0.95,1760033743.9585128,No significant market change detected.
AUDJPY,down,0.95,1760033744.4997537,No significant market change detected.
AUDJPY,down,0.95,1760033744.9802089,No significant market change detected.
AUDJPY,down,0.95,1760033745.4530437,No significant market change detected.
AUDJPY,down,0.95,1760033745.901165,No significant market change detected.
AUDJPY,down,0.95,1760033746.3605754,No significant market change detected.
AUDJPY,down,0.95,1760033746.8345022,No significant market change detected.
AUDJPY,down,0.95,1760033748.6481872,No significant market change detected.
AUDJPY,down,0.95,1760033749.0993352,No significant market change detected.
AUDJPY,down,0.95,1760033750.0340672,No significant market change detected.
AUDJPY,down,0.95,1760033750.998249,No significant market change detected.
AUDJPY,down,0.95,1760033752.0196595,No significant market change detected.
AUDJPY,down,0.95,1760033753.0369592,No significant market change detected.
AUDJPY,down,0.95,1760033754.455074,No significant market change detected.
AUDJPY,down,0.95,1760033755.0412521,No significant market change detected.
AUDJPY,down,0.95,1760033755.5509577,No significant market change detected.
AUDJPY,down,0.95,1760033756.2577403,No significant market change detected.
AUDJPY,down,0.95,1760033757.0831676,No significant market change detected.
AUDJPY,down,0.95,1760033757.5150378,No significant market change detected.
AUDJPY,down,0.95,1760033757.9618094,No significant market change detected.
AUDJPY,down,0.95,1760033758.496521,No significant market change detected.
AUDJPY,down,0.95,1760033759.0568194,No significant market change detected.
AUDJPY,down,0.95,1760033759.5509646,No significant market change detected.
AUDJPY,down,0.95,1760033760.0497832,No significant market change detected.
AUDJPY,down,0.95,1760033760.6457622,No significant market change detected.
AUDJPY,down,0.95,1760033761.4485762,No significant market change detected.
AUDJPY,down,0.95,1760033761.9000943,No significant market change detected.
AUDJPY,down,0.95,1760033762.4015481,No significant market change detected.
AUDJPY,down,0.95,1760033762.8800395,No significant market change detected.
AUDJPY,down,0.95,1760033765.4413247,No significant market change detected.
AUDJPY,down,0.95,1760033767.627159,No significant market change detected.
AUDJPY,down,0.95,1760033768.2149003,No significant market change detected.
AUDJPY,down,0.95,1760033769.4239135,No significant market change detected.
AUDJPY,down,0.95,1760033769.861141,No significant market change detected.
AUDJPY,down,0.95,1760033772.0472653,No significant market change detected.
AUDJPY,down,0.95,1760033772.4785464,No significant market change detected.
AUDJPY,down,0.95,1760033775.212104,No significant market change detected.
AUDJPY,down,0.95,1760033775.6897252,No significant market change detected.
AUDJPY,down,0.95,1760033778.113726,No significant market change detected.
AUDJPY,down,0.95,1760033779.0724595,No significant market change detected.
AUDJPY,down,0.95,1760033779.6434562,No significant market change detected.
AUDJPY,down,0.95,1760033780.2705753,No significant market change detected.
AUDJPY,down,0.95,1760033780.7459013,No significant market change detected.
AUDJPY,down,0.95,1760033781.2627308,No significant market change detected.
AUDJPY,down,0.95,1760033782.2532823,No significant market change detected.
AUDJPY,down,0.95,1760033782.7034693,No significant market change detected.
AUDJPY,down,0.95,1760033783.649455,No significant market change detected.
AUDJPY,down,0.95,1760033784.2267709,No significant market change detected.
AUDJPY,down,0.95,1760033786.6180055,No significant market change detected.
AUDJPY,down,0.95,1760033787.217966,No significant market change detected.
AUDJPY,down,0.95,1760033787.7195122,No significant market change detected.
AUDJPY,down,0.95,1760033788.2572277,No significant market change detected.
AUDJPY,down,0.95,1760033788.7420893,No significant market change detected.
AUDJPY,down,0.95,1760033789.2940793,No significant market change detected.
AUDJPY,down,0.95,1760033790.6096404,No significant market change detected.
AUDJPY,down,0.95,1760033791.1006632,No significant market change detected.
AUDJPY,down,0.95,1760033791.5265613,No significant market change detected.
AUDJPY,down,0.95,1760033791.9787595,No significant market change detected.
